year,province_en,province_cn,assessment_status,actual_total_rate,actual_nonhydro_rate,total_weight_binding,nonhydro_weight_binding,total_gap,nonhydro_gap,met_total,met_nonhydro,wind_curtailment_pct,solar_curtailment_pct,gdp,gdp_per_capita,population_year_end,primary_industry,secondary_industry,tertiary_industry,retail_sales,secondary_industry_share,tertiary_industry_share,hydro_capacity,thermal_capacity,wind_capacity,solar_capacity,wind_generation,solar_generation,wind_util_hours,solar_util_hours,total_electricity_consumption,interprovincial_export,cross_province_outflow_gwh_cross_province_outflow,electricity_generation_gwh_hydro,electricity_generation_gwh_solar,electricity_generation_gwh_thermal,electricity_generation_gwh_total,electricity_generation_gwh_wind,grid_investment_million_yuan_grid,installed_capacity_mw_hydro,installed_capacity_mw_solar,installed_capacity_mw_thermal,installed_capacity_mw_total,installed_capacity_mw_wind,line_loss_rate_pct_grid_company,new_generation_capacity_mw_solar,new_generation_capacity_mw_thermal,new_generation_capacity_mw_total,new_generation_capacity_mw_wind,total_electricity_consumption_gwh_total,transformer_capacity_35kv_plus_mva_35kv_plus_total,transmission_line_length_35kv_plus_km_35kv_plus,utilization_hours_hydro,utilization_hours_solar,utilization_hours_thermal,utilization_hours_total,utilization_hours_wind,wind_utilization_rate,solar_utilization_rate,nonhydro_weight_expected,nonhydro_weight_incentive,total_weight_expected,total_weight_incentive,actual_total_qty,total_exceed,total_target_status,nonhydro_target_status,assessed,electricity_consumption_macro,energy_industry_investment,fa_investment_growth,fiscal_expenditure,fiscal_revenue,highway_mileage,industrial_value_added,infra_investment_growth,manufacturing_investment_growth,power_investment_growth,railway_mileage,rd_expenditure,resident_population,total_import_export,urban_population,urbanization_rate,total_generation_macro,state_power_invest_macro,hydro_generation_macro,thermal_generation_macro,coal_consumption_macro,power_steam_hotwater_invest_macro,electricity_consumption_macro2,energy_industry_invest_macro,delta_target_pp,distributed_solar_capacity_mw,line_loss_amount_gwh,line_loss_rate_pct_yb,power_sales_gwh,power_supply_gwh,cross_province_export_gwh,cross_province_export_growth,transmission_line_35kv_plus_circuit_km,transmission_line_35kv_plus_pole_km,transformer_35kv_plus_total_mva,transformer_35kv_plus_self_mva,transformer_35kv_plus_station_mva,new_capacity_total_mw,new_capacity_hydro_mw,new_capacity_thermal_mw,new_capacity_wind_mw,new_capacity_solar_mw,power_invest_total_million_yuan,power_invest_hydro_million_yuan,power_invest_thermal_million_yuan,power_invest_planned_completion_million_yuan,power_invest_cumulative_million_yuan,coal_consumption_rate_g_kwh,util_hours_wind_6000kw,util_hours_hydro_6000kw,util_hours_thermal_6000kw,so2_emission_10k_tons,green_coverage_pct,forest_coverage_pct,above_scale_industrial_profit,above_scale_industrial_revenue,above_scale_industrial_enterprise_num,above_scale_industrial_assets,fixed_asset_investment,real_estate_investment,manufacturing_investment,highway_mileage_macro,railway_mileage_macro,post_telecom_business_volume,total_import_export_macro,export_total,import_total,resident_population_macro,urban_population_macro,population_density,fiscal_revenue_macro,fiscal_expenditure_macro,energy_intensity,total_generation_macro2,thermal_generation_macro2,hydro_generation_macro2,coal_consumption_macro2,nonhydro_weight_binding_2025,delta_total_target,delta_nonhydro_target,wind_capacity_mw,solar_capacity_mw,wind_cap_growth_pct,solar_cap_growth_pct,wind_generation_twh,solar_generation_twh,total_generation_twh,re_share_of_generation,wind_utilization_hours,solar_utilization_hours,total_consumption_twh,consumption_growth_pct,cross_provincial_export_mwkwh,export_ratio_pct,gdp_growth_pct,electricity_intensity,per_capita_consumption,energy_fixed_invest_100myuan,industrial_value_added_100myuan,coal_consumption_10kton,so2_emission_ton,wastewater_emission_10kton,total_trade_1000usd,fiscal_revenue_100myuan,fiscal_expenditure_100myuan,foreign_investment_100myuan,urban_population_10k,highway_km,natural_gas_consumption,power_sector_invest_100myuan,power_invest_growth_pct,pollution_control_invest,pollution_control_invest_10kyuan,v4_assessment_status,v4_met_total,v4_met_nonhydro,v4_total_gap,v4_nonhydro_gap,v4_total_weight_binding,v4_secondary_industry_share,yb_cross_region_outflow_gwh,yb_heat_supply_capacity_mw,yb_heat_supply_gj,yb_new_transmission_line_110kv_km,yb_power_project_construction_scale_mw,yb_power_project_new_started_mw,yb_power_project_under_construction_mw,yb_transformer_capacity_110kv_mva,green_power_pct_cement,green_power_pct_data_center,green_power_pct_electrolytic_aluminum,green_power_pct_polysilicon,green_power_pct_steel,sample_scope,rps_total_weight_binding,rps_total_weight_expected,rps_nonhydro_weight_binding,rps_nonhydro_weight_expected,solar_cf_mean,solar_cf_cv,wind_cf_mean,wind_cf_cv,delta_target_i,yb_power_project_construction_scale_cap10kw,yb_power_project_new_started_cap10kw,yb_power_project_under_construction_cap10kw
2015,Anhui,,pre_rps,9.6,3.9,,,,,-1.0,-1.0,,,,,,,,,,,,,,,,,,,,,,,,,,,,,,,,,,,,,,,,,,,,,,,,,,,,,,,,,,,,,,,,,,,,,,,,,,,,,,,,,,,,,,,,,,,,,,,,,,,,,,,,,,,,,,,,,,,,,,,,,,,,,,,,,,,,,,,,,,,,,,,,,,,,,,,,,,,401.0,11008.7,7660.0,33.79,256868.0,168845931.0,2544.24,4001.58,5465.0,2519.0,10.46,,378.0,,526.6,446910.0,,,,,,,,,,,,,,,,,,,,,main,,,,,497.07180464225394,1.387732441604118,383.3408194054308,0.8923935162593997,3.8000000000000007,,,
2016,Anhui,,pre_rps,12.3,6.1,,,,,-1.0,-1.0,,,,,,,,,,,,,,,,,,,,,,,,,,,,,,,,,,,,,,,,,,,,,,,,,,,,,,,,,,,,,,,,,,,,,,,,,,,,,,,,,,,,,,,,,,,,,,,,,,,,,,,,,,,,,,,,,,,,,,,,,,,,,,,,,,,,,,,,,,,,,,,,,,,,,,,,,,,981.98,4357.1,36675.0,56.95,104696.0,11640301.0,2016.43,4512.71,284.0,1544.0,19.61,0.27,824.66,,756.5,406191.0,,,,,,,,4673527.0,1279.0,48570954.0,4042.0,319.0,161.0,318.0,1570.0,,,,,,main,,,,,497.07180464225394,1.387732441604118,383.3408194054308,0.8923935162593997,3.8000000000000007,,,
2017,Anhui,安徽,pre-rps,14.3,8.8,,,,,,,,,29676.2,49092.0,6057.0,2582.3,12681.2,14412.7,14328.8,0.4273188615793127,0.4856652805952244,310.0,5053.0,217.0,888.0,41.0,62.0,2006.0,992.0,1921.0,5549967.0,5549967.0,57.0,62.0,2311.0,2470.0,41.0,2258110.0,310.0,888.0,5053.0,6468.0,217.0,7.18,758.0,148.0,965.0,43.0,1921.0,3196.0,70021.0,1786.0,992.0,4595.0,4099.0,2006.0,,,,,,,274.0,,,,,1921.48,1081.02,6.6,6203.81,2812.45,20.33,9739.9,,,,0.43,4361175.0,6057.0,54021626.0,3288.0,0.54284299157999,2456.28,322.0,52.97,2318.32,16084.62,1000.21,1921.48,1081.02,3.8000000000000007,,115.0,7.18,1483.0,1598.0,5549967.0,18.75,70021.0,61174.0,3196.0,1267.0,373.0,965.0,16.0,148.0,43.0,758.0,830175.0,117625.0,382874.0,827848.0,1985535.0,145.39999999999998,2006.0,1786.0,4595.0,19.54,42.2,28.7,2352.44,43110.37,18883.0,35039.74,6.6,5612.47,,0.42,0.43,,16977630.0,9196643.0,20980620.0,6057.0,3288.0,2535.0,2812.45,6203.81,-5.3,2456.28,2318.32,52.97,16084.62,0.243,,,133.0,814.0,,,25.0,56.0,814.0,9.950859950859952,1879.6992481203008,687.960687960688,4193.0,,1604826.0,3.8273932745051273,,141.2916748101172,692.2568928512464,164.0,2020.5,6361.0,13.13,,4826333.0,815.73,3304.44,146.0,1214.0,14.23,0.6,143.0,,443.5,74957.0,assessed,,,,,,0.4273188615793127,5549967.0,1262.0,43967758.0,1819.0,350.0,165.0,332.0,822.0,,,,,,main,,,,,497.07180464225394,1.387732441604118,383.3408194054308,0.8923935162593997,3.8000000000000007,,,
2018,Anhui,安徽,binding,14.9,11.0,13.0,9.5,,,0.0,0.0,0.0,0.0,34010.9,56063.0,6076.0,2638.0,14094.4,17278.5,16156.2,0.4144083220379349,0.5080283085716638,312.0,5413.0,246.0,1118.0,50.0,104.0,2150.0,1065.0,2135.0,6458139.0,6458139.0,53.0,104.0,2519.0,2726.0,50.0,3109383.0,312.0,1118.0,5413.0,7089.0,246.0,6.94,345.0,353.0,724.0,24.0,2135.0,3285.0,73017.0,1674.0,1065.0,5005.0,4327.0,2150.0,,,,10.5,,14.3,317.06,1.9,完成,完成,1.0,2135.07,,11.8,6572.15,3048.67,20.88,10639.8,7.0,33.3,-19.4,0.43,4973027.0,6076.0,62840317.0,3381.0,0.5564516129032258,2734.49,,53.84,2533.74,16673.06,,2135.07,,3.8000000000000007,238.5,125.0,6.94,1672.0,1797.0,6458139.0,16.36,73017.0,64944.0,3285.0,1300.0,382.0,724.0,2.0,353.0,24.0,345.0,842611.0,185409.0,493365.0,924113.0,2139712.0,140.15,2150.0,1674.0,5005.0,16.27,42.5,28.7,2448.2,39354.9,19421.0,37599.7,11.8,5974.11,33.3,0.49,0.43,,19429934.0,10728827.0,22915911.0,6076.0,3381.0,2599.0,3048.67,6572.15,,2734.49,2533.74,53.84,16673.06,0.243,,,148.0,1138.0,13.364055299539167,25.900900900900893,31.0,100.0,1138.0,11.511423550087873,2094.5945945945946,878.7346221441124,4533.0,11.14003123373244,2065036.0,4.555561438341055,14.606654490804072,133.28080115492386,746.0500329163924,,5101.9,7340.0,10.06,,62302266.0,1681.45,5310.74,,2564.0,12.54,0.19,,-13.4,586.7,58273.0,assessed,,,,,,0.4144083220379349,6458139.0,1643.0,15811284.0,3559.0,209.0,13.0,202.0,1278.0,,,,,,main,,,,,497.07180464225394,1.387732441604118,383.3408194054308,0.8923935162593997,3.8000000000000007,,,
2019,Anhui,安徽,binding,15.7,12.3,13.5,10.5,,,0.0,0.0,0.0,0.0,36845.5,60561.0,6092.0,2916.0,14970.0,18959.5,17689.2,0.4062911346025973,0.5145675862724077,345.0,5521.0,274.0,1254.0,47.0,125.0,1809.0,1102.0,2301.0,7294943.0,7294943.0,51.0,125.0,2657.0,2880.0,47.0,1461847.0,345.0,1254.0,5521.0,7394.0,274.0,6.7,137.0,140.0,343.0,30.0,2301.0,3402.0,77308.0,1435.0,1102.0,4838.0,4155.0,1809.0,,,,11.6,,14.9,363.0,2.2,完成,完成,1.0,2301.0,,9.2,7392.22,3182.71,21.83,11181.7,13.1,10.1,-3.7,0.48,5765371.0,6092.0,68730324.0,3474.0,0.5702560735390676,2886.67,,51.09,2663.97,16699.74,,2301.0,,3.8000000000000007,263.0,131.0,6.7,1822.0,1953.0,7294943.0,12.96,77308.0,68136.0,3402.0,1316.0,409.0,343.0,36.0,140.0,30.0,137.0,655360.0,176099.0,252138.0,661332.0,1769211.0,152.2,1809.0,1435.0,4838.0,15.1,42.7,,2254.3,,17761.0,38346.46,9.2,6670.48,10.1,0.54,0.48,,19554196.0,11247991.0,23923379.0,6092.0,3474.0,2663.0,3182.71,7392.22,,2886.67,2663.97,51.09,16699.74,0.243,,,160.0,1339.0,11.382113821138207,12.164579606440062,33.0,119.0,1339.0,11.35175504107543,2062.5,888.722927557879,4706.0,7.775175644028098,2112465.0,4.488875903102422,8.334386917135394,127.72251699664815,772.4885095206829,,11181.7,16700.0,15.1,,68730324.0,3182.71,7392.22,1057.0,3474.0,21.83,2.12,,-3.7,437.7,270492.0,assessed,,,,,,0.4062911346025973,7294943.0,2399.0,19064305.0,5320.0,344.0,114.0,344.0,2122.0,,,,,,main,,,,,497.07180464225394,1.387732441604118,383.3408194054308,0.8923935162593997,3.8000000000000007,,,
2020,Anhui,安徽,binding,17.6,13.6,15.0,12.5,,,0.0,0.0,0.0,0.0,38061.5,62411.0,6105.0,3185.0,15216.5,19660.1,17991.2,0.399787186527068,0.5165350813814484,474.0,5561.0,412.0,1370.0,57.0,130.0,1819.0,1071.0,2428.0,7821715.0,7821715.0,66.0,130.0,2531.0,2785.0,57.0,1461847.0,474.0,1370.0,5561.0,7816.0,412.0,6.2,116.0,61.0,446.0,134.0,2428.0,3493.0,83036.0,1673.0,1071.0,4577.0,3912.0,1819.0,,,,13.8,,16.7,427.0,2.6,完成,完成,1.0,2428.0,,5.1,7473.59,3216.01,23.65,11235.5,10.6,-5.6,11.9,0.53,6394211.0,6105.0,78704041.0,3561.0,0.5832923832923833,2808.98,,66.21,2555.84,,,2428.0,,3.8000000000000007,294.5,127.0,6.2,1919.0,2046.0,7821715.0,7.22,83036.0,70608.0,3493.0,1340.0,292.0,446.0,136.0,61.0,134.0,116.0,809648.0,230996.0,208521.0,787370.0,3079549.0,149.55,1819.0,1673.0,4577.0,10.86,42.0,,2439.55,,18447.0,43846.63,5.1,7042.29,-5.6,0.58,0.53,,22400270.0,12564255.0,27444449.0,6105.0,3561.0,2655.0,3216.01,7473.59,,2808.98,2555.84,66.21,,0.243,,,412.0,887.0,50.364963503649626,9.250398724082931,56.76,130.16,2809.0,,,,2428.0,5.519339417644509,7821715.0,,3.300267332510076,63.7914953430632,397.7067977067977,,6768.5,,16.05,,21842015.0,2296.57,5110.87,496.0,2182.0,14.43,85.93,,20.4,208.4,284910.0,assessed,1.0,1.0,2.6000000000000014,1.0999999999999996,15.0,0.399787186527068,7821715.0,2200.0,21294100.0,2649.0,332.0,95.0,317.0,2542.0,,,,,,main,,,,,497.07180464225394,1.387732441604118,383.3408194054308,0.8923935162593997,3.8000000000000007,1051.0,316.0,1018.0
2021,Anhui,安徽,binding,19.3,16.0,16.0,14.0,,,0.0,0.0,0.0,0.0,42565.2,69676.0,6113.0,3363.9,17240.1,21961.1,20858.8,0.4050280510839841,0.5159402516609812,507.0,5740.0,511.0,1707.0,107.0,155.0,2259.0,1128.0,2715.0,8662802.0,8662802.0,80.72,154.5,2741.26,3083.0,106.91,1419576.0,507.0,1707.0,5740.0,8466.0,511.0,,,74.0,545.0,,2715.0,3570.0,88007.0,1565.0,1128.0,4739.0,3955.0,2259.0,100.0,100.0,,15.4,,17.6,524.0,3.3,完成,完成,1.0,2715.0,,9.4,7591.05,3498.19,23.74,12790.8,7.4,14.6,3.7,0.54,7391200.0,6113.0,105240000.0,3631.0,0.5939800425323082,3083.39,,,,,,2715.0,,3.8000000000000007,,,,,2353.0,8662802.0,10.75,88007.0,,,,,,,,,,,,,,,147.75,,,,8.55,44.1,,2870.96,,19880.0,50052.26,9.4,7263.22,14.6,0.62,0.54,,27174650.0,15665430.0,36407347.0,6113.0,3631.0,2730.0,3498.19,7591.05,,3083.39,,,,0.243,1.0,1.5,511.0,1003.0,24.029126213592235,24.598540145985393,106.91,154.5,3083.0,8.479078819331818,2092.1722113502938,1540.3788634097707,2715.0,11.82042833607908,8662802.0,31.907189686924497,11.832691827699904,63.784500014096025,444.1354490430231,,11538.1,,8.11,,73150000.0,2775.42,6069.22,1174.0,2516.0,18.34,294.13,,-3.1,232.1,64414.0,assessed,1.0,1.0,3.3000000000000007,2.0,16.0,0.4050280510839841,8662802.0,2495.0,24068616.0,2014.0,234.0,107.0,196.0,1191.0,,,,,,main,,,,,497.07180464225394,1.387732441604118,383.3408194054308,0.8923935162593997,3.8000000000000007,1302.0,81.0,1145.0
2022,Anhui,安徽,binding,20.5,17.7,18.5,15.3,2.0,2.3999999999999986,1.0,1.0,0.0,0.0,44607.7,72888.0,6127.0,3516.5,17946.8,23144.4,20685.9,0.4023251591093018,0.5188431593648631,622.0,5853.0,590.0,2154.0,117.3,206.06,2142.0,1235.0,2993.0,8918170.0,8918170.0,72.12,206.06,2903.29,3299.0,117.3,1513376.0,622.0,2154.0,5853.0,9219.0,590.0,,,312.0,973.0,,2993.0,3691.0,89476.0,1359.0,1235.0,4894.0,3978.0,2142.0,100.0,100.0,15.25,,17.34,,614.0,2.0,完成,完成,1.0,2993.0,,9.0,8379.78,3589.14,23.8,13400.2,19.6,21.5,22.7,0.54,8206500.0,6127.0,112210000.0,3686.0,0.6015994777215603,3298.77,,,,,,2993.0,,3.8000000000000007,,,,,2611.0,8918170.0,2.95,89476.0,,,,,,,,,,,,,,,147.1,,,,7.11,45.3,,2386.6,,21484.0,56457.8,9.0,6203.48,21.5,0.68,0.54,,27479280.0,15823380.0,36510000.0,6127.0,3686.0,2744.0,3589.14,8379.78,,,,,,0.243,2.5,1.3000000000000007,590.0,1233.0,15.459882583170259,26.18629173989455,117.3,206.06,3299.0,9.801758108517731,1988.135593220339,1671.2084347120845,2993.0,10.23941068139964,8918170.0,29.796759104577347,4.798520857414035,67.09603947300579,488.49355312551006,,47356.9,,8.82,,1242390000.0,13260.88,18533.08,21660.0,9465.0,22.31,,,2.2,317.0,158869.0,assessed,1.0,1.0,2.0,2.3999999999999986,18.5,0.4023251591093018,8918170.0,2574.0,24499608.0,1866.0,255.0,150.0,242.0,1338.0,,,,,,main,,,,,497.07180464225394,1.387732441604118,383.3408194054308,0.8923935162593997,3.8000000000000007,1567.0,302.0,1380.0
2023,Anhui,安徽,binding,22.3,19.3,19.6,16.5,2.7,2.8000000000000007,1.0,1.0,0.0,0.0,47050.6,76830.0,6121.0,3496.6,18871.8,24682.2,21887.7,0.4010958414983018,0.5245884218267143,624.0,6071.0,722.0,3223.0,139.89,269.6,2139.0,1159.0,3214.0,9123216.0,9123216.0,,,,,,1870480.0,624.0,3223.0,6071.0,10640.0,722.0,,,269.0,1472.0,,3214.0,3906.0,95505.0,1381.0,1159.0,5084.0,4001.0,2139.0,100.0,100.0,,,,,,2.7,完成,完成,1.0,3214.0,,4.0,8643.57,3939.16,23.91,14021.1,6.3,20.0,32.0,0.55,9269647.0,6121.0,114400000.0,3765.0,0.6150955726188532,3549.45,,86.6,3053.36,,,3214.0,,3.8000000000000007,,,,,2764.0,9123216.0,2.3,95505.0,,,,,,,,,,,,,,,147.45,,,,7.29,46.1,28.7,,,,,4.0,4676.52,20.0,0.71,0.55,,24737820.0,15696630.0,36020000.0,6121.0,3765.0,2809.0,3939.16,8643.57,,3549.45,3053.36,86.6,,0.243,1.1000000000000014,1.1999999999999993,721.0,1392.0,22.372881355932208,49.628597957288754,139.89,269.6,3549.0,11.538179768949,1940.2219140083207,1936.7816091954023,3214.0,7.38389575676579,9123217.0,28.385864965774733,5.476408781443576,68.30943707412871,525.0776016990687,,29412.1,,3.82,,696770000.0,8600.51,12353.09,,4919.0,12.14,,,16.4,256.9,213561.0,assessed,1.0,1.0,2.7,2.8000000000000007,19.6,0.4010958414983018,9123216.0,3092.0,26576368.0,3020.0,8937.0,222.0,408.0,1901.0,,,,,,main,,,,,497.07180464225394,1.387732441604118,383.3408194054308,0.8923935162593997,3.8000000000000007,2804.0,396.0,2246.0
2024,Anhui,安徽,binding,25.3,22.4,23.3,20.3,2.0,2.099999999999998,1.0,1.0,0.0,0.0999999999999943,50625.2,82694.0,6123.0,3565.6,19607.5,27452.1,22908.4,0.3873071118731383,0.5422615614358067,619.0,6313.0,899.0,4311.0,163.97,422.39,2085.0,1187.0,3598.0,9182399.0,,,,,,,,,,,,,,,,,,,,,,,,,,100.0,99.9,18.2,,20.6,,,2.0,完成,完成,1.0,3598.0,,4.7,8995.15,4041.21,,,,,,,,6123.0,121540000.0,,,3863.46,,94.52,3182.57,,,3598.0,,3.8000000000000007,,,,,,,,,,,,,,,,,,,,,,,,,,,,,,,,,,4.7,4016.1,,,,,28890400.0,19719130.0,37480000.0,6123.0,,,4041.21,8995.15,,3863.46,3182.57,94.52,,0.243,3.6999999999999993,3.8000000000000007,899.0,1924.0,24.51523545706371,33.757368910952536,163.97,422.39,3863.0,15.178876520838728,1823.9154616240264,2195.3742203742204,3598.0,11.947728686994408,9182399.0,25.52084213451917,7.597352637373378,71.07132416266998,587.6204474930589,,,,,,86440000.0,4310.05,10325.97,,,,5.05,,,,,assessed,1.0,1.0,2.0,2.099999999999998,23.3,0.3873071118731383,9182399.0,3200.0,32364027.0,2691.0,266.0,45.0,198.0,1127.0,,,24.3,,,main,,,,,497.07180464225394,1.387732441604118,383.3408194054308,0.8923935162593997,3.8000000000000007,3133.0,677.0,2633.0
2025,Anhui,,,,,,,,,,,,,,,,,,,,,,,,,,,,,,,,,,,,,,,,,,,,,,,,,,,,,,,,,,,,,,,,,,,,,,,,,,,,,,,,,,,,,,,,,,,,,,,,,,,,,,,,,,,,,,,,,,,,,,,,,,,,,,,,,,,,,,,,,,,,,,,,,,,,,,,,,,,,,,,,,,,,,,,,,,,,,,,,,,,,,,,,,,,,,,,,,,,,26.5,80.0,25.4,26.5,26.5,out_of_sample_extension,26.5,26.5,24.3,24.3,497.07180464225394,1.387732441604118,383.3408194054308,0.8923935162593997,3.8000000000000007,,,
2026,Anhui,,,,,,,,,,,,,,,,,,,,,,,,,,,,,,,,,,,,,,,,,,,,,,,,,,,,,,,,,,,,,,,,,,,,,,,,,,,,,,,,,,,,,,,,,,,,,,,,,,,,,,,,,,,,,,,,,,,,,,,,,,,,,,,,,,,,,,,,,,,,,,,,,,,,,,,,,,,,,,,,,,,,,,,,,,,,,,,,,,,,,,,,,,,,,,,,,,,,28.5,80.0,28.5,28.5,28.5,out_of_sample_extension,,27.500000000000004,,26.0,497.07180464225394,1.387732441604118,383.3408194054308,0.8923935162593997,3.8000000000000007,,,
2015,Beijing,,pre_rps,8.5,7.6,,,,,-1.0,-1.0,,,,,,,,,,,,,,,,,,,,,,,,,,,,,,,,,,,,,,,,,,,,,,,,,,,,,,,,,,,,,,,,,,,,,,,,,,,,,,,,,,,,,,,,,,,,,,,,,,,,,,,,,,,,,,,,,,,,,,,,,,,,,,,,,,,,,,,,,,,,,,,,,,,,,,,,,,,276.0,10458.8,11142.0,59.55,314107.0,29301801.0,2515.43,5728.72,753.0,3360.0,23.69,,243.0,,488.7,261425.0,,,,,,,,,,,,,,,,,,,,,main,,,,,25.80031183868613,1.3726798446968054,31.585370389192946,1.2086887093723366,3.8000000000000007,,,
2016,Beijing,,pre_rps,10.5,9.0,,,,,-1.0,-1.0,,,,,,,,,,,,,,,,,,,,,,,,,,,,,,,,,,,,,,,,,,,,,,,,,,,,,,,,,,,,,,,,,,,,,,,,,,,,,,,,,,,,,,,,,,,,,,,,,,,,,,,,,,,,,,,,,,,,,,,,,,,,,,,,,,,,,,,,,,,,,,,,,,,,,,,,,,,391.69,30291.4,28048.0,57.8,616624.0,509296406.0,8121.23,9981.96,20137.0,5777.0,15.73,1.33,372.38,,722.9,747786.0,,,,,,,,102593.0,690.0,77396957.0,1201.0,31.0,3.0,31.0,1327.0,,,,,,main,,,,,25.80031183868613,1.3726798446968054,31.585370389192946,1.2086887093723366,3.8000000000000007,,,
2017,Beijing,北京,pre-rps,12.1,10.4,,,,,,,,,29883.0,136172.0,2194.0,121.9,5049.4,24711.7,13933.7,0.1689723254024027,0.8269484322189874,98.0,1077.0,19.0,25.0,3.0,2.0,1854.0,1551.0,1067.0,53478.0,53478.0,11.0,2.0,377.0,394.0,3.0,1998508.0,98.0,25.0,1077.0,1219.0,19.0,6.85,15.0,106.0,121.0,0.3,1067.0,724.0,10402.0,1135.0,1551.0,3754.0,3482.0,1854.0,,,,,,,130.0,,,,,1066.89,417.66,4.7,6824.53,5430.79,2.22,3885.9,,,,0.13,2690851.0,2194.0,324017423.0,1907.0,0.8691886964448496,388.4,306.0,11.32,372.25,490.46,414.1,1066.89,417.66,3.8000000000000007,,71.0,6.85,968.0,1039.0,53478.0,-47.87,10402.0,9309.0,724.0,201.0,71.0,121.0,,106.0,0.3,15.0,205606.0,,204620.0,209863.0,990343.0,103.35,1854.0,1135.0,3754.0,0.65,48.4,43.8,2023.67,20722.04,3231.0,45985.76,4.7,3692.54,,0.15,0.13,1291.1,65879775.0,12374116.0,95138125.0,2194.0,1907.0,1144.0,5430.79,6824.53,,388.4,372.25,11.32,490.46,0.289,,,16400.0,13042.0,,,3046.0,1178.0,13042.0,32.3876706026683,1857.317073170732,903.2357000460051,63625.0,,112990314.0,17.758791984282908,,2129.136967506609,28999.54421148587,153.0,3942.5,3876.0,2.51,,112919165.0,2310.36,3282.54,5525.0,1178.0,1.65,21.5,123.0,,176.3,78305.0,assessed,,,,,,0.1689723254024027,53478.0,721.0,76972628.0,340.0,40.0,,7.0,326.0,,,,,,main,,,,,25.80031183868613,1.3726798446968054,31.585370389192946,1.2086887093723366,3.8000000000000007,,,
2018,Beijing,北京,binding,13.2,11.7,11.0,10.5,,,0.0,0.0,0.0,0.0,33106.0,150962.0,2192.0,120.6,5477.4,27508.1,14422.3,0.1654503715338609,0.830909804869208,98.0,1119.0,19.0,40.0,3.0,3.0,1866.0,1261.0,1142.0,68415.0,68415.0,10.0,3.0,433.0,449.0,3.0,1769675.0,98.0,40.0,1119.0,1276.0,19.0,6.55,15.0,41.0,56.0,,1142.0,745.0,10898.0,1000.0,1261.0,3939.0,3655.0,1866.0,,,,11.6,,12.1,150.75,2.2,完成,完成,1.0,1142.38,,-5.5,7471.43,5785.92,2.23,4139.9,4.5,-41.7,-42.4,0.13,2740103.0,2192.0,412487938.0,1909.0,0.8708941605839416,450.45,,9.91,434.33,276.19,,1142.38,,3.8000000000000007,18.5,73.0,6.55,1037.0,1110.0,68415.0,27.93,10898.0,9311.0,745.0,197.0,74.0,56.0,,41.0,,15.0,85208.0,,59433.0,88457.0,792018.0,104.75,1866.0,1000.0,3939.0,0.27,48.4,43.8,1530.0,21435.7,3197.0,48009.5,-5.5,3873.35,-41.7,0.15,0.13,,72570561.0,15061900.0,99110906.0,2192.0,1909.0,1136.0,5785.92,7471.43,,450.45,434.33,9.91,276.19,0.289,,,18427.0,17433.0,0.0,60.00000000000001,3658.0,1769.0,17433.0,31.130614352090863,1985.1305150051555,1014.742155681753,69002.0,7.029053420805997,129514626.0,18.76969160314194,10.785396379212251,2084.27475382106,31479.014598540147,,4911.7,7402.0,24.74,,29857965.0,1994.35,6075.03,,2231.0,25.29,,,16.3,323.3,98665.0,assessed,,,,,,0.1654503715338609,68415.0,721.0,81550005.0,599.0,37.0,,37.0,1219.0,,,,,,main,,,,,25.80031183868613,1.3726798446968054,31.585370389192946,1.2086887093723366,3.8000000000000007,,,
2019,Beijing,北京,binding,12.7,12.0,13.5,13.5,,,0.0,0.0,0.0,0.0,35445.1,161776.0,2190.0,114.4,5667.4,29663.4,15072.4,0.1598923405491873,0.8368829542024145,99.0,1135.0,19.0,51.0,3.0,5.0,1816.0,1323.0,1166.0,38514.0,38514.0,10.0,5.0,443.0,461.0,3.0,1164449.0,99.0,51.0,1135.0,1304.0,19.0,6.15,11.0,26.0,37.0,,1166.0,738.0,12011.0,1032.0,1323.0,3931.0,3656.0,1816.0,,,,14.9,,14.9,148.0,-0.8,未完成,未完成,1.0,1166.0,,-2.5,7408.19,5817.1,2.24,4243.3,-5.6,0.8,-15.4,0.14,2851859.0,2190.0,416456752.0,1913.0,0.8735159817351598,464.09,,10.19,445.71,182.8,,1166.0,,3.8000000000000007,25.0,70.0,6.15,1062.0,1131.0,38514.0,-43.71,12011.0,9393.0,738.0,164.0,88.0,37.0,,26.0,,11.0,38093.0,,32542.0,39283.0,699548.0,101.2,1816.0,1032.0,3931.0,0.19,48.5,,1710.25,,3121.0,52222.01,-2.5,3838.38,0.8,0.15,0.14,,74183078.0,16173418.0,85769265.0,2190.0,1913.0,1137.0,5817.1,7408.19,,464.09,445.71,10.19,182.8,0.289,,,20915.0,20429.0,0.0,27.499999999999993,4053.0,2240.0,20429.0,30.804248861911987,1937.843652880708,1096.480493416222,72486.0,2.1015761821365997,144408266.0,19.92222856827525,7.065486618739802,2045.0217378424663,33098.6301369863,,15707.6,11768.0,11.68,,57160602.0,3388.57,7970.21,2100.0,3665.0,28.9,4.89,,-7.2,512.0,133861.0,assessed,,,,,,0.1598923405491873,38514.0,692.0,79503079.0,702.0,27.0,,21.0,1054.0,,,,,,main,,,,,25.80031183868613,1.3726798446968054,31.585370389192946,1.2086887093723366,3.8000000000000007,,,
2020,Beijing,北京,binding,16.4,16.1,15.5,15.0,,,0.0,0.0,0.3,0.0,35943.3,164158.0,2189.0,108.3,5739.1,30095.9,13740.3,0.1596709261531356,0.837315994914212,99.0,1136.0,19.0,62.0,4.0,6.0,2005.0,1242.0,1140.0,47528.0,47528.0,11.0,6.0,434.0,456.0,4.0,936046.0,99.0,62.0,1136.0,1316.0,19.0,4.32,11.0,9.0,24.0,5.0,1140.0,725.0,11656.0,1156.0,1242.0,3823.0,3570.0,2005.0,,,,16.5,,16.9,187.0,0.9,完成,完成,1.0,1140.0,,2.2,7116.18,5483.89,2.23,4255.1,-11.0,66.6,-10.3,0.14,2974157.0,2189.0,336478080.0,1916.0,0.8752855185015989,457.47,,11.46,436.09,,,1140.0,,3.8000000000000007,30.5,48.0,4.32,1058.0,1105.0,47528.0,23.4,11656.0,9261.0,725.0,142.0,91.0,24.0,,9.0,5.0,11.0,32790.0,,14763.0,41499.0,253162.0,97.7,2005.0,1156.0,3823.0,0.18,49.0,,1729.55,,3028.0,55167.01,2.2,3938.71,66.6,0.14,0.14,,78356471.0,19487248.0,85503906.0,2189.0,1916.0,,5483.89,7116.18,,457.47,436.09,11.46,,0.289,,,18.0,8.0,0.0,21.568627450980383,3.74,6.19,457.0,,,,1140.0,-2.2298456260720356,47528.0,,1.4055539411653717,31.716620343708005,520.7857469164002,,9625.5,,0.54,,503831363.0,7046.3,8102.11,19538.0,2222.0,1.29,15.11,,-4.6,392.4,90711.0,assessed,1.0,1.0,0.8999999999999986,1.1000000000000014,15.5,0.1596709261531356,47528.0,672.0,82930755.0,480.0,82.0,60.0,80.0,727.0,,,,,,main,,,,,25.80031183868613,1.3726798446968054,31.585370389192946,1.2086887093723366,3.8000000000000007,39.0,0.1,24.0
2021,Beijing,北京,binding,19.8,19.4,18.0,17.5,,,0.0,0.0,0.0,0.0,41045.6,187526.0,2189.0,111.4,7389.0,33545.2,14897.3,0.1800192956126844,0.8172666497748845,99.0,1137.0,24.0,80.0,4.0,6.0,2057.0,1186.0,1233.0,26422.0,26422.0,13.66,6.23,448.68,473.0,4.01,823809.0,99.0,80.0,1137.0,1340.0,24.0,,,1.0,24.0,,1233.0,745.0,11351.0,1380.0,1186.0,3929.0,3685.0,2057.0,100.0,100.0,,19.3,,19.8,244.0,1.8,完成,完成,1.0,1233.0,,4.9,7205.12,5932.31,2.23,5855.1,-6.2,68.3,-12.6,0.15,3135144.0,2189.0,470960000.0,1916.0,0.8752855185015989,472.57,,,,,,1233.0,,3.8000000000000007,,,,,1197.0,26422.0,-44.41,11351.0,,,,,,,,,,,,,,,115.0,,,,0.14,49.3,,3684.37,,3073.0,61055.99,4.9,4139.03,68.3,0.14,0.15,,104326170.0,34635880.0,106214680.0,2189.0,1916.0,,5932.31,7205.12,,472.57,,,,0.289,2.5,2.5,23.0,8.0,26.315789473684205,29.032258064516125,4.01,6.23,473.0,2.1649048625792813,1743.4782608695652,7787.500000000001,1233.0,8.157894736842097,26422.0,0.2142903487429034,14.195413331552745,30.03976065644064,563.2708999543171,,5855.1,,0.14,,470960000.0,5932.31,7205.12,11367.0,1916.0,2.23,4.28,,-12.6,186.4,6350.0,assessed,1.0,1.0,1.8000000000000007,1.8999999999999984,18.0,0.1800192956126844,26422.0,672.0,79624538.0,128.0,,,,516.0,,,,,,main,,,,,25.80031183868613,1.3726798446968054,31.585370389192946,1.2086887093723366,3.8000000000000007,28.0,6.0,28.0
2022,Beijing,北京,binding,22.8,22.1,19.0,18.8,3.8000000000000007,3.3000000000000007,1.0,1.0,0.0,0.0,41540.9,189988.0,2184.0,111.5,6635.6,34793.7,13818.7,0.1597365487988946,0.8375769422424646,102.0,1137.0,24.0,95.0,4.95,9.14,1864.0,1334.0,1281.0,17193.0,17193.0,9.43,9.14,443.57,467.0,4.95,811866.0,102.0,95.0,1137.0,1358.0,24.0,,,0.4,19.0,,1281.0,754.0,11434.0,944.0,1334.0,3886.0,3607.0,1864.0,100.0,100.0,18.75,,19.44,,292.0,3.8,完成,完成,1.0,1281.0,,3.6,7469.15,5714.36,2.24,5115.5,2.1,18.4,29.8,0.15,3489973.0,2184.0,545170000.0,1913.0,0.8759157509157509,467.09,,,,,,1281.0,,3.8000000000000007,,,,,1249.0,17193.0,-34.93,11434.0,,,,,,,,,,,,,,,108.3,,,,0.11,49.8,,1998.72,,3141.0,66052.47,3.6,4178.46,18.4,0.14,0.15,,90661890.0,25072070.0,111190000.0,2184.0,1913.0,,5714.36,7469.15,,,,,,0.289,1.0,1.3000000000000007,23.0,8.0,0.0,18.75,4.95,9.14,467.0,3.017130620985011,2152.1739130434785,11425.0,1281.0,3.8929440389294356,17193.0,0.134215456674473,1.2067066871966905,30.837078638161422,586.5384615384615,,5437.3,,12.25,,10140000.0,1886.41,5851.36,375.0,2114.0,20.96,,,-19.7,249.9,203864.0,assessed,1.0,1.0,3.8000000000000007,3.3000000000000007,19.0,0.1597365487988946,17193.0,672.0,81507776.0,280.0,,,,285.0,,,,,,main,,,,,25.80031183868613,1.3726798446968054,31.585370389192946,1.2086887093723366,3.8000000000000007,21.0,1.0,21.0
2023,Beijing,北京,binding,24.3,22.8,20.1,20.0,4.199999999999999,2.8000000000000007,1.0,1.0,0.0999999999999943,0.0,43760.7,200278.0,2186.0,105.5,6525.6,37129.6,14485.9,0.1491201009124625,0.8484690601384347,102.0,1143.0,24.0,108.0,4.82,11.0,1464.0,1267.0,1358.0,1.0,1.0,,,,,,821803.0,102.0,108.0,1143.0,1377.0,24.0,,,5.7,19.0,,1358.0,768.0,11258.0,827.0,1267.0,3928.0,3609.0,1464.0,99.9,100.0,,,,,,4.2,完成,完成,1.0,1358.0,,4.9,7971.25,6181.1,2.24,5008.5,2.2,-1.6,1.3,0.15,4410019.0,2186.0,518480000.0,1920.0,0.8783165599268069,471.55,,8.41,447.32,,,1358.0,,3.8000000000000007,,,,,1324.0,1.0,140.3,11258.0,,,,,,,,,,,,,,,107.75,,,,0.11,49.8,43.8,,,,,4.9,4202.41,-1.6,0.15,0.15,,80708380.0,21369980.0,107930000.0,2186.0,1920.0,,6181.1,7971.25,,471.55,447.32,8.41,,0.289,1.1000000000000014,1.1999999999999993,23.0,9.0,0.0,13.684210526315788,4.82,11.0,472.0,3.351694915254237,2095.6521739130435,12222.222222222224,1358.0,6.0109289617486406,1.0,7.363770250368189e-06,5.34364927095945,31.03241035906647,621.2259835315645,,16915.0,,6.04,,115170000.0,4518.1,11052.54,,5701.0,28.11,4.38,,18.0,212.1,128914.0,assessed,1.0,1.0,4.199999999999999,2.8000000000000007,20.1,0.1491201009124625,1.0,733.0,79536941.0,133.0,,,,1162.0,,,,,,main,,,,,25.80031183868613,1.3726798446968054,31.585370389192946,1.2086887093723366,3.8000000000000007,21.0,2.0,21.0
2024,Beijing,北京,binding,29.3,27.2,25.3,23.8,4.0,3.3999999999999986,1.0,1.0,1.5999999999999943,0.2000000000000028,49843.1,228167.0,2183.0,116.4,7226.8,42499.9,14092.4,0.1449909817005764,0.8526736900393436,101.0,1153.0,24.0,130.0,5.02,11.67,2128.0,1119.0,1389.0,1.0,,,,,,,,,,,,,,,,,,,,,,,,,,98.4,99.8,21.7,,21.7,,,4.0,完成,完成,1.0,1389.4,,5.1,8396.48,6372.68,,,,,,,,2183.0,507220000.0,,,455.64,,9.44,429.52,,,1389.4,,3.8000000000000007,,,,,,,,,,,,,,,,,,,,,,,,,,,,,,,,,,5.1,3758.29,,,,,81161770.0,24742490.0,104420000.0,2183.0,,,6372.68,8396.48,,455.64,429.52,9.44,,0.289,5.199999999999999,3.8000000000000007,23.0,13.0,0.0,20.370370370370374,5.02,11.67,456.0,3.660087719298245,2182.608695652173,8976.923076923076,1389.0,2.2827687776141303,1.0,7.1994240460763145e-06,13.899229217082908,27.867448051987136,636.280348144755,,,,,,43890000.0,1452.05,6454.53,,,,53.85,,,,,assessed,1.0,1.0,4.0,3.3999999999999986,25.3,0.1449909817005764,1.0,733.0,72482207.0,398.0,,,,489.0,,,25.3,,,main,,,,,25.80031183868613,1.3726798446968054,31.585370389192946,1.2086887093723366,3.8000000000000007,40.0,14.0,40.0
2025,Beijing,,,,,,,,,,,,,,,,,,,,,,,,,,,,,,,,,,,,,,,,,,,,,,,,,,,,,,,,,,,,,,,,,,,,,,,,,,,,,,,,,,,,,,,,,,,,,,,,,,,,,,,,,,,,,,,,,,,,,,,,,,,,,,,,,,,,,,,,,,,,,,,,,,,,,,,,,,,,,,,,,,,,,,,,,,,,,,,,,,,,,,,,,,,,,,,,,,,,30.6,80.0,26.4,30.6,30.6,out_of_sample_extension,30.6,30.6,28.9,28.9,25.80031183868613,1.3726798446968054,31.585370389192946,1.2086887093723366,3.8000000000000007,,,
2026,Beijing,,,,,,,,,,,,,,,,,,,,,,,,,,,,,,,,,,,,,,,,,,,,,,,,,,,,,,,,,,,,,,,,,,,,,,,,,,,,,,,,,,,,,,,,,,,,,,,,,,,,,,,,,,,,,,,,,,,,,,,,,,,,,,,,,,,,,,,,,,,,,,,,,,,,,,,,,,,,,,,,,,,,,,,,,,,,,,,,,,,,,,,,,,,,,,,,,,,,31.6,80.0,31.6,31.6,31.6,out_of_sample_extension,,31.6,,30.0,25.80031183868613,1.3726798446968054,31.585370389192946,1.2086887093723366,3.8000000000000007,,,
2015,Chongqing,,pre_rps,49.4,1.4,,,,,-1.0,-1.0,,,,,,,,,,,,,,,,,,,,,,,,,,,,,,,,,,,,,,,,,,,,,,,,,,,,,,,,,,,,,,,,,,,,,,,,,,,,,,,,,,,,,,,,,,,,,,,,,,,,,,,,,,,,,,,,,,,,,,,,,,,,,,,,,,,,,,,,,,,,,,,,,,,,,,,,,,,1210.0,2770.9,17359.0,77.83,99952.0,19669397.0,1330.9,3804.87,289.0,1163.0,17.83,293.02,842.0,,2478.2,158263.0,,,,,,,,,,,,,,,,,,,,,main,,,,,,,8.876886364166218,1.7523270491495906,2.5,,,
2016,Chongqing,,pre_rps,48.7,1.6,,,,,-1.0,-1.0,,,,,,,,,,,,,,,,,,,,,,,,,,,,,,,,,,,,,,,,,,,,,,,,,,,,,,,,,,,,,,,,,,,,,,,,,,,,,,,,,,,,,,,,,,,,,,,,,,,,,,,,,,,,,,,,,,,,,,,,,,,,,,,,,,,,,,,,,,,,,,,,,,,,,,,,,,,806.39,10790.9,8869.0,30.79,352826.0,49306252.0,3388.85,8008.89,1315.0,4126.0,32.41,296.91,688.85,,324.7,116049.0,,,,,,,,434914.0,185.0,48040838.0,477.0,139.0,80.0,139.0,532.0,,,,,,main,,,,,,,8.876886364166218,1.7523270491495906,2.5,,,
2017,Chongqing,重庆,pre-rps,49.2,2.4,,,,,,,,,20066.3,64171.0,3144.0,1276.1,8455.0,10335.2,9769.4,0.4213532140952742,0.5150526006289152,736.0,1544.0,33.0,12.0,7.0,0.2,2286.0,549.0,997.0,709999.0,709999.0,253.0,0.2,467.0,727.0,7.0,740667.0,736.0,12.0,1544.0,2326.0,33.0,6.92,13.0,18.0,118.0,14.0,997.0,1218.0,35739.0,3692.0,549.0,3021.0,3191.0,2286.0,,,,,,,488.0,,,,,996.55,392.66,8.1,4336.28,2252.38,14.79,6202.4,,,,0.22,2799986.0,3144.0,66601107.0,2044.0,0.6501272264631043,728.1,148.0,250.99,468.89,5646.68,311.62,996.55,392.66,2.5,,59.0,6.92,791.0,850.0,709999.0,63.25,35739.0,31399.0,1218.0,337.0,262.0,118.0,74.0,18.0,14.0,13.0,254417.0,121325.0,13625.0,237936.0,1675631.0,160.79999999999998,2286.0,3692.0,3021.0,12.24,40.3,43.1,1501.87,20772.41,6684.0,19760.5,8.1,3980.08,,0.08,0.22,,38839634.0,27742281.0,18740704.0,3144.0,2044.0,2017.0,2252.38,4336.28,-5.1,728.1,468.89,250.99,5646.68,0.108,,,34.0,43.0,,,6.0,3.0,43.0,20.930232558139537,1764.7058823529412,697.6744186046511,305.0,,7609.0,0.2494754098360655,,15.199613281970269,97.01017811704834,730.0,22515.8,38165.0,41.63,,264550956.0,6098.63,9258.4,13636.0,6099.0,27.06,4.15,656.0,,210.0,1130995.0,assessed,,,,,,0.4213532140952742,709999.0,184.0,52089732.0,1004.0,143.0,55.0,143.0,769.0,,,,,,main,,,,,,,8.876886364166218,1.7523270491495906,2.5,,,
2018,Chongqing,重庆,binding,45.9,2.9,47.5,2.0,,,0.0,0.0,0.0,0.0,21588.8,68460.0,3163.0,1378.7,8842.2,11367.9,10705.2,0.4095734825465056,0.5265647002149263,756.0,1537.0,50.0,43.0,8.0,2.0,2177.0,602.0,1119.0,632248.0,632248.0,242.0,2.0,547.0,799.0,8.0,708289.0,756.0,43.0,1537.0,2386.0,50.0,6.73,27.0,31.0,91.0,19.0,1119.0,1234.0,37380.0,3345.0,602.0,3572.0,3445.0,2177.0,,,,2.2,,52.1,511.94,-1.6,未完成,完成,1.0,1118.79,,7.0,4540.95,2265.54,15.75,6268.1,12.4,9.3,3.5,0.23,2992091.0,3163.0,79016913.0,2107.0,0.6661397407524502,799.53,,246.14,543.42,5129.52,,1118.79,,2.5,2.1,63.0,6.73,878.0,941.0,632248.0,-10.95,37380.0,32761.0,1234.0,336.0,274.0,91.0,14.0,31.0,19.0,27.0,142628.0,62050.0,,138833.0,535222.0,158.95,2177.0,3345.0,3572.0,9.17,40.4,43.1,1218.7,19674.7,6772.0,19172.5,7.0,4248.76,9.3,0.1,0.23,,44647486.0,32264301.0,22220559.0,3163.0,2107.0,2026.0,2265.54,4540.95,,799.53,543.42,246.14,5129.52,0.108,,,34.0,136.0,51.515151515151516,258.33333333333337,5.0,6.0,136.0,8.088235294117647,1470.5882352941176,441.1764705882353,327.0,12.236710130391181,8939.0,0.2733639143730887,7.587347941573674,15.146742755502856,103.38286436926968,,3287.2,8553.0,8.96,,20679164.0,1240.89,3789.59,,1512.0,10.54,18.43,,0.4,440.9,28298.0,assessed,,,,,,0.4095734825465056,632248.0,179.0,52199780.0,766.0,141.0,1.0,127.0,368.0,,,,,,main,,,,,,,8.876886364166218,1.7523270491495906,2.5,,,
2019,Chongqing,重庆,binding,45.5,4.0,42.5,2.5,,,0.0,0.0,0.0,0.0,23605.8,74337.0,3188.0,1551.6,9392.0,12662.2,11710.5,0.3978683204975048,0.5364020706775454,772.0,1548.0,64.0,65.0,11.0,3.0,1996.0,606.0,1160.0,593170.0,593170.0,243.0,3.0,554.0,812.0,11.0,580264.0,772.0,65.0,1548.0,2448.0,64.0,5.15,22.0,5.0,51.0,18.0,1160.0,1258.0,37746.0,3273.0,606.0,3584.0,3393.0,1996.0,,,,2.8,,46.8,529.0,3.0,完成,完成,1.0,1160.0,,5.6,4847.68,2134.93,17.43,6551.8,-0.5,8.9,-2.1,0.24,3358918.0,3188.0,83949585.0,2175.0,0.6822459222082811,811.55,,242.27,554.93,5022.94,,1160.0,,2.5,3.7,50.0,5.15,925.0,975.0,593170.0,-6.18,37746.0,33077.0,1258.0,333.0,283.0,51.0,6.0,5.0,18.0,22.0,114476.0,54500.0,,189630.0,356501.0,157.8,1996.0,3273.0,3584.0,7.5,41.8,,1210.32,,6694.0,21384.69,5.6,4439.3,8.9,0.1,0.24,,48441159.0,32909617.0,25837471.0,3188.0,2175.0,2012.0,2134.93,4847.68,,811.55,554.93,242.27,5022.94,0.108,,,29.0,140.0,28.000000000000004,51.162790697674424,5.0,14.0,140.0,13.571428571428571,1724.1379310344828,1000.0,355.0,3.6639857015192234,5107.0,0.1438591549295775,9.342807381605269,15.038676935329454,111.35508155583436,,1272.5,13724.0,12.5,,3489611.0,423.58,1438.29,100.0,456.0,3.66,,,-26.0,1010.8,62335.0,assessed,,,,,,0.3978683204975048,593170.0,189.0,53943507.0,1058.0,160.0,78.0,159.0,909.0,,,,,,main,,,,,,,8.876886364166218,1.7523270491495906,2.5,,,
2020,Chongqing,重庆,binding,51.4,4.2,40.0,3.5,,,0.0,0.0,0.0,0.0,25041.4,78294.0,3209.0,1803.5,9969.6,13268.3,11954.4,0.3981247054877123,0.5298545608472369,779.0,1545.0,97.0,67.0,14.0,4.0,2149.0,655.0,1186.0,631515.0,631515.0,281.0,4.0,538.0,837.0,14.0,522460.0,779.0,67.0,1545.0,2488.0,97.0,4.99,4.0,16.0,52.0,28.0,1186.0,1305.0,39730.0,3730.0,655.0,3403.0,3392.0,2149.0,,,,3.9,,44.5,610.0,11.4,完成,完成,1.0,1186.0,,3.9,4893.95,2094.85,18.08,6990.8,10.0,3.7,5.3,0.24,3725610.0,3209.0,94181104.0,2229.0,0.69460891243378,840.52,,281.0,541.49,,,1186.0,,2.5,3.7,51.0,4.99,972.0,1023.0,631515.0,6.46,39730.0,36445.0,1305.0,351.0,291.0,52.0,4.0,16.0,28.0,4.0,258377.0,60000.0,,251850.0,583465.0,152.85000000000002,2149.0,3730.0,3403.0,6.75,43.1,,1506.53,,6938.0,23236.71,3.9,4351.96,3.7,0.1,0.24,,50466120.0,34321309.0,28955871.0,3209.0,2229.0,2070.0,2094.85,4893.95,,840.52,541.49,281.0,,0.108,,,96.0,60.0,51.5625,3.076923076923066,13.87,4.16,841.0,,,,1186.0,2.2413793103448265,631515.0,,6.081556227706764,47.36156924133635,369.5855406668744,,6990.8,,6.75,,94181104.0,2094.85,4893.95,1374.0,2229.0,18.08,79.96,,5.3,219.2,40176.0,assessed,1.0,1.0,11.4,0.7000000000000002,40.0,0.3981247054877123,631515.0,203.0,54942978.0,987.0,188.0,82.0,179.0,314.0,,,,,,main,,,,,,,8.876886364166218,1.7523270491495906,2.5,198.0,27.0,195.0
2021,Chongqing,重庆,binding,45.5,4.3,43.5,4.0,,,0.0,0.0,0.0,0.0,28077.3,87450.0,3212.0,1921.9,11217.3,14938.1,14257.0,0.3995149106217478,0.5320347754235628,789.0,1553.0,169.0,63.0,23.0,5.0,2145.0,722.0,1341.0,886100.0,886100.0,282.78,4.83,681.21,991.0,22.61,562087.0,789.0,63.0,1553.0,2574.0,169.0,,,17.0,103.0,,1341.0,1368.0,40713.0,3763.0,722.0,4314.0,3975.0,2145.0,100.0,100.0,,4.4,,48.3,610.0,2.0,完成,完成,1.0,1341.0,,6.1,4835.06,2285.45,18.41,7940.5,8.5,10.6,-4.1,0.24,4245267.0,3212.0,122270000.0,2259.0,0.7033001245330013,991.43,,,,,,1341.0,,2.5,,,,,1174.0,886100.0,40.31,40713.0,,,,,,,,,,,,,,,151.85000000000002,,,,5.06,42.6,,2133.79,,7314.0,25637.79,6.1,4354.96,10.6,0.12,0.24,,94321220.0,51520150.0,36767470.0,3212.0,2259.0,2121.0,2285.45,4835.06,,991.43,,,,0.108,3.5,0.5,168.0,54.0,74.22680412371135,-5.970149253731338,22.61,4.83,991.0,2.7689202825428856,1345.8333333333333,894.4444444444445,1341.0,13.069139966273191,886100.0,6.607755406413124,12.123523445174778,47.76100266051223,417.4968866749689,,10862.9,,8.75,,76970000.0,2812.23,6778.87,937.0,2776.0,21.11,,,-5.1,552.0,87284.0,assessed,1.0,1.0,2.0,0.2999999999999998,43.5,0.3995149106217478,886100.0,203.0,54951063.0,842.0,258.0,159.0,208.0,590.0,,,,,,main,,,,,,,8.876886364166218,1.7523270491495906,2.5,257.0,50.0,243.0
2022,Chongqing,重庆,binding,40.7,6.1,40.7,5.3,0.0,0.7999999999999998,1.0,1.0,0.0,0.0,28576.1,88953.0,3213.0,2012.6,11047.4,15516.1,14299.6,0.3865957915880753,0.5429747236326861,790.0,1644.0,182.0,69.0,34.02,5.56,1945.0,836.0,1404.0,695767.0,695767.0,203.11,5.56,755.15,998.0,34.02,638811.0,790.0,69.0,1644.0,2685.0,182.0,,,92.0,140.0,,1404.0,1433.0,42959.0,2712.0,836.0,4760.0,3922.0,1945.0,100.0,100.0,5.25,,45.5,,571.0,0.0,完成,完成,1.0,1404.0,,0.7,4892.77,2103.42,18.61,7966.3,7.8,8.8,23.3,0.28,4793346.0,3213.0,120350000.0,2280.0,0.7096171802054155,997.84,,,,,,1404.0,,2.5,,,,,1221.0,695767.0,-21.48,42959.0,,,,,,,,,,,,,,,151.7,,,,4.59,44.6,,1827.67,,7616.0,27524.31,0.7,3216.87,8.8,0.13,0.28,,57581500.0,38419170.0,35100000.0,3213.0,2280.0,2079.0,2103.42,4892.77,,,,,,0.108,-2.799999999999997,1.2999999999999998,181.0,54.0,7.692307692307687,9.523809523809534,34.02,5.56,998.0,3.965931863727455,1879.558011049724,1029.6296296296296,1404.0,4.697986577181212,695767.0,4.955605413105413,1.7765240959778827,49.13196692340802,436.9747899159664,,9929.6,,13.05,,118660000.0,2525.07,6261.43,4601.0,3064.0,13.11,,,16.9,299.1,46202.0,assessed,1.0,1.0,0.0,0.7999999999999998,40.7,0.3865957915880753,695767.0,221.0,63993197.0,578.0,2196.0,1103.0,1152.0,345.0,,,,,,main,,,,,,,8.876886364166218,1.7523270491495906,2.5,388.0,49.0,376.0
2023,Chongqing,重庆,binding,37.4,8.6,,6.5,,2.1,,1.0,0.0,0.0,30145.8,94147.0,3191.0,2074.7,11699.1,16372.0,15629.6,0.3880839121867723,0.5430938969939428,826.0,1761.0,206.0,157.0,40.24,6.71,2096.0,719.0,1453.0,905643.0,905643.0,,,,,,886784.0,826.0,157.0,1761.0,2949.0,206.0,,,121.0,273.0,,1453.0,1623.0,44427.0,2902.0,719.0,4920.0,4052.0,2096.0,100.0,100.0,,,,,,0.0,完成,完成,1.0,1453.0,,4.3,5304.56,2440.77,18.66,8333.4,6.1,13.5,16.7,0.28,4999041.0,3191.0,101430000.0,2287.0,0.716703227828267,1120.21,,224.36,848.91,,,1453.0,,2.5,,,,,1249.0,905643.0,30.16,44427.0,,,,,,,,,,,,,,,146.45,,,,3.58,42.3,43.1,,,,,4.3,2796.71,13.5,0.13,0.28,,46633310.0,32368880.0,29510000.0,3191.0,2287.0,2038.0,2440.77,5304.56,,1120.21,848.91,224.36,,0.108,0.0,1.2000000000000002,205.0,86.0,13.186813186813184,127.53623188405795,40.24,6.71,1120.0,4.191964285714286,1962.9268292682927,780.2325581395348,1453.0,3.490028490028485,905643.0,6.232918100481762,5.493051886016631,48.19908577645974,455.3431526167346,,1272.4,,3.92,,690000.0,381.34,2188.72,,373.0,8.94,60.0,,7.4,418.8,32293.0,assessed,1.0,1.0,-3.3000000000000043,2.1,40.7,0.3880839121867723,905643.0,217.0,72904731.0,879.0,2287.0,1155.0,1222.0,502.0,,,,,,main,,,,,,,8.876886364166218,1.7523270491495906,2.5,956.0,395.0,826.0
2024,Chongqing,重庆,binding,35.8,9.1,37.7,9.0,-1.9000000000000057,0.0999999999999996,0.0,1.0,0.0,0.0,32193.2,100903.0,3190.0,2135.8,11690.7,18366.7,16190.4,0.3631419057440702,0.5705148913435135,917.0,1794.0,247.0,310.0,45.76,17.78,2036.0,854.0,1612.0,1227740.0,,,,,,,,,,,,,,,,,,,,,,,,,,100.0,100.0,7.7,,41.7,,,-1.9,未完成,完成,1.0,1612.6,,0.1,5621.27,2595.36,,,,,,,,3190.0,100510000.0,,,1210.1,,218.4,928.17,,,1612.6,,2.5,,,,,,,,,,,,,,,,,,,,,,,,,,,,,,,,,,0.1,2565.79,,,,,44805650.0,32793630.0,26450000.0,3190.0,,,2595.36,5621.27,,1210.1,928.17,218.4,,0.108,-3.0,2.5,246.0,107.0,19.902912621359214,97.45222929936305,45.76,17.78,1210.0,5.251239669421488,1860.1626016260163,1661.6822429906542,1612.0,10.942876806607016,1227740.0,7.616253101736972,6.791659202940381,50.07268615732515,505.3291536050157,,,,,,39020000.0,890.46,2293.57,,,,35.64,,,,,assessed,0.0,1.0,-1.9000000000000057,0.0999999999999996,37.7,0.3631419057440702,1227740.0,239.0,101846370.0,988.0,256.0,83.0,122.0,1079.0,,,37.7,,,main,,,,,,,8.876886364166218,1.7523270491495906,2.5,1124.0,371.0,956.0
2025,Chongqing,,,,,,,,,,,,,,,,,,,,,,,,,,,,,,,,,,,,,,,,,,,,,,,,,,,,,,,,,,,,,,,,,,,,,,,,,,,,,,,,,,,,,,,,,,,,,,,,,,,,,,,,,,,,,,,,,,,,,,,,,,,,,,,,,,,,,,,,,,,,,,,,,,,,,,,,,,,,,,,,,,,,,,,,,,,,,,,,,,,,,,,,,,,,,,,,,,,,34.2,80.0,38.8,34.2,34.2,out_of_sample_extension,34.2,34.2,10.8,10.8,,,8.876886364166218,1.7523270491495906,2.5,,,
2026,Chongqing,,,,,,,,,,,,,,,,,,,,,,,,,,,,,,,,,,,,,,,,,,,,,,,,,,,,,,,,,,,,,,,,,,,,,,,,,,,,,,,,,,,,,,,,,,,,,,,,,,,,,,,,,,,,,,,,,,,,,,,,,,,,,,,,,,,,,,,,,,,,,,,,,,,,,,,,,,,,,,,,,,,,,,,,,,,,,,,,,,,,,,,,,,,,,,,,,,,,35.2,80.0,35.2,35.2,35.2,out_of_sample_extension,,35.2,,12.5,,,8.876886364166218,1.7523270491495906,2.5,,,
2015,Fujian,,pre_rps,27.2,3.4,,,,,-1.0,-1.0,,,,,,,,,,,,,,,,,,,,,,,,,,,,,,,,,,,,,,,,,,,,,,,,,,,,,,,,,,,,,,,,,,,,,,,,,,,,,,,,,,,,,,,,,,,,,,,,,,,,,,,,,,,,,,,,,,,,,,,,,,,,,,,,,,,,,,,,,,,,,,,,,,,,,,,,,,,65.0,492.9,1072.0,3.23,39123.0,13966965.0,627.7,1239.43,321.0,519.0,2.69,1.88,50.0,,504.9,13161.0,,,,,,,,,,,,,,,,,,,,,main,,,,,39.52621243364193,1.3614288460444155,202.9346970306646,1.0353186167824908,1.5,,,
2016,Fujian,,pre_rps,35.8,3.7,,,,,-1.0,-1.0,,,,,,,,,,,,,,,,,,,,,,,,,,,,,,,,,,,,,,,,,,,,,,,,,,,,,,,,,,,,,,,,,,,,,,,,,,,,,,,,,,,,,,,,,,,,,,,,,,,,,,,,,,,,,,,,,,,,,,,,,,,,,,,,,,,,,,,,,,,,,,,,,,,,,,,,,,,438.16,11712.0,6826.0,24.16,237016.0,156826190.0,2654.83,4275.4,5429.0,2586.0,10.68,,418.25,,490.3,226267.0,,,,,,,,423610.0,685.0,2818236.0,721.0,327.0,151.0,324.0,1045.0,,,,,,main,,,,,39.52621243364193,1.3614288460444155,202.9346970306646,1.0353186167824908,1.5,,,
2017,Fujian,福建,pre-rps,24.2,4.5,,,,,,,,,33842.4,83758.0,4065.0,2215.1,16290.0,15337.3,15393.9,0.4813488405077654,0.4531977637519797,1307.0,3074.0,252.0,92.0,65.0,6.0,2756.0,843.0,2113.0,753451.0,753451.0,416.0,6.0,1139.0,2186.0,65.0,1196585.0,1307.0,92.0,3074.0,5597.0,252.0,4.65,79.0,225.0,524.0,69.0,2113.0,1676.0,48652.0,3259.0,843.0,3879.0,4183.0,2756.0,,,,,,,511.0,,,,,2112.72,948.88,8.6,4684.15,2809.03,10.8,12864.9,,,,0.32,4487934.0,4065.0,171020040.0,2674.0,0.657810578105781,2200.67,364.0,454.61,1121.19,7542.95,812.41,2112.72,948.88,1.5,,88.0,4.65,1813.0,1902.0,753451.0,77.86,48652.0,42427.0,1676.0,251.0,680.0,524.0,41.0,225.0,69.0,79.0,1602094.0,107364.0,298057.0,1999628.0,6617571.0,149.75,2756.0,3259.0,3879.0,11.95,43.7,66.8,3221.82,45658.46,17348.0,34591.63,8.6,4794.23,,0.12,0.32,1289.86,64521568.0,38336201.0,60833803.0,4065.0,2674.0,2854.0,2809.03,4684.15,-3.5,2200.67,1121.19,454.61,7542.95,0.145,,,217.0,888.0,,,41.0,62.0,888.0,11.5990990990991,1889.400921658986,698.1981981981982,1921.0,,5549967.0,28.891030713170224,,56.76311372715882,472.57072570725705,796.0,4672.0,38596.0,37.81,,13873523.0,1703.21,4529.93,329.0,1572.0,19.94,0.19,555.0,,744.7,421211.0,assessed,,,,,,0.4813488405077654,753451.0,811.0,32878079.0,1714.0,398.0,165.0,375.0,1339.0,,,,,,main,,,,,39.52621243364193,1.3614288460444155,202.9346970306646,1.0353186167824908,1.5,,,
2018,Fujian,福建,binding,19.0,4.9,17.0,4.5,,,0.0,0.0,0.0,0.0,38687.8,94719.0,4104.0,2379.0,18847.8,17461.0,17178.4,0.4871768361085406,0.4513309105195953,1322.0,3128.0,300.0,148.0,72.0,14.0,2587.0,1099.0,2314.0,1493639.0,1493639.0,325.0,14.0,1405.0,2462.0,72.0,1401072.0,1322.0,148.0,3128.0,5770.0,300.0,3.63,58.0,74.0,210.0,56.0,2314.0,1743.0,49500.0,2504.0,1099.0,4507.0,4496.0,2587.0,,,,5.0,,18.7,439.71,2.0,完成,完成,1.0,2313.82,,11.5,4832.69,3007.41,10.89,14781.0,7.5,22.3,-4.9,0.35,5249417.0,4104.0,187407290.0,2749.0,0.6698343079922028,2494.16,,374.59,1398.71,8558.85,,2313.82,,1.5,60.0,75.0,3.63,2003.0,2078.0,1493639.0,98.24,49500.0,42967.0,1743.0,285.0,678.0,210.0,22.0,74.0,56.0,58.0,1588946.0,127643.0,227976.0,1743297.0,7153049.0,151.9,2587.0,2504.0,4507.0,10.85,44.3,66.8,3537.1,51298.0,17470.0,36232.5,11.5,4940.34,22.3,0.14,0.35,,68021349.0,40204795.0,67836414.0,4104.0,2749.0,3238.0,3007.41,4832.69,,2494.16,1398.71,374.59,8558.85,0.145,,,246.0,1118.0,19.047619047619047,60.86956521739131,50.0,104.0,1118.0,13.774597495527727,2032.520325203252,930.2325581395348,2135.0,9.512541410317077,6458139.0,30.24889461358314,14.317542491076283,55.18535559013436,520.224171539961,,2253.4,6819.0,12.55,,6013027.0,871.05,3772.23,,1250.0,14.32,1.03,,-19.1,426.8,67193.0,assessed,,,,,,0.4871768361085406,1493639.0,811.0,39570824.0,1323.0,329.0,89.0,320.0,1301.0,,,,,,main,,,,,39.52621243364193,1.3614288460444155,202.9346970306646,1.0353186167824908,1.5,,,
2019,Fujian,福建,binding,24.0,5.6,18.5,5.0,,,0.0,0.0,0.0,0.0,42326.6,102722.0,4137.0,2595.5,20065.5,19665.6,19108.9,0.4740635912168707,0.4646156317776528,1321.0,3172.0,376.0,169.0,87.0,16.0,2639.0,1040.0,2402.0,1718584.0,1718584.0,442.0,16.0,1406.0,2573.0,87.0,1270902.0,1321.0,169.0,3172.0,5909.0,376.0,3.65,22.0,43.0,155.0,82.0,2402.0,1874.0,52198.0,3345.0,1040.0,4299.0,4449.0,2639.0,,,,5.5,,20.4,577.0,5.5,完成,完成,1.0,2402.0,,5.9,5077.93,3052.93,10.98,15654.0,-10.5,16.2,10.0,0.35,5985139.0,4137.0,193111151.0,2808.0,0.6787527193618564,2577.96,,442.35,1411.24,8718.32,,2402.0,,1.5,71.0,79.0,3.65,2074.0,2152.0,1718584.0,15.06,52198.0,45780.0,1874.0,340.0,726.0,155.0,8.0,43.0,82.0,22.0,1945019.0,132679.0,89581.0,4381810.0,7047741.0,152.1,2639.0,3345.0,4299.0,12.54,44.5,,4326.54,,18373.0,39551.81,5.9,5673.13,16.2,0.15,0.35,,62042016.0,35768677.0,65954558.0,4137.0,2808.0,3193.0,3052.93,5077.93,,2577.96,1411.24,442.35,8718.32,0.145,,,274.0,1254.0,25.333333333333343,14.18918918918919,47.0,125.0,1254.0,13.71610845295056,1715.3284671532847,996.8102073365231,2301.0,3.802938634399311,7294943.0,31.703359408952625,9.405549036130246,54.362977418455536,556.2001450326323,,5246.6,8022.0,9.51,,68221637.0,1811.89,5850.96,1208.0,2639.0,12.78,0.25,,14.0,573.3,48620.0,assessed,,,,,,0.4740635912168707,1718584.0,941.0,45049680.0,2150.0,702.0,277.0,627.0,1042.0,,,,,,main,,,,,39.52621243364193,1.3614288460444155,202.9346970306646,1.0353186167824908,1.5,,,
2020,Fujian,福建,binding,19.0,7.3,19.5,6.0,,,0.0,0.0,0.0,0.0,43608.6,105106.0,4161.0,2730.8,20168.4,20709.3,19058.1,0.4624867571992681,0.4748902739367923,1331.0,3478.0,486.0,202.0,122.0,19.0,2880.0,1063.0,2483.0,1549782.0,1549782.0,292.0,19.0,1551.0,2636.0,122.0,1109066.0,1331.0,202.0,3478.0,6372.0,486.0,3.75,33.0,174.0,332.0,109.0,2483.0,1922.0,54913.0,2196.0,1063.0,4610.0,4477.0,2880.0,,,,6.6,,21.8,473.0,0.0,完成,完成,1.0,2483.0,,-0.4,5216.1,3079.04,11.01,15615.5,-9.8,-2.3,19.8,0.38,6669131.0,4161.0,203580822.0,2861.0,0.6875751021389089,2651.05,,291.77,1565.31,,,2483.0,,1.5,89.5,84.0,3.75,2150.0,2234.0,1549782.0,-9.82,54913.0,48563.0,1922.0,357.0,803.0,332.0,13.0,174.0,109.0,33.0,2034920.0,168969.0,30832.0,1992376.0,8270438.0,153.45000000000002,2880.0,2196.0,4610.0,7.88,44.6,,3949.87,,18845.0,41995.99,-0.4,6026.8,-2.3,0.15,0.38,,56595602.0,33475463.0,61186918.0,4161.0,2861.0,3545.0,3079.04,5216.1,,2651.05,1565.31,291.77,,0.145,,,486.0,72.0,29.255319148936177,19.526627218934923,122.27,19.21,2651.0,,,,2483.0,3.372189841798501,1549782.0,,3.0288282073211548,56.938310333282885,596.731554914684,,11235.5,,10.86,,78704041.0,3216.01,7473.59,1214.0,3561.0,23.65,2.24,,11.9,439.9,243546.0,assessed,1.0,1.0,-0.5,1.2999999999999998,19.5,0.4624867571992681,1549782.0,943.0,47431914.0,1446.0,520.0,79.0,511.0,955.0,,,,,,main,,,,,39.52621243364193,1.3614288460444155,202.9346970306646,1.0353186167824908,1.5,1402.0,160.0,1400.0
2021,Fujian,福建,binding,19.0,9.1,19.0,7.5,,,0.0,0.0,0.0,0.0,49566.1,118750.0,4187.0,2899.9,23319.8,23346.3,21072.2,0.4704788151579406,0.4710134547604108,1386.0,3596.0,735.0,277.0,152.0,25.0,2703.0,1090.0,2837.0,1006881.0,1006881.0,274.28,25.04,1722.42,2951.0,151.87,1290397.0,1386.0,277.0,3596.0,6983.0,735.0,,,142.0,650.0,,2837.0,1982.0,56935.0,2070.0,1090.0,4877.0,4672.0,2703.0,100.0,100.0,,8.3,,21.0,539.0,0.0,完成,完成,1.0,2837.0,,6.0,5204.72,3383.4,11.1,18292.8,4.0,13.9,-4.8,0.4,7716534.0,4187.0,283840000.0,2918.0,0.6969190351086697,2950.8,,,,,,2837.0,,1.5,,,,,2571.0,1006881.0,-35.03,56935.0,,,,,,,,,,,,,,,151.2,,,,6.51,44.3,,4980.0,,20105.0,47211.29,6.0,6195.61,13.9,0.15,0.4,,69081230.0,42064870.0,89600422.0,4187.0,2918.0,3577.0,3383.4,5204.72,,2950.8,,,,0.145,-0.5,1.5,735.0,75.0,51.23456790123457,37.12871287128714,151.87,25.04,2951.0,5.994916977295832,2066.2585034013605,3338.6666666666665,2837.0,14.256947241240425,1006881.0,3.5491046880507584,13.6612961663525,57.23670008332308,677.5734416049678,,10543.6,,14.7,,32960000.0,2834.47,5046.62,515.0,2207.0,14.46,123.35,,-25.0,208.3,76071.0,assessed,1.0,1.0,0.0,1.5999999999999996,19.0,0.4704788151579406,1006881.0,993.0,53418433.0,1839.0,418.0,,269.0,1180.0,,,,,,main,,,,,39.52621243364193,1.3614288460444155,202.9346970306646,1.0353186167824908,1.5,1393.0,6.0,1328.0
2022,Fujian,福建,binding,24.5,11.2,19.5,8.8,5.0,2.3999999999999986,1.0,1.0,0.0,0.0,51765.1,123618.0,4188.0,3077.6,23125.3,25562.2,21999.4,0.446735348719504,0.493811467571781,1538.0,3681.0,742.0,465.0,230.63,38.15,3132.0,1033.0,2900.0,1795531.0,1795531.0,386.95,38.15,1601.13,3089.0,230.63,1634513.0,1538.0,465.0,3681.0,7528.0,742.0,,,131.0,612.0,,2900.0,2028.0,58995.0,2622.0,1033.0,4370.0,4449.0,3132.0,100.0,100.0,8.75,,19.96,,711.0,5.0,完成,完成,1.0,2900.0,,7.5,5691.22,3339.21,11.29,18013.3,17.2,19.7,4.4,0.42,8485871.0,4188.0,296730000.0,2937.0,0.7012893982808023,3088.8,,,,,,2900.0,,1.5,,,,,2609.0,1795531.0,78.33,58995.0,,,,,,,,,,,,,,,153.75,,,,6.0,44.1,,3698.65,,20691.0,50912.96,7.5,5133.63,19.7,0.16,0.42,,65721370.0,41090120.0,92680000.0,4188.0,2937.0,3492.0,3339.21,5691.22,,,,,,0.145,0.5,1.3000000000000007,742.0,89.0,0.952380952380949,67.87003610108304,230.63,38.15,3089.0,8.701197798640335,3108.2210242587603,4286.516853932584,2900.0,2.2206556221360696,1795531.0,6.191486206896552,4.436499946536032,56.0223007393012,692.4546322827125,,13266.0,,6.72,,71450000.0,3311.57,6760.98,1573.0,2532.0,18.56,,,12.1,239.9,18380.0,assessed,1.0,1.0,5.0,2.3999999999999986,19.5,0.446735348719504,1795531.0,986.0,56182927.0,1752.0,154.0,22.0,150.0,899.0,,,,,,main,,,,,39.52621243364193,1.3614288460444155,202.9346970306646,1.0353186167824908,1.5,1736.0,450.0,1558.0
2023,Fujian,福建,binding,23.1,11.2,20.6,10.0,2.5,1.1999999999999993,1.0,1.0,0.0,0.0,54355.1,129865.0,4183.0,3217.7,23966.4,27171.0,23348.6,0.440922746899555,0.4998794961282382,1606.0,3717.0,762.0,875.0,215.74,70.47,2880.0,1006.0,3090.0,2013131.0,2013131.0,,,,,,1861691.0,1606.0,875.0,3717.0,8061.0,762.0,,,54.0,552.0,,3090.0,2181.0,61336.0,2191.0,1006.0,4785.0,4511.0,2880.0,100.0,100.0,,,,,,2.5,完成,完成,1.0,3090.0,,2.5,5859.39,3592.04,11.56,18548.3,3.6,11.6,16.0,0.46,9172900.0,4183.0,280760000.0,2972.0,0.7104948601482189,3302.52,,368.51,1793.46,,,3090.0,,1.5,,,,,2775.0,2013131.0,12.12,61336.0,,,,,,,,,,,,,,,152.92000000000002,,,,5.69,44.2,66.8,,,,,2.5,4413.89,11.6,0.17,0.46,,55135570.0,32631770.0,85650000.0,4183.0,2972.0,3356.0,3592.04,5859.39,,3302.52,1793.46,368.51,,0.145,1.1000000000000014,1.1999999999999993,762.0,133.0,2.695417789757415,88.1720430107527,215.74,70.47,3303.0,8.66515289131093,2831.233595800525,5298.496240601504,3090.0,6.5517241379310365,2013131.0,6.514987055016181,5.003370997061718,56.84839141129351,738.7042792254363,,48712.9,,7.98,,1179920000.0,13850.78,18527.03,,9583.0,22.34,123.65,,21.8,315.7,217325.0,assessed,1.0,1.0,2.5,1.1999999999999993,20.6,0.440922746899555,2013131.0,1076.0,59747235.0,1148.0,111.0,78.0,103.0,1098.0,,,,,,main,,,,,39.52621243364193,1.3614288460444155,202.9346970306646,1.0353186167824908,1.5,1649.0,236.0,1626.0
2024,Fujian,福建,binding,26.0,12.6,23.4,11.5,2.6000000000000014,1.0999999999999996,1.0,1.0,0.0,0.0,57761.0,137920.0,4193.0,3287.7,24713.2,29760.2,24370.8,0.4278527033811741,0.5152299994806184,1720.0,3861.0,803.0,1258.0,249.24,109.06,3154.0,981.0,3331.0,2803581.0,,,,,,,,,,,,,,,,,,,,,,,,,,100.0,100.0,11.7,,21.6,,,2.6,完成,完成,1.0,3331.0,,3.9,6081.11,3614.64,,,,,,,,4193.0,279660000.0,,,3584.41,,445.19,1927.24,,,3331.0,,1.5,,,,,,,,,,,,,,,,,,,,,,,,,,,,,,,,,,3.9,3474.08,,,,,57647080.0,35074920.0,84610000.0,4193.0,,,3614.64,6081.11,,3584.41,1927.24,445.19,,0.145,2.799999999999997,1.5,803.0,192.0,5.38057742782152,43.77142857142857,249.24,109.06,3584.0,9.997209821428571,3103.860523038605,5680.208333333333,3331.0,7.799352750809052,2803581.0,8.416634644250976,6.266017356237041,57.66866917124011,794.4192702122585,,,,,,739860000.0,8705.61,12564.61,,,,,,,,,assessed,1.0,1.0,2.6000000000000014,1.0999999999999996,23.4,0.4278527033811741,2803581.0,1051.0,97988466.0,1574.0,87.0,51.0,70.0,1064.0,,,24.4,,,main,,,,,39.52621243364193,1.3614288460444155,202.9346970306646,1.0353186167824908,1.5,1854.0,305.0,1624.0
2025,Fujian,,,,,,,,,,,,,,,,,,,,,,,,,,,,,,,,,,,,,,,,,,,,,,,,,,,,,,,,,,,,,,,,,,,,,,,,,,,,,,,,,,,,,,,,,,,,,,,,,,,,,,,,,,,,,,,,,,,,,,,,,,,,,,,,,,,,,,,,,,,,,,,,,,,,,,,,,,,,,,,,,,,,,,,,,,,,,,,,,,,,,,,,,,,,,,,,,,,,25.2,80.0,25.5,25.2,25.2,out_of_sample_extension,24.2,24.2,14.499999999999998,14.499999999999998,39.52621243364193,1.3614288460444155,202.9346970306646,1.0353186167824908,1.5,,,
2026,Fujian,,,,,,,,,,,,,,,,,,,,,,,,,,,,,,,,,,,,,,,,,,,,,,,,,,,,,,,,,,,,,,,,,,,,,,,,,,,,,,,,,,,,,,,,,,,,,,,,,,,,,,,,,,,,,,,,,,,,,,,,,,,,,,,,,,,,,,,,,,,,,,,,,,,,,,,,,,,,,,,,,,,,,,,,,,,,,,,,,,,,,,,,,,,,,,,,,,,,26.200000000000003,80.0,26.200000000000003,26.200000000000003,26.200000000000003,out_of_sample_extension,,25.2,,16.2,39.52621243364193,1.3614288460444155,202.9346970306646,1.0353186167824908,1.5,,,
2015,Gansu,,pre_rps,42.4,11.4,,,,,-1.0,-1.0,,,,,,,,,,,,,,,,,,,,,,,,,,,,,,,,,,,,,,,,,,,,,,,,,,,,,,,,,,,,,,,,,,,,,,,,,,,,,,,,,,,,,,,,,,,,,,,,,,,,,,,,,,,,,,,,,,,,,,,,,,,,,,,,,,,,,,,,,,,,,,,,,,,,,,,,,,,327.0,11677.3,11766.0,55.14,313785.0,45552580.0,3005.53,6132.84,2482.0,3345.0,25.3,1.35,292.0,,516.5,157976.0,,,,,,,,,,,,,,,,,,,,,main,,,,,1312.104512687098,1.285059254111677,2146.975289996932,0.6395510779316834,6.0,,,
2016,Gansu,,pre_rps,42.9,12.5,,,,,-1.0,-1.0,,,,,,,,,,,,,,,,,,,,,,,,,,,,,,,,,,,,,,,,,,,,,,,,,,,,,,,,,,,,,,,,,,,,,,,,,,,,,,,,,,,,,,,,,,,,,,,,,,,,,,,,,,,,,,,,,,,,,,,,,,,,,,,,,,,,,,,,,,,,,,,,,,,,,,,,,,,142.47,8045.5,4626.0,6.5,220759.0,433768191.0,6406.13,6918.94,21491.0,2196.0,1.33,2.02,136.5,,433.5,519488.0,,,,,,,,2624552.0,1121.0,10974072.0,1743.0,16.0,8.0,16.0,276.0,,,,,,main,,,,,1312.104512687098,1.285059254111677,2146.975289996932,0.6395510779316834,6.0,,,
2017,Gansu,甘肃,pre-rps,46.9,13.8,,,,,,,,,7336.7,29103.0,2522.0,859.8,2515.8,3961.2,3206.2,0.3429062112393856,0.5399157659438167,868.0,2059.0,1282.0,786.0,188.0,73.0,1469.0,1123.0,1164.0,3642321.0,3642321.0,374.0,73.0,707.0,1342.0,188.0,453649.0,868.0,786.0,2059.0,4995.0,1282.0,6.56,102.0,112.0,227.0,5.0,1164.0,1550.0,64363.0,4162.0,1123.0,3508.0,2727.0,1469.0,,,,,,,546.0,,,,,1164.37,357.15,-36.8,3304.44,815.73,14.23,2020.5,,,,0.47,466912.0,2522.0,4826333.0,1214.0,0.4813639968279143,1349.15,143.0,374.15,713.92,6360.81,301.73,1164.37,357.15,6.0,,55.0,6.56,789.0,844.0,3642321.0,38.78,64363.0,61321.0,1550.0,345.0,1152.0,227.0,7.0,112.0,5.0,102.0,359242.0,25314.0,299264.0,465014.0,1478362.0,156.35,1469.0,4162.0,3508.0,13.13,33.3,11.3,244.54,8434.49,1905.0,12312.42,-36.8,944.52,,0.04,0.47,,31366.0,11951.0,3305994.0,2522.0,1214.0,4066.0,815.73,3304.44,,1349.15,713.92,374.15,6360.81,0.3,,,364.0,535.0,,,54.0,52.0,535.0,19.81308411214953,1483.5164835164835,971.96261682243,1495.0,,3986355.0,26.66458193979933,,203.7700873689806,592.7835051546392,333.0,3885.9,490.0,0.65,,324017423.0,5430.79,6824.53,9737.0,1907.0,2.22,15.41,306.0,,181.9,156666.0,assessed,,,,,,0.3429062112393856,3642321.0,1180.0,72306072.0,2535.0,14.0,4.0,13.0,749.0,,,,,,main,,,,,1312.104512687098,1.285059254111677,2146.975289996932,0.6395510779316834,6.0,,,
2018,Gansu,甘肃,binding,48.4,13.4,44.0,14.5,,,0.0,0.0,19.0,9.8,8104.1,32178.0,2515.0,926.1,2761.6,4416.4,3435.6,0.340765785219827,0.544958724596192,927.0,2064.0,1282.0,839.0,230.0,95.0,1772.0,1336.0,1290.0,6102744.0,6102744.0,444.0,95.0,830.0,1599.0,230.0,437719.0,927.0,839.0,2064.0,5113.0,1282.0,6.36,65.0,4.0,130.0,,1290.0,1553.0,65225.0,4840.0,1336.0,4178.0,3212.0,1772.0,81.0,90.2,,16.0,,48.4,624.51,4.4,完成,未完成,1.0,1289.52,,-3.9,3772.23,871.05,14.32,2253.4,-13.6,-13.4,-19.1,0.47,476151.0,2515.0,6013027.0,1250.0,0.4970178926441352,1531.43,,411.92,803.44,6819.03,,1289.52,,6.0,25.5,60.0,6.36,879.0,939.0,6102744.0,67.55,65225.0,61930.0,1553.0,345.0,1157.0,130.0,61.0,4.0,,65.0,311015.0,11885.0,299130.0,273515.0,1031907.0,166.25,1772.0,4840.0,4178.0,12.55,33.5,11.3,270.4,8888.9,1917.0,12148.6,-3.9,1116.39,-13.4,0.06,0.47,,33447.0,10664.0,3901023.0,2515.0,1250.0,3237.0,871.05,3772.23,,1531.43,803.44,411.92,6819.03,0.3,,,405.0,716.0,0.0,6.743002544529264,72.0,71.0,716.0,19.972067039106143,1777.7777777777778,991.6201117318436,1594.0,10.824742268041243,4332756.0,27.18165621079046,10.459743481401729,196.6905640354882,633.7972166998012,,4165.5,12008.0,32.55,,7602857.0,1726.85,5029.68,,1893.0,19.69,2.98,,-1.9,297.5,66125.0,assessed,,,,,,0.340765785219827,6102744.0,1214.0,90924991.0,192.0,7.0,,7.0,428.0,,,,,,main,,,,,1312.104512687098,1.285059254111677,2146.975289996932,0.6395510779316834,6.0,,,
2019,Gansu,甘肃,binding,53.9,16.9,44.0,17.0,,,0.0,0.0,7.6,4.0,8718.3,34707.0,2509.0,1059.3,2862.4,4796.6,3638.0,0.3283208882465618,0.5501760664349702,943.0,2104.0,1297.0,924.0,228.0,118.0,1787.0,1422.0,1288.0,7392640.0,7392640.0,496.0,118.0,817.0,1659.0,228.0,765222.0,943.0,924.0,2104.0,5268.0,1297.0,6.3,81.0,,108.0,12.0,1288.0,1568.0,68877.0,5180.0,1422.0,4236.0,3274.0,1787.0,92.0,96.0,,18.7,,48.4,696.0,9.9,完成,未完成,1.0,1288.0,,6.6,3951.6,850.49,15.14,2319.8,2.4,24.8,27.3,0.48,505544.0,2509.0,5520088.0,1272.0,0.5069748903945795,1630.5,,496.12,787.82,6810.16,,1288.0,,6.0,38.5,60.0,6.3,896.0,957.0,7392640.0,21.14,68877.0,66048.0,1568.0,349.0,1185.0,108.0,15.0,,12.0,81.0,335992.0,9356.0,235243.0,321044.0,810807.0,157.35,1787.0,5180.0,4236.0,11.29,36.0,,304.87,,1825.0,12349.09,6.6,1257.85,24.8,0.08,0.48,,50692.0,13017.0,3165568.0,2509.0,1272.0,3260.0,850.49,3951.6,,1630.5,787.82,496.12,6810.16,0.3,,,532.0,939.0,1.170046801872071,10.131108462455307,83.0,94.0,939.0,18.84984025559105,1560.1503759398497,1001.0649627263044,1912.0,-0.15503875968991832,5449729.0,28.502766736401675,7.578879826260776,219.30881020382407,762.0565962534874,,17938.2,20045.0,10.44,,82498953.0,4041.89,10163.93,1069.0,5348.0,26.98,2.96,,12.0,247.1,424762.0,assessed,,,,,,0.3283208882465618,7392640.0,1344.0,89320672.0,1017.0,77.0,48.0,77.0,360.0,,,,,,main,,,,,1312.104512687098,1.285059254111677,2146.975289996932,0.6395510779316834,6.0,,,
2020,Gansu,甘肃,binding,52.5,17.8,44.5,16.5,,,0.0,0.0,6.0,2.0,8979.7,35848.0,2501.0,1188.1,2824.8,4966.7,3513.2,0.3145762107865519,0.553103110348898,957.0,2308.0,1373.0,982.0,246.0,133.0,1904.0,1511.0,1376.0,7873207.0,7873207.0,507.0,133.0,901.0,1787.0,246.0,684460.0,957.0,982.0,2308.0,5620.0,1373.0,6.25,57.0,204.0,350.0,76.0,1376.0,1682.0,80564.0,5247.0,1511.0,4550.0,3452.0,1904.0,,,,18.2,,48.8,722.0,8.0,完成,完成,1.0,1376.0,,7.8,4163.4,874.55,15.6,2265.4,12.2,5.0,-6.9,0.51,521334.0,2501.0,5529729.0,1306.0,0.5221911235505797,1762.35,,506.81,875.95,,,1376.0,,6.0,41.5,65.0,6.25,978.0,1043.0,7873207.0,6.5,80564.0,74433.0,1682.0,468.0,824.0,350.0,13.0,204.0,76.0,57.0,271635.0,4920.0,140148.0,299325.0,991036.0,153.45,1904.0,5247.0,4550.0,8.58,36.3,,300.06,,1952.0,12207.36,7.8,1355.64,5.0,0.1,0.51,,69390.0,14693.0,3895730.0,2501.0,1306.0,3235.0,874.55,4163.4,,1762.35,875.95,506.81,,0.3,,,1373.0,908.0,5.859676175790285,6.277056277056281,246.25,133.34,1762.0,,,,1376.0,6.8322981366459645,7873207.0,,2.998290951217575,153.234517856944,550.1799280287885,,3121.8,,14.32,,22230921.0,1152.51,5449.41,480.0,2080.0,16.81,46.78,,11.6,977.6,40805.0,assessed,1.0,1.0,8.0,1.3000000000000007,44.5,0.3145762107865519,7873207.0,1344.0,90835605.0,1402.0,167.0,138.0,167.0,525.0,,,,,,main,,,,,1312.104512687098,1.285059254111677,2146.975289996932,0.6395510779316834,6.0,380.0,73.0,380.0
2021,Gansu,甘肃,binding,46.9,18.9,49.5,18.0,,,0.0,0.0,4.1,1.5,10225.5,40976.0,2490.0,1364.8,3451.2,5409.5,3837.7,0.337509168255831,0.5290205857904259,967.0,2309.0,1725.0,1146.0,288.0,150.0,2022.0,1546.0,1495.0,7926684.0,7926684.0,451.8,149.8,1006.78,1897.0,288.44,753283.0,967.0,1146.0,2309.0,6152.0,1725.0,,,7.0,544.0,,1495.0,1700.0,80778.0,4534.0,1546.0,4971.0,3506.0,2022.0,95.9,98.5,,19.8,,54.8,701.0,-2.6,未完成,完成,1.0,1495.0,,11.1,4032.56,1001.86,15.66,2835.4,4.2,15.5,80.8,0.53,642948.0,2490.0,7320000.0,1328.0,0.5333333333333333,1896.82,,,,,,1495.0,,6.0,,,,,1155.0,7926684.0,0.68,80778.0,,,,,,,,,,,,,,,156.04999999999998,,,,8.47,36.3,,545.33,,2262.0,14052.57,11.1,1525.88,15.5,0.12,0.53,,90770.0,19410.0,5498349.0,2490.0,1328.0,3359.0,1001.86,4032.56,,1896.82,,,,0.3,5.0,1.5,1725.0,1069.0,25.63729060451565,16.700610997963338,288.44,149.8,1897.0,23.10173958882446,1672.1159420289855,1401.309635173059,1495.0,8.648255813953497,7926684.0,53.02129765886288,13.873514705391043,146.20311965185076,600.4016064257028,,5057.9,,13.33,,24130000.0,1618.61,5376.91,305.0,1482.0,21.73,387.59,,-16.3,2216.3,110892.0,assessed,0.0,1.0,-2.6000000000000014,0.8999999999999986,49.5,0.337509168255831,7926684.0,1339.0,112093496.0,521.0,1828.0,653.0,802.0,241.0,,,,,,main,,,,,1312.104512687098,1.285059254111677,2146.975289996932,0.6395510779316834,6.0,1176.0,551.0,935.0
2022,Gansu,甘肃,binding,50.1,24.2,50.0,20.3,0.1000000000000014,3.899999999999999,1.0,1.0,6.2,1.8,11121.4,44646.0,2492.0,1499.7,3928.3,5693.4,3662.8,0.3532199183556027,0.5119319510133616,972.0,2313.0,2073.0,1417.0,348.11,180.1,1898.0,1506.0,1501.0,8340564.0,8340564.0,374.65,180.1,1051.28,1954.0,348.11,725056.0,972.0,1417.0,2313.0,6775.0,2073.0,,,4.0,630.0,,1501.0,1774.0,81888.0,3886.0,1506.0,5081.0,3233.0,1898.0,93.8,98.2,19.25,,50.0,,752.0,0.1,完成,完成,1.0,1501.0,,10.1,4257.16,907.65,15.72,3274.7,-0.5,46.9,77.3,0.56,720007.0,2492.0,8540000.0,1351.0,0.5421348314606742,1954.14,,,,,,1501.0,,6.0,,,,,1190.0,8340564.0,5.22,81888.0,,,,,,,,,,,,,,,156.54999999999998,,,,7.67,36.2,,607.49,,2518.0,15837.31,10.1,1481.66,46.9,0.16,0.56,,60740.0,21560.0,6820000.0,2492.0,1351.0,3223.0,907.65,4257.16,,,,,,0.3,0.5,2.3000000000000007,2073.0,1343.0,20.173913043478265,23.647469458987793,348.11,180.1,1954.0,27.03224155578301,1679.2571152918476,1341.0275502606105,1501.0,0.4013377926421313,8340564.0,55.56671552298468,8.76142975893599,134.96502238926757,602.3274478330658,,16188.7,,12.22,,149580000.0,4880.55,11914.66,2731.0,4886.0,40.54,,,-7.6,300.5,42088.0,assessed,1.0,1.0,0.1000000000000014,3.899999999999999,50.0,0.3532199183556027,8340564.0,1166.0,94075343.0,490.0,1308.0,554.0,965.0,332.0,,,,,,main,,,,,1312.104512687098,1.285059254111677,2146.975289996932,0.6395510779316834,6.0,1784.0,1002.0,1639.0
2023,Gansu,甘肃,binding,51.6,27.3,50.0,21.5,1.6000000000000014,5.800000000000001,1.0,1.0,5.0,5.0,11863.8,47867.0,2465.0,1641.3,4080.8,6141.8,3972.3,0.3439707345032789,0.5176924762723579,972.0,2525.0,2614.0,2540.0,436.62,248.67,2023.0,1444.0,1645.0,8927043.0,8927043.0,,,,,,755702.0,972.0,2540.0,2525.0,8650.0,2614.0,,,212.0,1876.0,,1645.0,1884.0,85400.0,3898.0,1444.0,4677.0,2967.0,2023.0,95.0,95.0,,,,,,1.6,完成,完成,1.0,1645.0,,5.9,4521.82,1003.58,15.82,3389.6,0.0,11.0,31.3,0.56,782290.0,2465.0,7000000.0,1368.0,0.5549695740365111,2108.97,,373.49,1050.2,,,1645.0,,6.0,,,,,1344.0,8927043.0,7.03,85400.0,,,,,,,,,,,,,,,155.95,,,,7.77,36.8,11.3,,,,,5.9,1264.0,11.0,0.18,0.56,,115540.0,47860.0,5320000.0,2465.0,1368.0,3342.0,1003.58,4521.82,,2108.97,1050.2,373.49,,0.3,0.0,1.1999999999999993,2614.0,2435.0,26.097443318861547,79.25194071983064,436.62,248.67,2109.0,32.493598862019915,1670.3136954858455,1021.2320328542096,1645.0,9.593604263824119,8927040.0,54.26772036474164,6.675418562411206,138.65709131981322,667.3427991886409,,29191.2,,13.45,,464380000.0,7464.78,12581.74,,6634.0,29.34,8.46,,36.2,220.3,281548.0,assessed,1.0,1.0,1.6000000000000014,5.800000000000001,50.0,0.3439707345032789,8927043.0,1524.0,98442178.0,552.0,1124.0,333.0,1016.0,744.0,,,,,,main,,,,,1312.104512687098,1.285059254111677,2146.975289996932,0.6395510779316834,6.0,3254.0,962.0,3160.0
2024,Gansu,甘肃,binding,53.3,30.3,51.7,27.5,1.5999999999999943,2.8000000000000007,1.0,1.0,6.0,8.700000000000003,13002.9,52825.0,2458.0,1621.7,4436.4,6944.8,4133.2,0.3411854278660914,0.5340962400695229,971.0,2616.0,3215.0,3191.0,457.89,337.04,1595.0,1212.0,1746.0,8986762.0,,,,,,,,,,,,,,,,,,,,,,,,,,94.0,91.3,23.2,,51.0,,,1.6,完成,完成,1.0,1746.0,,3.2,4781.75,1051.42,,,,,,,,2458.0,8650000.0,,,2271.5,,396.01,1080.56,,,1746.0,,6.0,,,,,,,,,,,,,,,,,,,,,,,,,,,,,,,,,,3.2,1166.75,,,,,73550.0,23860.0,6200000.0,2458.0,,,1051.42,4781.75,,2271.5,1080.56,396.01,,0.3,1.7000000000000028,6.0,3215.0,3005.0,22.99158377964805,25.629921259842515,457.89,337.04,2272.0,34.9881161971831,1424.2301710730949,1121.5973377703826,1746.0,6.139817629179323,8986762.0,51.47057273768614,9.60147676124008,134.27773804305193,710.3336045565501,,,,,,24790000.0,1191.39,4672.93,,,,18.27,,,,,assessed,1.0,1.0,1.5999999999999943,2.8000000000000007,51.7,0.3411854278660914,8986762.0,1651.0,110918617.0,871.0,1546.0,676.0,1441.0,726.0,,,51.7,,,main,,,,,1312.104512687098,1.285059254111677,2146.975289996932,0.6395510779316834,6.0,3332.0,938.0,2657.0
2025,Gansu,,,,,,,,,,,,,,,,,,,,,,,,,,,,,,,,,,,,,,,,,,,,,,,,,,,,,,,,,,,,,,,,,,,,,,,,,,,,,,,,,,,,,,,,,,,,,,,,,,,,,,,,,,,,,,,,,,,,,,,,,,,,,,,,,,,,,,,,,,,,,,,,,,,,,,,,,,,,,,,,,,,,,,,,,,,,,,,,,,,,,,,,,,,,,,,,,,,,53.6,80.0,52.8,53.6,53.6,out_of_sample_extension,53.6,53.6,30.0,30.0,1312.104512687098,1.285059254111677,2146.975289996932,0.6395510779316834,6.0,,,
2026,Gansu,,,,,,,,,,,,,,,,,,,,,,,,,,,,,,,,,,,,,,,,,,,,,,,,,,,,,,,,,,,,,,,,,,,,,,,,,,,,,,,,,,,,,,,,,,,,,,,,,,,,,,,,,,,,,,,,,,,,,,,,,,,,,,,,,,,,,,,,,,,,,,,,,,,,,,,,,,,,,,,,,,,,,,,,,,,,,,,,,,,,,,,,,,,,,,,,,,,,54.6,80.0,54.6,54.6,54.6,out_of_sample_extension,,54.6,,30.0,1312.104512687098,1.285059254111677,2146.975289996932,0.6395510779316834,6.0,,,
2015,Guangdong,,pre_rps,33.1,1.8,,,,,-1.0,-1.0,,,,,,,,,,,,,,,,,,,,,,,,,,,,,,,,,,,,,,,,,,,,,,,,,,,,,,,,,,,,,,,,,,,,,,,,,,,,,,,,,,,,,,,,,,,,,,,,,,,,,,,,,,,,,,,,,,,,,,,,,,,,,,,,,,,,,,,,,,,,,,,,,,,,,,,,,,,314.0,3090.7,9805.0,36.29,126908.0,18877390.0,1229.35,3217.1,779.0,1506.0,9.73,20.31,205.0,,485.3,121203.0,,,,,,,,,,,,,,,,,,,,,main,,,,,175.8375949751538,1.3291108008733483,405.7258121726069,0.9543319796512468,1.5,,,
2016,Guangdong,,pre_rps,33.9,1.9,,,,,-1.0,-1.0,,,,,,,,,,,,,,,,,,,,,,,,,,,,,,,,,,,,,,,,,,,,,,,,,,,,,,,,,,,,,,,,,,,,,,,,,,,,,,,,,,,,,,,,,,,,,,,,,,,,,,,,,,,,,,,,,,,,,,,,,,,,,,,,,,,,,,,,,,,,,,,,,,,,,,,,,,,280.2,925.4,8665.0,19.65,33949.0,3252489.0,387.66,1254.54,99.0,408.0,3.39,,264.68,,966.5,242101.0,,,,,,,,1636609.0,328.0,46140504.0,2048.0,348.0,128.0,336.0,2485.0,,,,,,main,,,,,175.8375949751538,1.3291108008733483,405.7258121726069,0.9543319796512468,1.5,,,
2017,Guangdong,广东,pre-rps,32.4,3.2,,,,,,,,,91648.7,76218.0,12141.0,3611.4,38536.6,49500.7,36598.6,0.4204816871379517,0.5401134986093638,1486.0,7768.0,335.0,332.0,62.0,20.0,2044.0,843.0,5959.0,1707489.0,1707489.0,301.0,20.0,3165.0,4348.0,62.0,4426139.0,1486.0,332.0,7768.0,10968.0,335.0,4.59,23.0,,196.0,29.0,5959.0,3045.0,75515.0,2869.0,843.0,4102.0,4137.0,2044.0,,,,,,,1932.0,,,,,5958.97,1540.37,10.0,15037.48,11320.35,21.96,35344.0,,,,0.42,18650313.0,12141.0,1006678374.0,8589.0,0.707437608104769,4503.36,593.0,307.65,3329.31,17172.1,1233.57,5958.97,1540.37,1.5,,259.0,4.59,5391.0,5650.0,1707489.0,4.33,75515.0,54935.0,3045.0,407.0,1290.0,196.0,35.0,,29.0,23.0,2572149.0,144978.0,953666.0,2812418.0,19631634.0,149.55,2044.0,2869.0,4102.0,18.73,43.5,53.5,8864.36,133924.37,47203.0,115201.19,10.0,12075.69,,1.16,0.42,6107.29,471332655.0,287414963.0,437344611.0,12141.0,8589.0,3253.0,11320.35,15037.48,,4503.36,3329.31,307.65,17172.1,0.129,,,263.0,176.0,,,50.0,6.0,176.0,31.818181818181817,1901.1406844106464,340.90909090909093,1582.0,,766754.0,4.846738305941845,,17.261565084938468,130.30228152540977,204.0,6202.4,5647.0,12.24,,66601107.0,2252.38,4336.28,1301.0,2044.0,14.79,60.7,148.0,,252.8,60702.0,assessed,,,,,,0.4204816871379517,1707489.0,1550.0,58988025.0,2930.0,295.0,60.0,282.0,2645.0,,,,,,main,,,,,175.8375949751538,1.3291108008733483,405.7258121726069,0.9543319796512468,1.5,,,
2018,Guangdong,广东,binding,32.9,3.5,31.0,3.5,,,0.0,0.0,0.0,0.0,99945.2,81625.0,12348.0,3836.4,41398.5,54710.4,39767.1,0.4142119881695169,0.547403977379604,1576.0,8137.0,357.0,527.0,63.0,38.0,1860.0,884.0,6323.0,1791564.0,1791564.0,292.0,38.0,3283.0,4572.0,63.0,4903438.0,1576.0,527.0,8137.0,11929.0,357.0,4.32,34.0,484.0,894.0,2.0,6323.0,2715.0,82207.0,1519.0,884.0,4290.0,4209.0,1860.0,,,,3.9,,34.2,2079.53,1.9,完成,完成,1.0,6323.35,,10.7,15729.26,12105.26,21.77,37651.1,8.4,-0.1,4.9,0.45,21072031.0,12348.0,1084464573.0,8867.0,0.7180919987042436,4694.76,,258.31,3467.52,17067.51,,6323.35,,1.5,112.0,260.0,4.32,5752.0,6012.0,1791564.0,4.92,82207.0,38217.0,2715.0,404.0,1276.0,894.0,90.0,484.0,2.0,34.0,2612636.0,170032.0,1197612.0,2601232.0,22067283.0,153.15,1860.0,1519.0,4290.0,15.1,44.0,53.5,8309.7,135616.1,47456.0,124284.2,10.7,14412.19,-0.1,1.13,0.45,,490421387.0,293424287.0,503525484.0,12348.0,8867.0,3469.0,12105.26,15729.26,,4694.76,3467.52,258.31,17067.51,0.129,,,348.0,292.0,6.567164179104479,58.734939759036145,60.0,20.0,292.0,27.3972602739726,1724.1379310344828,684.931506849315,1745.0,6.108407450914588,732806.0,4.1994613180515765,9.052501563033632,17.45956784317806,141.31843213475867,,8264.2,7878.0,24.94,,48187584.0,2373.01,5667.52,,2588.0,16.19,0.2,,-25.1,541.1,205246.0,assessed,,,,,,0.4142119881695169,1791564.0,1002.0,49026064.0,3305.0,331.0,9.0,296.0,1851.0,,,,,,main,,,,,175.8375949751538,1.3291108008733483,405.7258121726069,0.9543319796512468,1.5,,,
2019,Guangdong,广东,binding,34.4,4.2,28.5,3.5,,,0.0,0.0,0.0,0.0,107986.9,86956.0,12489.0,4350.6,43368.2,60268.1,42438.4,0.4016061207424233,0.5581056591123553,1576.0,8628.0,441.0,610.0,74.0,53.0,1761.0,915.0,6696.0,1775851.0,1775851.0,397.0,53.0,3222.0,4852.0,74.0,5534692.0,1576.0,610.0,8628.0,12870.0,441.0,3.87,104.0,480.0,898.0,31.0,6696.0,3196.0,82129.0,1932.0,915.0,3841.0,3957.0,1761.0,,,,3.9,,31.4,2308.0,5.9,完成,完成,1.0,6696.0,,11.1,17297.85,12654.53,22.03,39141.8,20.2,1.0,31.2,0.47,23148566.0,12489.0,1036626724.0,9073.0,0.7264793017855713,5051.02,,391.01,3433.89,16833.87,,6696.0,,1.5,139.0,246.0,3.87,6118.0,6364.0,1775851.0,-0.88,82129.0,56914.0,3196.0,418.0,1504.0,898.0,,480.0,31.0,104.0,2926246.0,180437.0,811862.0,2919146.0,24404277.0,146.9,1761.0,1932.0,3841.0,12.04,43.3,,9140.48,,55394.0,137738.29,11.1,15852.16,1.0,1.15,0.47,,434762977.0,262435574.0,464350508.0,12489.0,9073.0,3859.0,12654.53,17297.85,,5051.02,3433.89,391.01,16833.87,0.129,,,427.0,344.0,23.529411764705888,15.749525616698289,75.0,26.0,344.0,29.36046511627908,1756.440281030445,755.8139534883721,1864.0,5.899098529179181,857641.0,4.601078326180257,8.046109267878787,17.261352997446913,149.2513411802386,,8052.2,18711.0,26.31,,105320038.0,2652.4,5745.09,3922.0,3046.0,12.48,6.18,,8.2,299.2,121547.0,assessed,,,,,,0.4016061207424233,1775851.0,1104.0,39650354.0,1095.0,724.0,267.0,651.0,770.0,,,,,,main,,,,,175.8375949751538,1.3291108008733483,405.7258121726069,0.9543319796512468,1.5,,,
2020,Guangdong,广东,binding,33.1,5.4,28.5,4.5,,,0.0,0.0,0.0,0.0,111151.6,88521.0,12624.0,4732.7,43868.1,62550.8,39278.2,0.3946690825863055,0.5627521331226901,1666.0,9582.0,565.0,797.0,103.0,74.0,2096.0,1020.0,6926.0,1799769.0,1799769.0,286.0,74.0,3425.0,5048.0,103.0,5534692.0,1666.0,797.0,9582.0,14224.0,565.0,3.63,189.0,741.0,1041.0,111.0,6926.0,3277.0,86482.0,1479.0,1020.0,3740.0,3810.0,2096.0,,,,5.0,,32.0,2294.0,4.6,完成,完成,1.0,6926.0,,7.2,17430.79,12923.85,22.19,39353.9,11.6,-5.1,13.1,0.49,24999527.0,12624.0,1024024456.0,9361.0,0.7415240811153359,5225.91,,285.42,3603.12,,,6926.0,,1.5,208.5,238.0,3.63,6309.0,6547.0,1799769.0,1.35,86482.0,58878.0,3277.0,418.0,1504.0,1041.0,,741.0,111.0,189.0,4560471.0,248950.0,642548.0,3589949.0,11257028.0,145.45000000000002,2096.0,1479.0,3740.0,11.69,43.5,,9572.09,,58483.0,150717.82,7.2,17312.74,-5.1,1.2,0.49,,403011782.0,244074326.0,450110332.0,12624.0,9361.0,3909.0,12923.85,17430.79,,5225.91,3603.12,285.42,,0.129,,,563.0,495.0,28.117913832199548,30.655737704918028,102.94,73.65,5226.0,,,,6926.0,3.434886499402623,1799769.0,,2.930633252737147,62.3112937645522,548.6375158428391,,792.2,,4.01,,332800.0,297.99,1932.84,91.0,356.0,8.51,64.01,,14.6,410.8,2897.0,assessed,1.0,1.0,4.600000000000001,0.9000000000000004,28.5,0.3946690825863055,1799769.0,1756.0,56589806.0,568.0,1129.0,446.0,1000.0,343.0,,,,,,main,,,,,175.8375949751538,1.3291108008733483,405.7258121726069,0.9543319796512468,1.5,3043.0,806.0,2438.0
2021,Guangdong,广东,binding,29.0,5.7,29.0,5.0,,,0.0,0.0,0.0,0.0,124719.5,98561.0,12684.0,4984.7,50555.8,69179.0,42641.8,0.405356018906426,0.5546766945024635,1736.0,10256.0,1195.0,1020.0,137.0,103.0,1880.0,1171.0,7867.0,1808626.0,1808626.0,224.41,102.64,4638.57,6306.0,136.51,5397394.0,1736.0,1020.0,10256.0,15821.0,1195.0,,,671.0,1594.0,,7867.0,3753.0,91940.0,1222.0,1171.0,4484.0,4297.0,1880.0,100.0,100.0,,5.5,,32.2,2281.0,0.0,完成,完成,1.0,7867.0,,6.3,18247.01,14105.04,22.3,45510.3,-7.0,18.7,19.7,0.53,29021849.0,12684.0,1276590000.0,9466.0,0.7462945443077893,6306.23,,,,,,7867.0,,1.5,,,,,7402.0,1808626.0,0.49,91940.0,,,,,,,,,,,,,,,145.55,,,,9.79,42.9,,11278.35,,66307.0,175746.01,6.3,17465.85,18.7,1.24,0.53,,488903550.0,291851110.0,572019562.0,12684.0,9466.0,3819.0,14105.04,18247.01,,6306.23,,,,0.129,0.5,0.5,1194.0,536.0,111.50442477876106,27.97992471769135,136.51,102.64,6306.0,3.7924199175388513,1143.2998324958123,1914.9253731343283,7867.0,13.586485706035223,1808626.0,2.2990034320579635,12.206661892406402,63.07754601325375,620.230211289814,,693.1,,0.43,,22600000.0,921.16,1971.37,433.0,622.0,4.1,8.03,,-11.4,442.9,11091.0,assessed,1.0,1.0,0.0,0.7000000000000002,29.0,0.405356018906426,1808626.0,1756.0,68089529.0,4049.0,953.0,186.0,870.0,3435.0,,,,,,main,,,,,175.8375949751538,1.3291108008733483,405.7258121726069,0.9543319796512468,1.5,3661.0,965.0,3331.0
2022,Guangdong,广东,binding,30.3,8.1,29.0,6.3,1.3000000000000007,1.7999999999999998,1.0,1.0,0.1,0.0,129513.6,102217.0,12657.0,5350.1,52620.7,71542.7,42762.9,0.4062947829417141,0.5523952696859634,1912.0,10741.0,1357.0,1590.0,268.66,134.89,2182.0,1003.0,7870.0,1787382.0,1787382.0,344.41,134.89,4469.17,6366.0,268.66,5723017.0,1912.0,1590.0,10741.0,17212.0,1357.0,,,421.0,1322.0,,7870.0,3583.0,90403.0,1313.0,1003.0,4275.0,3980.0,2182.0,99.9,100.0,6.25,,31.09,,2385.0,1.3,完成,完成,1.0,7870.0,,-2.6,18533.08,13260.88,22.31,47356.9,2.6,12.2,2.2,0.53,32177548.0,12657.0,1242390000.0,9465.0,0.7478075373311212,6365.7,,,,,,7870.0,,1.5,,,,,7327.0,1787382.0,-1.17,90403.0,,,,,,,,,,,,,,,145.7,,,,8.82,44.6,,10329.25,,70702.0,196419.19,-2.6,14962.97,12.2,1.33,0.53,,455674240.0,275619160.0,538750000.0,12657.0,9465.0,3856.0,13260.88,18533.08,,,,,,0.129,0.0,1.2999999999999998,1355.0,895.0,13.55648535564853,55.88235294117647,268.66,134.89,6366.0,6.339145460257618,1982.7306273062727,1507.1508379888269,7870.0,0.038133977373844274,1787382.0,2.271133418043202,3.843905724445662,60.76581918810071,621.7903136604251,,18013.3,,6.0,,296730000.0,3339.21,5691.22,6193.0,2937.0,11.29,,,4.4,401.0,120137.0,assessed,1.0,1.0,1.3000000000000007,1.7999999999999998,29.0,0.4062947829417141,1787382.0,2593.0,60040308.0,3264.0,462.0,150.0,375.0,1979.0,,,,,,main,,,,,175.8375949751538,1.3291108008733483,405.7258121726069,0.9543319796512468,1.5,4780.0,1603.0,4218.0
2023,Guangdong,广东,binding,28.1,8.7,,7.5,,1.1999999999999993,,1.0,0.4000000000000057,0.0999999999999943,135673.2,106985.0,12706.0,5540.7,54437.3,75695.2,44685.9,0.4012384170197209,0.5579230091130746,1905.0,11679.0,1657.0,2521.0,301.09,211.4,2178.0,1067.0,8502.0,2028135.0,2028135.0,,,,,,6023763.0,1905.0,2521.0,11679.0,19376.0,1657.0,,,917.0,2089.0,,8502.0,3148.0,98320.0,1756.0,1067.0,4310.0,3991.0,2178.0,99.6,99.9,,,,,,-1.0,未完成,完成,1.0,8502.0,,2.5,18527.03,13850.78,22.34,48712.9,-0.5,20.7,21.8,0.57,34266367.0,12706.0,1179920000.0,9583.0,0.7542106091610263,7010.32,,370.16,4946.11,,,8502.0,,1.5,,,,,7887.0,2028135.0,13.5,98320.0,,,,,,,,,,,,,,,144.15,,,,7.98,44.5,53.5,,,,,2.5,13693.33,20.7,1.37,0.57,,397524380.0,243297420.0,502620000.0,12706.0,9583.0,3762.0,13850.78,18527.03,,7010.32,4946.11,370.16,,0.129,0.6000000000000014,1.2000000000000002,1656.0,1251.0,22.10759027266027,58.55345911949685,301.09,211.4,7010.0,7.310841654778888,1818.1763285024151,1689.8481215027978,8502.0,8.030495552731898,2028076.0,2.385410491649024,4.755948410051158,62.66528688053352,669.1326932158036,,9889.8,,22.02,,27840000.0,3083.64,6836.24,,1667.0,21.94,305.66,,27.6,845.9,160052.0,assessed,0.0,1.0,-1.5,1.1999999999999993,29.6,0.4012384170197209,2028135.0,2719.0,67795648.0,6094.0,540.0,204.0,401.0,3133.0,,,,,,main,,,,,175.8375949751538,1.3291108008733483,405.7258121726069,0.9543319796512468,1.5,7616.0,1701.0,6491.0
2024,Guangdong,广东,binding,32.5,11.0,29.5,9.0,3.0,2.0,1.0,1.0,0.5,0.0999999999999943,141633.8,111146.0,12780.0,5837.0,54365.5,81431.3,45029.2,0.3838455227495132,0.574942563145238,1902.0,12717.0,1809.0,4115.0,384.05,349.26,2305.0,1065.0,9121.0,1981384.0,,,,,,,,,,,,,,,,,,,,,,,,,,99.5,99.9,9.2,,30.6,,,3.0,完成,完成,1.0,9121.0,,-4.5,17956.4,13533.27,,,,,,,,12780.0,1280660000.0,,,7354.51,,429.57,4935.91,,,9121.0,,1.5,,,,,,,,,,,,,,,,,,,,,,,,,,,,,,,,,,-4.5,11197.97,,,,,400149930.0,250491180.0,543210000.0,12780.0,,,13533.27,17956.4,,7354.51,4935.91,429.57,,0.129,-0.1000000000000014,1.5,1806.0,1740.0,9.17320458660229,63.22887742959142,384.05,349.26,7355.0,9.970224337185588,2126.5227021040973,2007.2413793103449,9121.0,7.280639849447179,1981384.0,2.1723319811424187,4.393351081864338,64.39846985677148,713.6932707355243,,,,,,8650000.0,1051.42,4781.75,,,,9.12,,,,,assessed,1.0,1.0,3.0,2.0,29.5,0.3838455227495132,1981384.0,4029.0,80016537.0,4024.0,4522.0,4172.0,4364.0,3522.0,,,29.5,,,main,,,,,175.8375949751538,1.3291108008733483,405.7258121726069,0.9543319796512468,1.5,8515.0,1094.0,6997.0
2025,Guangdong,,,,,,,,,,,,,,,,,,,,,,,,,,,,,,,,,,,,,,,,,,,,,,,,,,,,,,,,,,,,,,,,,,,,,,,,,,,,,,,,,,,,,,,,,,,,,,,,,,,,,,,,,,,,,,,,,,,,,,,,,,,,,,,,,,,,,,,,,,,,,,,,,,,,,,,,,,,,,,,,,,,,,,,,,,,,,,,,,,,,,,,,,,,,,,,,,,,,31.6,80.0,30.6,31.6,31.6,out_of_sample_extension,31.6,31.6,12.9,12.9,175.8375949751538,1.3291108008733483,405.7258121726069,0.9543319796512468,1.5,,,
2026,Guangdong,,,,,,,,,,,,,,,,,,,,,,,,,,,,,,,,,,,,,,,,,,,,,,,,,,,,,,,,,,,,,,,,,,,,,,,,,,,,,,,,,,,,,,,,,,,,,,,,,,,,,,,,,,,,,,,,,,,,,,,,,,,,,,,,,,,,,,,,,,,,,,,,,,,,,,,,,,,,,,,,,,,,,,,,,,,,,,,,,,,,,,,,,,,,,,,,,,,,32.6,80.0,32.6,32.6,32.6,out_of_sample_extension,,32.6,,14.6,175.8375949751538,1.3291108008733483,405.7258121726069,0.9543319796512468,1.5,,,
2015,Guangxi,,pre_rps,57.7,1.0,,,,,-1.0,-1.0,,,,,,,,,,,,,,,,,,,,,,,,,,,,,,,,,,,,,,,,,,,,,,,,,,,,,,,,,,,,,,,,,,,,,,,,,,,,,,,,,,,,,,,,,,,,,,,,,,,,,,,,,,,,,,,,,,,,,,,,,,,,,,,,,,,,,,,,,,,,,,,,,,,,,,,,,,,675.0,21156.5,40927.0,152.57,559908.0,240607798.0,5529.33,8250.01,9487.0,5621.0,26.34,4.57,628.0,,216.7,945934.0,,,,,,,,,,,,,,,,,,,,,main,,,,,24.47593338306551,1.3274469983934147,116.81479067793572,0.9560637423906784,4.0,,,
2016,Guangxi,,pre_rps,49.9,1.3,,,,,-1.0,-1.0,,,,,,,,,,,,,,,,,,,,,,,,,,,,,,,,,,,,,,,,,,,,,,,,,,,,,,,,,,,,,,,,,,,,,,,,,,,,,,,,,,,,,,,,,,,,,,,,,,,,,,,,,,,,,,,,,,,,,,,,,,,,,,,,,,,,,,,,,,,,,,,,,,,,,,,,,,,230.0,3148.2,9417.0,14.4,97073.0,18452886.0,1263.78,3586.09,770.0,1508.0,10.25,19.77,157.35,,483.0,98402.0,,,,,,,,900874.0,,,1122.0,634.0,158.0,631.0,177.0,,,,,,main,,,,,24.47593338306551,1.3274469983934147,116.81479067793572,0.9560637423906784,4.0,,,
2017,Guangxi,广西,pre-rps,51.6,3.0,,,,,,,,,17790.7,36441.0,4907.0,2878.3,6138.3,8774.1,7038.0,0.3450285823492049,0.4931846414137724,1669.0,2217.0,150.0,78.0,25.0,4.0,2280.0,919.0,1445.0,1028606.0,1028606.0,614.0,4.0,575.0,1345.0,25.0,986820.0,1669.0,78.0,2217.0,4332.0,150.0,7.94,6.0,51.0,139.0,82.0,1445.0,2508.0,73827.0,3814.0,919.0,2655.0,3231.0,2280.0,,,,,,,744.0,,,,,1444.95,810.11,5.0,4908.55,1615.13,12.33,4680.1,,,,0.52,935996.0,4907.0,57878659.0,2482.0,0.5058080293458325,1401.11,178.0,629.34,617.35,6613.32,745.81,1444.95,810.11,4.0,,89.0,7.94,1028.0,1116.0,1028606.0,14.18,73827.0,69641.0,2508.0,625.0,1135.0,139.0,,51.0,82.0,6.0,582243.0,18657.0,14541.0,646071.0,4761601.0,150.45,2280.0,3814.0,2655.0,10.52,39.1,60.2,1610.95,23805.05,5723.0,17531.99,5.0,2683.48,,0.14,0.52,799.92,14140623.0,5581769.0,38199975.0,4907.0,2482.0,1950.0,1615.13,4908.55,-3.4,1401.11,617.35,629.34,6613.32,0.231,,,335.0,332.0,,,62.0,20.0,332.0,24.69879518072289,1850.7462686567164,602.4096385542168,5959.0,,1707489.0,2.865395200537003,,334.9502830130349,1214.3876095373955,234.0,1129.2,11058.0,14.81,,5039517.0,417.59,1372.78,107.0,430.0,3.46,,124.0,,974.3,85551.0,assessed,,,,,,0.3450285823492049,1028606.0,,,1207.0,730.0,292.0,725.0,416.0,,,,,,main,,,,,24.47593338306551,1.3274469983934147,116.81479067793572,0.9560637423906784,4.0,,,
2018,Guangxi,广西,binding,46.0,4.2,51.0,4.0,,,0.0,0.0,0.0,0.0,19627.8,39837.0,4947.0,3021.1,6692.9,9913.9,7663.5,0.3409908395235329,0.5050948144978041,1677.0,2288.0,208.0,124.0,42.0,9.0,2294.0,1006.0,1703.0,1199615.0,1199615.0,609.0,9.0,796.0,1617.0,42.0,934024.0,1677.0,124.0,2288.0,4513.0,208.0,5.81,30.0,119.0,216.0,61.0,1703.0,2568.0,75733.0,3882.0,1006.0,3502.0,3735.0,2294.0,,,,4.4,,56.2,783.33,-5.0,未完成,完成,1.0,1703.04,,10.8,5310.74,1681.45,12.54,5101.9,9.8,22.5,-13.4,0.52,891031.0,4947.0,62302266.0,2564.0,0.5182939155043461,1752.02,,701.12,820.61,7339.78,,1703.04,,4.0,15.0,90.0,5.81,1455.0,1545.0,1199615.0,16.63,75733.0,70397.0,2568.0,625.0,1175.0,216.0,5.0,119.0,61.0,30.0,839525.0,2999.0,,898786.0,4812731.0,156.5,2294.0,3882.0,3502.0,10.06,39.9,60.2,1100.1,18707.9,6058.0,17158.8,10.8,3004.13,22.5,0.16,0.52,,15902261.0,7373875.0,43020098.0,4947.0,2564.0,2025.0,1681.45,5310.74,,1752.02,820.61,701.12,7339.78,0.231,,,357.0,527.0,38.66666666666667,58.974358974358964,63.0,38.0,527.0,19.165085388994303,1764.7058823529412,721.0626185958255,6323.0,17.854671280276825,1791564.0,2.833408192313775,10.326181656708266,322.14512069615546,1278.1483727511622,,6268.1,5130.0,9.17,,79016913.0,2265.54,4540.95,,2107.0,15.75,61.17,,3.5,250.0,49057.0,assessed,,,,,,0.3409908395235329,1199615.0,,,828.0,688.0,342.0,639.0,310.0,,,,,,main,,,,,24.47593338306551,1.3274469983934147,116.81479067793572,0.9560637423906784,4.0,,,
2019,Guangxi,广西,binding,43.1,6.5,45.5,4.5,,,0.0,0.0,0.0,0.0,21237.1,42778.0,4982.0,3389.7,7046.4,10801.0,8079.9,0.3317967142406449,0.5085910976545762,1681.0,2294.0,287.0,135.0,61.0,14.0,2385.0,1097.0,1907.0,1112514.0,1112514.0,593.0,14.0,988.0,1827.0,61.0,1607545.0,1681.0,135.0,2294.0,4615.0,287.0,5.09,10.0,11.0,140.0,90.0,1907.0,2636.0,78287.0,3750.0,1097.0,4353.0,4123.0,2385.0,,,,5.0,,50.1,824.0,-2.4,未完成,完成,1.0,1907.0,,9.6,5850.96,1811.89,12.78,5246.6,2.4,9.2,14.0,0.52,1044742.0,4982.0,68221637.0,2639.0,0.5297069450020072,1846.27,,593.41,1006.51,8021.91,,1907.0,,4.0,15.5,86.0,5.09,1597.0,1683.0,1112514.0,-7.26,78287.0,74155.0,2636.0,628.0,1255.0,140.0,29.0,11.0,90.0,10.0,1115232.0,4938.0,,1263463.0,5777686.0,153.95,2385.0,3750.0,4353.0,9.51,40.8,,923.78,,6185.0,18020.98,9.6,3814.41,9.2,0.16,0.52,,11142591.0,5668252.0,46007718.0,4982.0,2639.0,2097.0,1811.89,5850.96,,1846.27,1006.51,593.41,8021.91,0.231,,,441.0,610.0,37.980769230769226,8.870967741935477,74.0,53.0,610.0,20.81967213114754,1678.0045351473923,868.8524590163935,6696.0,11.978860833822669,1775851.0,2.6521072281959377,8.199084971316184,315.29728635265644,1344.038538739462,,8774.2,7996.0,22.71,,50889783.0,2487.39,6386.8,621.0,2668.0,20.91,0.03,,8.5,543.9,201243.0,assessed,,,,,,0.3317967142406449,1112514.0,,,1120.0,1038.0,515.0,1019.0,234.0,,,,,,main,,,,,24.47593338306551,1.3274469983934147,116.81479067793572,0.9560637423906784,4.0,,,
2020,Guangxi,广西,binding,43.3,8.9,39.5,7.0,,,0.0,0.0,0.0,0.0,22120.9,44237.0,5019.0,3645.9,7046.8,11428.1,7606.1,0.3185584673317993,0.5166200290223273,1759.0,2344.0,653.0,205.0,106.0,17.0,2744.0,1085.0,2029.0,1158358.0,1158358.0,615.0,17.0,1032.0,1939.0,106.0,1463649.0,1759.0,205.0,2344.0,5178.0,653.0,4.61,72.0,49.0,544.0,354.0,2029.0,2702.0,83416.0,3714.0,1085.0,4492.0,4129.0,2744.0,,,,7.7,,43.9,878.0,3.8,完成,完成,1.0,2029.0,,4.2,6179.47,1716.94,13.16,5172.8,12.9,4.2,18.8,0.52,1133332.0,5019.0,70414050.0,2720.0,0.541940625622634,1970.88,,614.47,1064.89,,,2029.0,,4.0,21.5,84.0,4.61,1729.0,1812.0,1158358.0,4.12,83416.0,77365.0,2702.0,649.0,1486.0,544.0,69.0,49.0,354.0,72.0,2068916.0,,100074.0,2050977.0,5367571.0,156.20000000000002,2744.0,3714.0,4492.0,8.78,41.3,,990.49,,7099.0,20709.93,4.2,3845.62,4.2,0.17,0.52,,11273404.0,5293591.0,45475174.0,5019.0,2720.0,2162.0,1716.94,6179.47,,1970.88,1064.89,614.47,,0.231,,,653.0,170.0,127.5261324041812,51.85185185185186,106.23,16.92,1971.0,,,,2029.0,6.397482957524914,1158358.0,,4.161585150514924,91.7232119850458,404.2637975692369,,7906.0,,20.64,,94828320.0,2655.75,6014.17,4406.0,3070.0,13.09,7.37,,-2.6,303.1,98020.0,assessed,1.0,1.0,3.799999999999997,1.9000000000000004,39.5,0.3185584673317993,1158358.0,69.0,1521257.0,1242.0,1460.0,566.0,1169.0,411.0,,,,,,main,,,,,24.47593338306551,1.3274469983934147,116.81479067793572,0.9560637423906784,4.0,1116.0,422.0,911.0
2021,Guangxi,广西,binding,43.1,11.4,43.0,10.0,,,0.0,0.0,0.0,0.0,25209.1,50137.0,5037.0,4051.3,8513.9,12643.9,8168.3,0.3377312161084688,0.501560944262191,1768.0,2481.0,755.0,312.0,161.0,29.0,2324.0,1169.0,2238.0,909611.0,909611.0,517.36,28.08,1194.62,2082.0,160.62,1443319.0,1768.0,312.0,2481.0,5533.0,755.0,,,136.0,351.0,,2238.0,2712.0,85115.0,3061.0,1169.0,4689.0,3864.0,2324.0,100.0,100.0,,11.0,,47.7,964.0,0.1,完成,完成,1.0,2238.0,,7.6,5806.54,1800.15,16.06,6439.8,15.6,37.4,1.6,0.52,1370239.0,5037.0,91690000.0,2774.0,0.5507246376811594,2081.93,,,,,,2238.0,,4.0,,,,,1973.0,909611.0,-21.47,85115.0,,,,,,,,,,,,,,,152.45000000000002,,,,7.43,40.2,,1346.66,,8065.0,23622.06,7.6,3733.93,37.4,0.19,0.52,,15950180.0,7553140.0,69831859.0,5037.0,2774.0,2530.0,1800.15,5806.54,,2081.93,,,,0.231,3.5,3.0,755.0,267.0,15.62021439509953,52.19512195121951,160.62,28.08,2082.0,9.063400576368876,2127.417218543046,1051.685393258427,2238.0,10.300640709709219,909611.0,4.064392314566578,13.960553142051156,88.77746528039478,444.3120905300775,,980.2,,4.08,,490000.0,328.76,1854.52,104.0,362.0,8.62,62.0,,-18.5,412.8,11826.0,assessed,1.0,1.0,0.1000000000000014,1.4000000000000004,43.0,0.3377312161084688,909611.0,139.0,3178747.0,455.0,561.0,332.0,495.0,270.0,,,,,,main,,,,,24.47593338306551,1.3274469983934147,116.81479067793572,0.9560637423906784,4.0,1005.0,408.0,941.0
2022,Guangxi,广西,binding,48.4,13.1,44.0,11.3,4.399999999999999,1.799999999999999,1.0,1.0,0.0,0.0,26186.1,51936.0,5047.0,4270.4,8819.3,13096.3,8042.0,0.3367931841702277,0.5001241116470189,1832.0,2757.0,946.0,520.0,198.85,42.9,2367.0,1066.0,2217.0,1296603.0,1296603.0,605.78,42.9,1090.79,2116.0,198.85,1105726.0,1822.0,520.0,2757.0,6262.0,946.0,,,271.0,714.0,,2217.0,2741.0,84373.0,3589.0,1066.0,3928.0,3573.0,2367.0,100.0,100.0,11.25,,47.92,,1073.0,4.4,完成,完成,1.0,2217.0,,0.1,5893.32,1687.72,17.24,6727.8,10.2,26.2,48.2,0.53,1505736.0,5047.0,95970000.0,2809.0,0.5565682583713097,2115.91,,,,,,2217.0,,4.0,,,,,1920.0,1296603.0,42.54,84373.0,,,,,,,,,,,,,,,153.65,,,,6.16,42.2,,893.56,,8959.0,26912.97,0.1,2206.27,26.2,0.21,0.53,,17049300.0,8807030.0,66340000.0,5047.0,2809.0,2473.0,1687.72,5893.32,,,,,,0.231,1.0,1.3000000000000007,946.0,458.0,25.29801324503311,66.66666666666667,198.85,42.9,2116.0,11.42485822306238,2102.0084566596192,936.6812227074236,2217.0,-0.9383378016085797,1296603.0,5.848457374830853,3.8755846103192937,84.66323736638904,439.27085397265705,,755.9,,0.36,,30020000.0,832.43,2097.37,531.0,631.0,4.17,,,49.8,445.5,7599.0,assessed,1.0,1.0,4.399999999999999,1.799999999999999,44.0,0.3367931841702277,1296603.0,139.0,3247465.0,368.0,832.0,399.0,752.0,103.0,,,,,,main,,,,,24.47593338306551,1.3274469983934147,116.81479067793572,0.9560637423906784,4.0,1772.0,728.0,1546.0
2023,Guangxi,广西,binding,38.8,16.1,,12.5,,3.6000000000000014,,1.0,0.0,0.0,27202.4,54005.0,5027.0,4468.2,8924.1,13810.1,8021.8,0.3280629650324971,0.5076794694585772,1898.0,2823.0,1277.0,1133.0,245.16,82.68,2339.0,1173.0,2448.0,977077.0,977077.0,,,,,,1071673.0,1898.0,1133.0,2823.0,7466.0,1277.0,,,74.0,1240.0,,2448.0,2794.0,88339.0,2251.0,1173.0,4654.0,3463.0,2339.0,100.0,100.0,,,,,,0.0,完成,完成,1.0,2449.0,,-15.5,6101.37,1783.8,18.36,6918.3,-16.4,-9.6,21.4,0.57,1551896.0,5027.0,98170000.0,2854.0,0.5677342351302964,2382.92,,400.46,1408.15,,,2449.0,,4.0,,,,,2037.0,977077.0,-24.64,88339.0,,,,,,,,,,,,,,,149.95000000000002,,,,7.69,42.4,60.2,,,,,-15.5,1336.75,-9.6,0.21,0.57,,12491540.0,6735470.0,71580000.0,5027.0,2854.0,2558.0,1783.8,6101.37,,2382.92,1408.15,400.46,,0.231,1.1000000000000014,1.1999999999999993,1277.0,836.0,34.98942917547569,117.88461538461536,245.16,82.68,2383.0,13.757448594208984,1919.8120595144871,988.9952153110048,2448.0,10.419485791610295,977077.0,3.991327614379085,3.8810666727767895,89.99205952415963,486.9703600556993,,18548.3,,5.69,,280760000.0,3592.04,5859.39,,2972.0,11.56,,,16.0,401.6,130992.0,assessed,1.0,1.0,-6.300000000000004,3.6000000000000014,45.1,0.3280629650324971,977077.0,203.0,5647724.0,1069.0,1493.0,709.0,1121.0,615.0,,,,,,main,,,,,24.47593338306551,1.3274469983934147,116.81479067793572,0.9560637423906784,4.0,3359.0,976.0,2197.0
2024,Guangxi,广西,binding,52.4,21.4,39.2,16.5,13.199999999999996,4.899999999999999,1.0,1.0,1.7999999999999972,1.4000000000000057,28649.4,57071.0,5013.0,4751.5,9301.0,14596.9,8151.7,0.3246490327895174,0.5095010715756699,1906.0,3032.0,1811.0,2129.0,323.96,166.03,2186.0,1102.0,2563.0,1808793.0,,,,,,,,,,,,,,,,,,,,,,,,,,98.2,98.6,14.2,,46.1,,,13.2,完成,完成,1.0,2565.0,,-3.2,6485.35,1837.32,,,,,,,,5013.0,106290000.0,,,2602.85,,614.85,1198.63,,,2565.0,,4.0,,,,,,,,,,,,,,,,,,,,,,,,,,,,,,,,,,-3.2,1163.02,,,,,8484980.0,4741570.0,66810000.0,5013.0,,,1837.32,6485.35,,2602.85,1198.63,614.85,,0.231,-5.899999999999999,4.0,1811.0,1203.0,41.8167580266249,87.90820829655782,323.96,166.03,2603.0,18.82404917402997,1788.8459414688018,1380.1330008312552,2563.0,4.697712418300659,1808793.0,7.0573273507608265,5.319383583801418,89.4608613094864,511.27069618990623,,,,,,29150000.0,3150.25,6928.04,,,,309.99,,,,,assessed,1.0,1.0,13.199999999999996,4.899999999999999,39.2,0.3246490327895174,1808793.0,205.0,8750276.0,597.0,1789.0,925.0,1242.0,727.0,,,39.2,,,main,,,,,24.47593338306551,1.3274469983934147,116.81479067793572,0.9560637423906784,4.0,5036.0,1810.0,3342.0
2025,Guangxi,,,,,,,,,,,,,,,,,,,,,,,,,,,,,,,,,,,,,,,,,,,,,,,,,,,,,,,,,,,,,,,,,,,,,,,,,,,,,,,,,,,,,,,,,,,,,,,,,,,,,,,,,,,,,,,,,,,,,,,,,,,,,,,,,,,,,,,,,,,,,,,,,,,,,,,,,,,,,,,,,,,,,,,,,,,,,,,,,,,,,,,,,,,,,,,,,,,,50.8,80.0,40.3,50.8,50.8,out_of_sample_extension,50.8,50.8,23.1,23.1,24.47593338306551,1.3274469983934147,116.81479067793572,0.9560637423906784,4.0,,,
2026,Guangxi,,,,,,,,,,,,,,,,,,,,,,,,,,,,,,,,,,,,,,,,,,,,,,,,,,,,,,,,,,,,,,,,,,,,,,,,,,,,,,,,,,,,,,,,,,,,,,,,,,,,,,,,,,,,,,,,,,,,,,,,,,,,,,,,,,,,,,,,,,,,,,,,,,,,,,,,,,,,,,,,,,,,,,,,,,,,,,,,,,,,,,,,,,,,,,,,,,,,51.8,80.0,51.8,51.8,51.8,out_of_sample_extension,,51.8,,24.8,24.47593338306551,1.3274469983934147,116.81479067793572,0.9560637423906784,4.0,,,
2015,Guizhou,,pre_rps,38.3,2.0,,,,,-1.0,-1.0,,,,,,,,,,,,,,,,,,,,,,,,,,,,,,,,,,,,,,,,,,,,,,,,,,,,,,,,,,,,,,,,,,,,,,,,,,,,,,,,,,,,,,,,,,,,,,,,,,,,,,,,,,,,,,,,,,,,,,,,,,,,,,,,,,,,,,,,,,,,,,,,,,,,,,,,,,,268.0,14797.6,23720.0,114.43,433487.0,73780562.0,3016.05,6799.35,817.0,4561.0,25.06,4.19,198.0,,235.6,330143.0,,,,,,,,,,,,,,,,,,,,,main,,,,,72.48051727554073,1.3361839853379676,353.31703710143165,1.1265778569744456,5.5,,,
2016,Guizhou,,pre_rps,41.2,4.6,,,,,-1.0,-1.0,,,,,,,,,,,,,,,,,,,,,,,,,,,,,,,,,,,,,,,,,,,,,,,,,,,,,,,,,,,,,,,,,,,,,,,,,,,,,,,,,,,,,,,,,,,,,,,,,,,,,,,,,,,,,,,,,,,,,,,,,,,,,,,,,,,,,,,,,,,,,,,,,,,,,,,,,,,109.6,3367.3,14034.0,21.86,138335.0,16539178.0,1148.41,4227.34,581.0,2116.0,16.45,38.04,82.06,,926.6,173809.0,,,,,,,,7132864.0,150.0,241812.0,1591.0,382.0,145.0,352.0,611.0,,,,,,main,,,,,72.48051727554073,1.3361839853379676,353.31703710143165,1.1265778569744456,5.5,,,
2017,Guizhou,贵州,pre-rps,35.6,4.3,,,,,,,,,13605.4,35988.0,3803.0,2032.3,4970.9,6602.3,6449.4,0.3653622826230761,0.4852705543387184,2119.0,3160.0,363.0,135.0,63.0,6.0,1818.0,793.0,1385.0,6268653.0,6268653.0,733.0,6.0,1210.0,2012.0,63.0,894993.0,2119.0,135.0,3160.0,5778.0,363.0,5.5,19.0,,80.0,31.0,1385.0,1727.0,50316.0,3287.0,793.0,3899.0,3511.0,1818.0,,,,,,,493.0,,,,,1384.89,536.92,16.3,4612.52,1613.84,19.44,3821.4,,,,0.33,648576.0,3803.0,8162313.0,1816.0,0.4775177491454115,1899.1,107.0,699.91,1134.42,13409.76,301.43,1384.89,536.92,5.5,,86.0,5.5,1475.0,1561.0,6268653.0,-12.12,50316.0,50161.0,1727.0,347.0,359.0,80.0,31.0,,31.0,19.0,648820.0,61103.0,332997.0,569132.0,1594418.0,162.6,1818.0,3287.0,3899.0,35.89,37.0,43.8,903.43,10647.55,5311.0,15228.11,16.3,2201.0,,0.13,0.33,,2580482.0,1360165.0,2620129.0,3803.0,1816.0,2302.0,1613.84,4612.52,-7.0,1899.1,1134.42,699.91,13409.76,0.196,,,210.0,135.0,,,35.0,16.0,135.0,37.77777777777778,1666.6666666666667,1185.1851851851852,2205.0,,14291713.0,64.81502494331066,,162.06800241080748,579.8054167762293,444.0,3266.1,20370.0,33.69,,20568530.0,1466.52,4637.24,313.0,1287.0,18.53,307.04,373.0,,2280.8,134775.0,assessed,,,,,,0.3653622826230761,6268653.0,150.0,682176.0,1628.0,421.0,119.0,363.0,459.0,,,,,,main,,,,,72.48051727554073,1.3361839853379676,353.31703710143165,1.1265778569744456,5.5,,,
2018,Guizhou,贵州,binding,36.2,4.5,33.5,4.5,,,0.0,0.0,1.1,0.0,15353.2,40271.0,3822.0,2156.0,5506.2,7691.0,7105.0,0.3586353333507021,0.5009379152228851,2212.0,3263.0,386.0,178.0,68.0,16.0,1821.0,932.0,1482.0,6349901.0,6349901.0,770.0,16.0,1263.0,2117.0,68.0,1404183.0,2212.0,178.0,3263.0,6039.0,386.0,6.36,11.0,,26.0,15.0,1482.0,1846.0,55580.0,3268.0,932.0,3938.0,3481.0,1821.0,,,,5.0,,36.9,537.22,2.7,完成,完成,1.0,1482.12,,15.8,5029.68,1726.85,19.69,4165.5,10.8,12.5,-1.9,0.36,762280.0,3822.0,7602857.0,1893.0,0.4952904238618524,2015.98,,711.24,1221.96,12008.04,,1482.12,,5.5,9.0,108.0,6.36,1585.0,1693.0,6349901.0,1.3,55580.0,55466.0,1846.0,436.0,389.0,26.0,,,15.0,11.0,217548.0,6350.0,7937.0,214737.0,584915.0,163.0,1821.0,3268.0,3938.0,32.55,38.6,43.8,879.2,9390.8,5583.0,15068.0,15.8,2349.23,12.5,0.15,0.36,,2199399.0,1202740.0,2613269.0,3822.0,1893.0,2412.0,1726.85,5029.68,,2015.98,1221.96,711.24,12008.04,0.196,,,253.0,181.0,6.336088154269981,31.85185185185184,55.0,22.0,181.0,42.5414364640884,2173.913043478261,1215.4696132596684,2459.0,7.00361010830326,14058320.0,57.17088247254982,12.846369823746471,160.16205090795404,643.3804290947148,,12360.1,7496.0,19.17,,89921137.0,3911.01,9707.5,,4452.0,33.16,369.85,,1.7,311.4,163097.0,assessed,,,,,,0.3586353333507021,6349901.0,30.0,243206.0,1122.0,347.0,89.0,350.0,489.0,,,,,,main,,,,,72.48051727554073,1.3361839853379676,353.31703710143165,1.1265778569744456,5.5,,,
2019,Guizhou,贵州,binding,35.6,5.2,31.5,5.0,,,0.0,0.0,0.4,0.0,16769.3,43727.0,3848.0,2280.6,5971.5,8517.3,7449.4,0.356097153727347,0.5079102884437633,2223.0,3410.0,457.0,510.0,78.0,20.0,1861.0,1092.0,1541.0,7177452.0,7177452.0,769.0,20.0,1390.0,2257.0,78.0,1409891.0,2223.0,510.0,3410.0,6599.0,457.0,4.69,45.0,105.0,234.0,78.0,1541.0,1936.0,57959.0,3406.0,1092.0,4237.0,3689.0,1861.0,,,,5.5,,34.7,549.0,4.1,完成,完成,1.0,1541.0,,0.9,5948.74,1767.47,20.47,4459.0,-15.5,16.1,46.4,0.38,910206.0,3848.0,6568169.0,1981.0,0.5148128898128899,2206.55,,769.36,1339.53,12204.17,,1541.0,,5.5,10.0,85.0,4.69,1733.0,1819.0,7177452.0,13.03,57959.0,56449.0,1936.0,479.0,426.0,234.0,5.0,105.0,78.0,45.0,390145.0,11963.0,44557.0,1589084.0,1330099.0,161.65,1861.0,3406.0,4237.0,23.37,39.4,,976.3,,4686.0,16346.93,0.9,2990.81,16.1,0.14,0.38,,691891.0,463502.0,1719762.0,3848.0,1981.0,2222.0,1767.47,5948.74,,2206.55,1339.53,769.36,12204.17,0.196,,,325.0,188.0,18.393782383419687,186.51685393258427,71.0,28.0,188.0,52.659574468085104,2184.6153846153848,1489.3617021276596,2636.0,3.9811066126855588,13831273.0,52.470686646434,9.223484355053005,157.1920115926127,685.031185031185,,22755.1,43133.0,28.15,,296995532.0,6526.71,10739.76,8892.0,6252.0,28.03,5.1,,-10.8,224.0,954348.0,assessed,,,,,,0.356097153727347,7177452.0,30.0,214223.0,1207.0,385.0,148.0,383.0,600.0,,,,,,main,,,,,72.48051727554073,1.3361839853379676,353.31703710143165,1.1265778569744456,5.5,,,
2020,Guizhou,贵州,binding,40.7,7.3,30.0,6.0,,,0.0,0.0,0.3,0.6,17860.4,46355.0,3858.0,2539.9,6263.0,9057.5,7798.6,0.3506640388793083,0.5071274999440102,2281.0,3560.0,580.0,1057.0,97.0,45.0,2049.0,1032.0,1586.0,7420801.0,7420801.0,831.0,45.0,1354.0,2327.0,97.0,913963.0,2281.0,1057.0,3560.0,7478.0,580.0,4.81,547.0,6.0,715.0,149.0,1586.0,2536.0,56490.0,3631.0,1032.0,3883.0,3470.0,2049.0,,,,6.6,,33.3,646.0,10.7,完成,完成,1.0,1586.0,,3.2,5739.5,1786.8,20.67,4666.2,-7.8,-0.8,36.6,0.39,1053574.0,3858.0,7910689.0,2051.0,0.5316226023846553,2305.44,,831.16,1332.11,,,1586.0,,5.5,10.0,95.0,4.81,1882.0,1977.0,7420801.0,3.39,56490.0,55817.0,2536.0,527.0,521.0,715.0,13.0,6.0,149.0,547.0,1618602.0,4821.0,8141.0,1674832.0,4091200.0,161.1,2049.0,3631.0,3883.0,17.74,40.9,,1174.41,,4482.0,17244.62,3.2,3418.75,-0.8,0.14,0.39,,358099.0,234864.0,1577970.0,3858.0,2051.0,2262.0,1786.8,5739.5,,2305.44,1332.11,831.16,,0.196,,,580.0,1057.0,26.914660831509842,107.25490196078434,96.84,45.34,2305.0,,,,1586.0,2.9201817001946795,7420801.0,,6.506532771194995,88.79980291594812,411.0938310005184,,3501.2,,6.84,,18526325.0,1085.02,4127.17,586.0,1503.0,10.78,19.81,,33.3,485.7,8063.0,assessed,1.0,1.0,10.700000000000005,1.2999999999999998,30.0,0.3506640388793083,7420801.0,90.0,1784061.0,1143.0,324.0,23.0,316.0,505.0,,,,,,main,,,,,72.48051727554073,1.3361839853379676,353.31703710143165,1.1265778569744456,5.5,805.0,303.0,783.0
2021,Guizhou,贵州,binding,36.1,9.8,35.5,8.5,,,0.0,0.0,0.5,0.4,19458.6,50476.0,3852.0,2730.9,6850.5,9877.2,8839.5,0.3520551324350159,0.5076007523665629,2283.0,3572.0,580.0,1137.0,105.0,83.0,1851.0,892.0,1743.0,6643667.0,6643667.0,734.46,82.59,1446.58,2368.0,104.77,1197060.0,2283.0,1137.0,3572.0,7573.0,580.0,,,13.0,191.0,,1743.0,1584.0,56042.0,3216.0,892.0,4240.0,3315.0,1851.0,99.5,99.6,,9.4,,39.4,629.0,0.6,完成,完成,1.0,1743.0,,-3.1,5590.01,1969.39,20.72,5231.3,-20.6,18.3,9.8,0.39,1210567.0,3852.0,10050000.0,2093.0,0.5433541017653167,2368.4,,,,,,1743.0,,5.5,,,,,1946.0,6643667.0,-10.47,56042.0,,,,,,,,,,,,,,,160.3,,,,14.31,41.8,,1249.64,,5090.0,17864.25,-3.1,3383.06,18.3,0.15,0.39,,524820.0,315080.0,2865300.0,3852.0,2093.0,2238.0,1969.39,5590.01,,2368.4,,,,0.196,5.5,2.5,580.0,1137.0,0.0,7.568590350047311,104.77,82.59,2368.0,7.912162162162163,1806.379310344828,726.3852242744064,1743.0,9.899117276166457,6643667.0,38.116276534710266,8.948287832299373,89.57478955320528,452.4922118380063,,1762.2,,6.03,,3030000.0,460.01,1427.89,114.0,479.0,3.76,0.21,,-9.0,941.9,65360.0,assessed,1.0,1.0,0.6000000000000014,1.3000000000000007,35.5,0.3520551324350159,6643667.0,726.0,3465020.0,413.0,154.0,2.0,126.0,408.0,,,,,,main,,,,,72.48051727554073,1.3361839853379676,353.31703710143165,1.1265778569744456,5.5,349.0,247.0,343.0
2022,Guizhou,贵州,binding,43.8,14.1,35.7,9.8,8.099999999999994,4.299999999999999,1.0,1.0,0.3,0.6,20010.4,51921.0,3856.0,2862.3,7052.7,10095.4,8417.4,0.3524517251029464,0.5045076560188702,2282.0,3793.0,592.0,1420.0,108.71,109.91,1921.0,1038.0,1743.0,5913287.0,5913287.0,678.43,109.91,1401.97,2299.0,108.71,996645.0,2282.0,1420.0,3793.0,8087.0,592.0,,,25.0,320.0,,1743.0,2645.0,62644.0,2947.0,1038.0,3865.0,3050.0,1921.0,99.7,99.4,9.75,,36.0,,764.0,8.1,完成,完成,1.0,1743.0,,-5.1,5851.36,1886.41,20.96,5437.3,8.0,28.0,-19.7,0.4,1317509.0,3856.0,10140000.0,2114.0,0.5482365145228216,2299.01,,,,,,1743.0,,5.5,,,,,2180.0,5913287.0,-10.99,62644.0,,,,,,,,,,,,,,,162.5,,,,12.25,42.1,,1295.86,,5332.0,19977.77,-5.1,1814.3,28.0,0.15,0.4,,487000.0,304820.0,3280000.0,3856.0,2114.0,2092.0,1886.41,5851.36,,,,,,0.196,0.2000000000000028,1.3000000000000007,592.0,1420.0,2.0689655172413834,24.890061565523315,108.71,109.91,2299.0,9.509351892127013,1836.3175675675675,774.0140845070423,1743.0,0.0,5913287.0,33.92591508892714,2.835764135138197,87.10470555311238,452.0228215767635,,7966.3,,4.59,,120350000.0,2103.42,4892.77,1570.0,2280.0,18.61,,,23.3,214.2,55782.0,assessed,1.0,1.0,8.099999999999994,4.299999999999999,35.7,0.3524517251029464,5913287.0,522.0,4027833.0,726.0,139.0,86.0,136.0,414.0,,,,,,main,,,,,72.48051727554073,1.3361839853379676,353.31703710143165,1.1265778569744456,5.5,705.0,222.0,632.0
2023,Guizhou,贵州,binding,36.9,16.4,36.8,11.0,0.1000000000000014,5.399999999999999,1.0,1.0,0.2999999999999971,0.5999999999999943,20913.3,54172.0,3865.0,2894.3,7311.4,10707.5,8887.1,0.34960527511201,0.511994759315842,2287.0,3820.0,616.0,1646.0,124.65,135.89,2069.0,1104.0,1782.0,6219884.0,6219884.0,,,,,,1101728.0,2287.0,1646.0,3820.0,8369.0,616.0,,,66.0,365.0,,1782.0,2030.0,62631.0,1880.0,1104.0,4540.0,3002.0,2069.0,99.7,99.4,,,,,,0.1,完成,完成,1.0,1783.0,,-5.7,6203.7,2078.37,21.98,5682.8,0.7,1.9,51.6,0.43,1261991.0,3865.0,10780000.0,2162.0,0.559379042690815,2368.8,,431.62,1676.44,,,1783.0,,5.5,,,,,1943.0,6219884.0,5.18,62631.0,,,,,,,,,,,,,,,159.6,,,,13.44,41.9,43.8,,,,,-5.7,1190.82,1.9,0.16,0.43,,403920.0,254970.0,2650000.0,3865.0,2162.0,2105.0,2078.37,6203.7,,2368.8,1676.44,431.62,,0.196,1.0999999999999943,1.1999999999999993,616.0,1646.0,4.054054054054057,15.91549295774648,124.65,135.89,2369.0,10.997889404812156,2023.538961038961,825.5771567436208,1782.0,2.2375215146299476,6219883.0,34.90394500561167,4.51215368008635,85.20893402762836,461.0608020698577,,11180.7,,6.4,,81080000.0,3059.59,7492.88,,2850.0,20.96,0.07,,7.7,532.1,79371.0,assessed,1.0,1.0,0.1000000000000014,5.399999999999999,36.8,0.34960527511201,6219884.0,522.0,3528119.0,698.0,390.0,209.0,345.0,310.0,,,,,,main,,,,,72.48051727554073,1.3361839853379676,353.31703710143165,1.1265778569744456,5.5,1044.0,504.0,948.0
2024,Guizhou,贵州,binding,43.1,17.9,37.0,16.5,6.100000000000001,1.3999999999999986,1.0,1.0,0.4000000000000057,2.0,22667.1,58685.0,3860.0,2971.7,7097.6,12597.9,9211.5,0.3131234255815698,0.5557790806940456,2298.0,4000.0,748.0,1986.0,132.2,171.53,1911.0,999.0,1902.0,6998880.0,,,,,,,,,,,,,,,,,,,,,,,,,,99.6,98.0,12.7,,37.8,,,6.1,完成,完成,1.0,1902.0,,0.6,6522.42,2169.62,,,,,,,,3860.0,12100000.0,,,2556.1,,616.6,1635.78,,,1902.0,,5.5,,,,,,,,,,,,,,,,,,,,,,,,,,,,,,,,,,0.6,1191.32,,,,,194060.0,156840.0,2960000.0,3860.0,,,2169.62,6522.42,,2556.1,1635.78,616.6,,0.196,0.2000000000000028,5.5,748.0,1986.0,21.42857142857142,20.65613608748482,132.2,171.53,2556.0,11.883020344287951,1767.3796791443851,863.6958710976838,1902.0,6.734006734006726,6998880.0,36.797476340694,8.38605098191103,83.91016054104848,492.7461139896373,,,,,,107250000.0,2905.83,6853.17,,,,8.13,,,,,assessed,1.0,1.0,6.100000000000001,1.3999999999999986,37.0,0.3131234255815698,6998880.0,712.0,3334304.0,1066.0,819.0,324.0,547.0,1170.0,,,37.0,,,main,,,,,72.48051727554073,1.3361839853379676,353.31703710143165,1.1265778569744456,5.5,1612.0,529.0,1389.0
2025,Guizhou,,,,,,,,,,,,,,,,,,,,,,,,,,,,,,,,,,,,,,,,,,,,,,,,,,,,,,,,,,,,,,,,,,,,,,,,,,,,,,,,,,,,,,,,,,,,,,,,,,,,,,,,,,,,,,,,,,,,,,,,,,,,,,,,,,,,,,,,,,,,,,,,,,,,,,,,,,,,,,,,,,,,,,,,,,,,,,,,,,,,,,,,,,,,,,,,,,,,41.3,80.0,38.1,41.3,41.3,out_of_sample_extension,41.3,41.3,19.6,19.6,72.48051727554073,1.3361839853379676,353.31703710143165,1.1265778569744456,5.5,,,
2026,Guizhou,,,,,,,,,,,,,,,,,,,,,,,,,,,,,,,,,,,,,,,,,,,,,,,,,,,,,,,,,,,,,,,,,,,,,,,,,,,,,,,,,,,,,,,,,,,,,,,,,,,,,,,,,,,,,,,,,,,,,,,,,,,,,,,,,,,,,,,,,,,,,,,,,,,,,,,,,,,,,,,,,,,,,,,,,,,,,,,,,,,,,,,,,,,,,,,,,,,,42.3,80.0,42.3,42.3,42.3,out_of_sample_extension,,42.3,,21.3,72.48051727554073,1.3361839853379676,353.31703710143165,1.1265778569744456,5.5,,,
2015,Hainan,,pre_rps,9.8,4.0,,,,,-1.0,-1.0,,,,,,,,,,,,,,,,,,,,,,,,,,,,,,,,,,,,,,,,,,,,,,,,,,,,,,,,,,,,,,,,,,,,,,,,,,,,,,,,,,,,,,,,,,,,,,,,,,,,,,,,,,,,,,,,,,,,,,,,,,,,,,,,,,,,,,,,,,,,,,,,,,,,,,,,,,,901.0,10735.0,9289.0,71.76,341607.0,51188560.0,3355.44,7497.51,1326.0,3956.0,31.56,267.22,744.0,,324.9,118259.0,,,,,,,,,,,,,,,,,,,,,main,,,,,44.62718045191458,1.3276038100228629,44.671229372887545,0.9066945243884156,7.0,,,
2016,Hainan,,pre_rps,12.3,4.5,,,,,-1.0,-1.0,,,,,,,,,,,,,,,,,,,,,,,,,,,,,,,,,,,,,,,,,,,,,,,,,,,,,,,,,,,,,,,,,,,,,,,,,,,,,,,,,,,,,,,,,,,,,,,,,,,,,,,,,,,,,,,,,,,,,,,,,,,,,,,,,,,,,,,,,,,,,,,,,,,,,,,,,,,654.42,21696.0,40939.0,72.98,507591.0,234355852.0,5860.18,8755.21,9626.0,5897.0,26.57,4.22,595.22,,216.2,1264063.0,,,,,,,,9404.0,,,248.0,5.0,,4.0,171.0,,,,,,main,,,,,44.62718045191458,1.3276038100228629,44.671229372887545,0.9066945243884156,7.0,,,
2017,Hainan,海南,pre-rps,13.3,4.7,,,,,,,,,4497.5,46631.0,972.0,962.8,996.4,2538.4,1729.4,0.2215453029460811,0.5644024458032241,114.0,465.0,34.0,43.0,6.0,3.0,1848.0,1113.0,305.0,7609.0,7609.0,26.0,3.0,195.0,305.0,6.0,414331.0,114.0,43.0,465.0,786.0,34.0,7.25,3.0,,23.0,,305.0,350.0,10426.0,2769.0,1113.0,4205.0,4126.0,1848.0,,,,,,,41.0,,,,,304.95,106.23,7.8,1443.97,674.11,3.07,528.3,,,,0.1,74815.0,972.0,10374055.0,564.0,0.5802469135802469,299.32,70.0,20.81,195.45,1099.34,88.38,304.95,106.23,7.0,,18.0,7.25,236.0,255.0,7609.0,-19.09,10426.0,10426.0,350.0,47.0,87.0,23.0,20.0,,,3.0,109391.0,88086.0,,109759.0,348094.0,168.5,1848.0,2769.0,4205.0,0.97,40.1,57.4,110.03,1799.52,335.0,2858.4,7.8,2053.11,,0.04,0.1,,6802949.0,3316253.0,9348688.0,972.0,564.0,2070.0,674.11,1443.97,,299.32,195.45,20.81,1099.34,0.238,,,150.0,78.0,,,25.0,4.0,78.0,37.17948717948718,1666.6666666666667,512.8205128205128,1445.0,,1028606.0,7.118380622837371,,321.28960533629794,1486.625514403292,213.0,3235.2,9355.0,12.27,,18542971.0,1210.91,3725.72,813.0,1508.0,10.39,18.58,134.0,,465.0,90702.0,assessed,,,,,,0.2215453029460811,7609.0,,,61.0,3.0,,3.0,116.0,,,,,,main,,,,,44.62718045191458,1.3276038100228629,44.671229372887545,0.9066945243884156,7.0,,,
2018,Hainan,海南,binding,13.6,5.2,11.0,4.5,,,0.0,0.0,0.0,0.0,4910.7,50263.0,982.0,986.0,1053.1,2871.6,1852.7,0.214450078400228,0.5847638829494777,154.0,465.0,34.0,136.0,5.0,6.0,1524.0,752.0,327.0,8939.0,8939.0,27.0,6.0,211.0,327.0,5.0,587037.0,154.0,136.0,465.0,919.0,34.0,7.17,16.0,,56.0,,327.0,353.0,10595.0,1962.0,752.0,4549.0,3946.0,1524.0,,,,5.0,,12.1,44.28,2.6,完成,完成,1.0,326.78,,-12.5,1691.3,752.67,3.5,582.0,-14.2,-37.9,55.5,0.1,113708.0,982.0,12733530.0,581.0,0.5916496945010183,323.37,,25.51,211.23,1162.67,,326.78,,7.0,7.0,20.0,7.17,255.0,275.0,8939.0,17.48,10595.0,10595.0,353.0,45.0,90.0,56.0,40.0,,,16.0,159529.0,24762.0,45982.0,176400.0,515982.0,151.5,1524.0,1962.0,4549.0,0.81,40.6,57.4,145.3,2202.3,337.0,3090.5,-12.5,1715.04,-37.9,0.05,0.1,,8806994.0,3417208.0,13448700.0,982.0,581.0,2460.0,752.67,1691.3,,323.37,211.23,25.51,1162.67,0.238,,,208.0,124.0,0.0,216.27906976744185,42.0,9.0,124.0,41.12903225806452,2019.2307692307693,725.8064516129032,1703.0,7.21311475409836,1199615.0,7.044128009395186,9.187326292384656,346.7937361272324,1734.215885947047,,1191.0,12711.0,13.06,,3776564.0,436.52,1419.06,,441.0,3.54,,,-17.0,966.4,79088.0,assessed,,,,,,0.214450078400228,8939.0,,,125.0,7.0,3.0,6.0,160.0,,,,,,main,,,,,44.62718045191458,1.3276038100228629,44.671229372887545,0.9066945243884156,7.0,,,
2019,Hainan,海南,binding,14.5,6.8,11.0,5.0,,,0.0,0.0,0.0,0.0,5330.8,53929.0,995.0,1079.0,1083.8,3168.1,1974.0,0.2033090718091093,0.5943010429954227,154.0,465.0,29.0,140.0,5.0,14.0,1645.0,1023.0,355.0,5107.0,5107.0,17.0,14.0,212.0,345.0,5.0,572028.0,154.0,140.0,465.0,918.0,29.0,6.02,7.0,46.0,53.0,,355.0,356.0,10694.0,1089.0,1023.0,4563.0,3878.0,1645.0,,,,5.5,,12.1,52.0,3.5,完成,完成,1.0,355.0,,-9.2,1858.6,814.14,3.81,597.9,-11.2,19.9,32.2,0.1,108154.0,995.0,13152748.0,591.0,0.5939698492462312,345.68,,17.27,212.46,1130.39,,355.0,,7.0,7.0,18.0,6.02,284.0,302.0,5107.0,-42.86,10694.0,10694.0,356.0,45.0,90.0,53.0,,46.0,,7.0,142559.0,13299.0,122075.0,148800.0,591347.0,150.0,1645.0,1089.0,4563.0,0.69,41.7,,170.5,,412.0,3293.45,-9.2,1336.18,19.9,0.05,0.1,,7370136.0,3975481.0,12325331.0,995.0,591.0,2352.0,814.14,1858.6,,345.68,212.46,17.27,1130.39,0.238,,,287.0,135.0,-14.70588235294118,2.941176470588225,61.0,14.0,135.0,55.55555555555556,2125.4355400696863,1037.037037037037,1907.0,8.562691131498479,1112514.0,5.833843733613005,8.554788523021163,357.7324229008779,1916.5829145728644,,6551.8,5023.0,7.5,,83949585.0,2134.93,4847.68,1056.0,2175.0,17.43,65.1,,-2.1,245.7,37461.0,assessed,,,,,,0.2033090718091093,5107.0,,,93.0,7.0,2.0,4.0,59.0,,,,,,main,,,,,44.62718045191458,1.3276038100228629,44.671229372887545,0.9066945243884156,7.0,,,
2020,Hainan,海南,binding,16.2,7.4,13.5,6.5,,,0.0,0.0,0.0,0.0,5566.2,55438.0,1012.0,1136.0,1072.2,3358.0,2022.4,0.1926269268082354,0.6032841076497432,151.0,546.0,29.0,143.0,6.0,15.0,1984.0,1061.0,363.0,7287.0,7287.0,17.0,15.0,215.0,348.0,6.0,396292.0,151.0,143.0,546.0,999.0,29.0,5.53,0.0,98.0,98.0,,363.0,360.0,11022.0,972.0,1061.0,4063.0,3631.0,1984.0,,,,7.2,,14.9,59.0,2.7,完成,完成,1.0,363.0,,8.0,1972.46,816.06,4.02,557.4,1.1,49.7,-1.8,0.1,117021.0,1012.0,13586831.0,610.0,0.6027667984189723,345.53,,16.68,213.06,,,363.0,,7.0,8.5,17.0,5.53,292.0,309.0,7287.0,42.68,11022.0,11022.0,360.0,45.0,169.0,98.0,,98.0,,0.0,257662.0,14000.0,243314.0,270242.0,862668.0,302.0,1984.0,972.0,4063.0,0.59,40.6,,133.15,,493.0,3586.57,8.0,1341.67,49.7,0.05,0.1,,4381035.0,2299679.0,12573917.0,1012.0,610.0,2444.0,816.06,1972.46,,345.53,213.06,16.68,,0.238,,,29.0,129.0,0.0,2.1428571428571352,5.74,14.43,346.0,,,,363.0,2.2535211267605604,7287.0,,4.4158475275756,65.21504796809313,358.69565217391306,,8991.6,,10.25,,58025836.0,2507.54,6674.08,868.0,2731.0,21.06,0.0,,20.8,540.3,93009.0,assessed,1.0,1.0,2.7,0.9000000000000004,13.5,0.1926269268082354,7287.0,,,522.0,11.0,5.0,7.0,159.0,,,,,,main,,,,,44.62718045191458,1.3276038100228629,44.671229372887545,0.9066945243884156,7.0,302.0,99.0,196.0
2021,Hainan,海南,binding,17.5,9.4,16.0,8.0,,,0.0,0.0,0.0,0.0,6504.1,63991.0,1020.0,1254.4,1240.8,4008.8,2587.2,0.1907719746006365,0.6163496871204317,153.0,598.0,29.0,147.0,5.0,16.0,1743.0,1148.0,405.0,10105.0,10105.0,18.07,16.1,254.39,391.0,5.04,490530.0,153.0,147.0,598.0,1056.0,29.0,,,58.0,85.0,,405.0,367.0,11289.0,1080.0,1148.0,4510.0,3937.0,1743.0,100.0,100.0,,8.8,,17.7,71.0,1.5,完成,完成,1.0,405.0,,10.2,1971.37,921.16,4.1,693.1,7.6,84.2,-11.4,0.1,141545.0,1020.0,22600000.0,622.0,0.6098039215686275,391.23,,,,,,405.0,,7.0,,,,,350.0,10105.0,38.68,11289.0,,,,,,,,,,,,,,,138.0,,,,0.43,40.8,,212.72,,563.0,4421.64,10.2,1379.62,84.2,0.05,0.1,,5021510.0,2646400.0,15612154.0,1020.0,622.0,2279.0,921.16,1971.37,,391.23,,,,0.238,2.5,1.5,29.0,129.0,0.0,2.7972027972027913,5.04,16.1,391.0,5.406649616368286,1737.9310344827586,1248.062015503876,405.0,11.570247933884303,10105.0,0.2495061728395061,16.849915561783636,62.26841530726772,397.05882352941177,,9386.5,,16.33,,119220000.0,2765.59,5879.21,4591.0,3079.0,13.16,7.91,,25.4,304.1,120759.0,assessed,1.0,1.0,1.5,1.4000000000000004,16.0,0.1907719746006365,10105.0,,,232.0,17.0,5.0,12.0,102.0,,,,,,main,,,,,44.62718045191458,1.3276038100228629,44.671229372887545,0.9066945243884156,7.0,767.0,388.0,610.0
2022,Hainan,海南,binding,19.7,11.1,16.7,9.3,3.0,1.799999999999999,1.0,1.0,0.0,0.0,6889.6,67314.0,1027.0,1417.9,1308.7,4163.1,2375.4,0.1899529725963771,0.6042585926614027,153.0,750.0,29.0,246.0,4.91,22.06,1699.0,1184.0,415.0,20389.0,20389.0,28.22,22.06,245.28,406.0,4.91,404847.0,153.0,246.0,750.0,1307.0,29.0,,,155.0,254.0,,415.0,374.0,11605.0,1597.0,1184.0,3839.0,3623.0,1699.0,100.0,100.0,9.25,,16.65,,82.0,3.0,完成,完成,1.0,415.0,,-4.2,2097.37,832.43,4.17,755.9,4.3,21.1,49.8,0.1,149370.0,1027.0,30020000.0,631.0,0.6144109055501461,405.71,,,,,,415.0,,7.0,,,,,358.0,20389.0,101.76,11605.0,,,,,,,,,,,,,,,143.5,,,,0.36,42.4,,135.76,,665.0,4754.83,-4.2,1158.37,21.1,0.05,0.1,,8632470.0,5337900.0,19030000.0,1027.0,631.0,2487.0,832.43,2097.37,,,,,,0.238,0.6999999999999993,1.3000000000000007,29.0,202.0,0.0,67.34693877551021,4.91,22.06,406.0,6.642857142857142,1693.103448275862,1092.079207920792,415.0,2.4691358024691468,20389.0,0.4913012048192771,5.927030642210296,60.23571760334417,404.0895813047712,,1250.3,,4.1,,610000.0,329.1,1975.1,107.0,366.0,8.77,,,16.0,412.1,1986.0,assessed,1.0,1.0,3.0,1.799999999999999,16.7,0.1899529725963771,20389.0,,,549.0,4834.0,1654.0,2970.0,328.0,,,,,,main,,,,,44.62718045191458,1.3276038100228629,44.671229372887545,0.9066945243884156,7.0,823.0,175.0,760.0
2023,Hainan,海南,binding,21.6,17.2,17.8,10.5,3.8000000000000007,6.699999999999999,1.0,1.0,0.0999999999999943,0.2000000000000028,7551.2,72958.0,1043.0,1507.4,1448.5,4595.3,2658.7,0.1918238160822121,0.6085522830808349,154.0,852.0,31.0,472.0,4.97,41.7,1653.0,1266.0,482.0,32782.0,32782.0,,,,,,350668.0,154.0,472.0,852.0,1639.0,31.0,,,101.0,331.0,,482.0,340.0,12135.0,1278.0,1266.0,3688.0,3357.0,1653.0,99.9,99.8,,,,,,3.8,完成,完成,1.0,482.0,,1.1,2248.96,900.71,4.18,861.4,1.7,-15.6,21.8,0.1,190844.0,1043.0,32930000.0,651.0,0.6241610738255033,478.89,,21.17,306.04,,,482.0,,7.0,,,,,427.0,32782.0,60.78,12135.0,,,,,,,,,,,,,,,133.2,,,,0.35,42.1,57.4,,,,,1.1,1169.29,-15.6,0.05,0.1,,8201380.0,5270850.0,17790000.0,1043.0,651.0,2501.0,900.71,2248.96,,478.89,306.04,21.17,,0.238,1.1000000000000014,1.1999999999999993,31.0,328.0,6.896551724137923,91.869918699187,4.97,41.7,479.0,9.74321503131524,1603.225806451613,1271.341463414634,482.0,16.14457831325302,32782.0,0.6801244813278008,9.602879702740363,63.8309142917682,462.1284755512944,,861.4,,0.35,,32930000.0,900.71,2248.96,,651.0,4.18,34.96,,21.8,440.6,1497.0,assessed,1.0,1.0,3.8000000000000007,6.699999999999999,17.8,0.1918238160822121,32782.0,,,225.0,5266.0,1855.0,3339.0,168.0,,,,,,main,,,,,44.62718045191458,1.3276038100228629,44.671229372887545,0.9066945243884156,7.0,1069.0,149.0,792.0
2024,Hainan,海南,binding,28.0,22.1,21.8,17.5,6.199999999999999,4.600000000000001,1.0,1.0,0.0,0.2000000000000028,7935.7,75903.0,1048.0,1627.6,1497.9,4810.1,2546.1,0.1887546152198294,0.6061343044721953,151.0,854.0,42.0,741.0,4.78,71.76,1806.0,1132.0,519.0,26905.0,,,,,,,,,,,,,,,,,,,,,,,,,,100.0,99.8,12.2,,18.8,,,6.2,完成,完成,1.0,518.9,,7.1,2293.57,890.46,,,,,,,,1048.0,39020000.0,,,515.29,,30.77,311.21,,,518.9,,7.0,,,,,,,,,,,,,,,,,,,,,,,,,,,,,,,,,,7.1,1207.63,,,,,8436040.0,5594370.0,17410000.0,1048.0,,,890.46,2293.57,,515.29,311.21,30.77,,0.238,4.0,7.0,42.0,474.0,35.48387096774193,56.9915254237288,4.78,71.76,515.0,14.862135922330095,1138.095238095238,1513.9240506329113,519.0,7.676348547717837,26905.0,0.5184007707129095,5.091905922237516,65.40065778696271,495.2290076335878,,,,,,279660000.0,3614.64,6081.11,,,,,,,,,assessed,1.0,1.0,6.199999999999999,4.600000000000001,21.8,0.1887546152198294,26905.0,,,356.0,4070.0,271.0,371.0,244.0,,,22.8,,,main,,,,,44.62718045191458,1.3276038100228629,44.671229372887545,0.9066945243884156,7.0,924.0,146.0,830.0
2025,Hainan,,,,,,,,,,,,,,,,,,,,,,,,,,,,,,,,,,,,,,,,,,,,,,,,,,,,,,,,,,,,,,,,,,,,,,,,,,,,,,,,,,,,,,,,,,,,,,,,,,,,,,,,,,,,,,,,,,,,,,,,,,,,,,,,,,,,,,,,,,,,,,,,,,,,,,,,,,,,,,,,,,,,,,,,,,,,,,,,,,,,,,,,,,,,,,,,,,,,27.200000000000003,80.0,23.9,27.200000000000003,27.200000000000003,out_of_sample_extension,27.200000000000003,27.200000000000003,23.8,23.8,44.62718045191458,1.3276038100228629,44.671229372887545,0.9066945243884156,7.0,,,
2026,Hainan,,,,,,,,,,,,,,,,,,,,,,,,,,,,,,,,,,,,,,,,,,,,,,,,,,,,,,,,,,,,,,,,,,,,,,,,,,,,,,,,,,,,,,,,,,,,,,,,,,,,,,,,,,,,,,,,,,,,,,,,,,,,,,,,,,,,,,,,,,,,,,,,,,,,,,,,,,,,,,,,,,,,,,,,,,,,,,,,,,,,,,,,,,,,,,,,,,,,29.2,80.0,29.2,29.2,29.2,out_of_sample_extension,,28.2,,25.5,44.62718045191458,1.3276038100228629,44.671229372887545,0.9066945243884156,7.0,,,
2015,Hebei,,pre_rps,8.2,7.6,,,,,-1.0,-1.0,,,,,,,,,,,,,,,,,,,,,,,,,,,,,,,,,,,,,,,,,,,,,,,,,,,,,,,,,,,,,,,,,,,,,,,,,,,,,,,,,,,,,,,,,,,,,,,,,,,,,,,,,,,,,,,,,,,,,,,,,,,,,,,,,,,,,,,,,,,,,,,,,,,,,,,,,,,584.0,10026.4,28943.0,110.84,310568.0,51513748.0,2649.18,5632.19,1543.0,3795.0,18.46,10.43,516.0,,252.8,541596.0,,,,,,,,,,,,,,,,,,,,,main,,,,,762.8501415503393,1.3364670511672694,2638.0474657263326,0.7796953152960331,4.699999999999999,,,
2016,Hebei,,pre_rps,10.3,9.0,,,,,-1.0,-1.0,,,,,,,,,,,,,,,,,,,,,,,,,,,,,,,,,,,,,,,,,,,,,,,,,,,,,,,,,,,,,,,,,,,,,,,,,,,,,,,,,,,,,,,,,,,,,,,,,,,,,,,,,,,,,,,,,,,,,,,,,,,,,,,,,,,,,,,,,,,,,,,,,,,,,,,,,,,125.07,91.6,,0.35,6143.0,781922.0,155.99,1587.98,39.0,107.0,8.21,,121.53,,949.6,1116.0,,,,,,,,4053858.0,3083.0,210216529.0,,1661.0,886.0,1658.0,,,,,,,main,,,,,762.8501415503393,1.3364670511672694,2638.0474657263326,0.7796953152960331,4.699999999999999,,,
2017,Hebei,河北,pre-rps,11.6,10.4,,,,,,,,,30640.8,41451.0,7409.0,3130.0,12778.0,14732.8,11138.5,0.4170256651262369,0.4808229550142294,182.0,4574.0,1181.0,868.0,263.0,77.0,2250.0,1303.0,3442.0,4363207.0,4363207.0,20.0,77.0,2296.0,2657.0,263.0,,182.0,868.0,4574.0,6807.0,1181.0,6.55,450.0,139.0,698.0,107.0,3442.0,4221.0,100769.0,999.0,1303.0,5056.0,4135.0,2250.0,,,,,,,401.0,,,,,3441.74,2170.28,1.6,6639.18,3233.83,19.17,11015.7,,,,0.72,3509684.0,7409.0,49855543.0,4130.0,0.5574301525172088,2817.1,458.0,18.64,2484.51,27417.13,1730.85,3441.74,2170.28,4.699999999999999,,204.0,6.55,2916.0,3120.0,4363207.0,7.63,100769.0,91426.0,4221.0,1083.0,541.0,698.0,2.0,139.0,107.0,450.0,2119036.0,144432.0,839652.0,2152792.0,4490403.0,156.35000000000002,2250.0,999.0,5056.0,43.31,41.8,26.8,2712.87,41949.97,14790.0,45213.57,1.6,4823.91,,0.6,0.72,,10569832.0,5652478.0,37801976.0,7409.0,4130.0,2675.0,3233.83,6639.18,,2817.1,2484.51,18.64,27417.13,0.279,,,29.0,68.0,,,6.0,6.0,68.0,17.647058823529413,2068.9655172413795,882.3529411764706,806.0,,708948.0,8.795880893300248,,26.30479621941986,108.7866108786611,259.0,10709.8,12405.0,27.59,,36033297.0,2757.82,6869.39,922.0,3623.0,23.97,,230.0,,477.8,86090.0,assessed,,,,,,0.4170256651262369,4363207.0,3367.0,225190605.0,,1591.0,307.0,1388.0,,,,,,,main,,,,,762.8501415503393,1.3364670511672694,2638.0474657263326,0.7796953152960331,4.699999999999999,,,
2018,Hebei,河北,binding,12.2,11.3,11.0,10.5,,,0.0,0.0,5.2,0.0,32494.6,43808.0,7426.0,3338.6,12904.1,16252.0,11973.9,0.3971152129892352,0.5001446394170108,182.0,4617.0,1391.0,1234.0,283.0,126.0,2276.0,1275.0,3666.0,4375859.0,4375859.0,17.0,126.0,2361.0,2787.0,283.0,,182.0,1234.0,4617.0,7427.0,1391.0,6.65,389.0,205.0,840.0,246.0,3666.0,4263.0,103845.0,753.0,1275.0,5090.0,4047.0,2276.0,94.8,,,11.6,,12.1,448.38,1.2,完成,完成,1.0,3665.66,,6.0,7726.21,3513.86,19.33,10930.3,5.5,8.2,13.2,0.74,3819916.0,7426.0,53900873.0,4257.0,0.5732561271209264,3133.18,,10.54,2809.74,29593.75,,3665.66,,4.699999999999999,205.0,223.0,6.65,3134.0,3358.0,4375859.0,0.29,103845.0,93983.0,4263.0,1083.0,589.0,840.0,,205.0,246.0,389.0,1594888.0,191940.0,493900.0,1932006.0,4686376.0,151.05,2276.0,753.0,5090.0,34.32,41.6,26.8,2211.7,37835.5,14943.0,44371.8,6.0,4476.4,8.2,0.63,0.74,,9920029.0,5617604.0,37975448.0,7426.0,4257.0,3210.0,3513.86,7726.21,,3133.18,2809.74,10.54,29593.75,0.279,,,52.0,128.0,17.78154106689247,42.16589861751152,8.0,8.0,128.0,12.5,1538.4615384615386,625.0,861.0,6.507844276583374,1719348.0,19.96919860627177,6.0501031304665664,26.496710222621605,115.94398060867223,,36113.2,25407.0,31.68,,663913736.0,8630.16,11657.35,,6013.0,15.87,9.97,,-25.0,736.3,811733.0,assessed,,,,,,0.3971152129892352,4375859.0,3779.0,266940536.0,,1573.0,408.0,1553.0,,,,,,,main,,,,,762.8501415503393,1.3364670511672694,2638.0474657263326,0.7796953152960331,4.699999999999999,,,
2019,Hebei,河北,binding,13.7,13.0,13.5,13.5,,,0.0,0.0,4.8,0.0,34978.6,47036.0,7447.0,3518.4,13393.7,18066.4,12784.8,0.3829112657453414,0.5164986591801846,182.0,5021.0,1639.0,1474.0,318.0,176.0,2144.0,1379.0,3856.0,4877294.0,4877294.0,16.0,176.0,2377.0,2887.0,318.0,,182.0,1474.0,5021.0,8319.0,1639.0,6.39,236.0,306.0,780.0,238.0,3856.0,4320.0,108469.0,829.0,1379.0,4851.0,3790.0,2144.0,95.0,,,14.9,,14.9,530.0,0.2,完成,未完成,1.0,3856.0,,6.5,8309.04,3738.99,19.7,11310.4,19.1,1.6,3.3,0.78,4385826.0,7447.0,58043282.0,4377.0,0.5877534577682288,3297.66,,16.44,2787.25,28738.44,,3856.0,,4.699999999999999,283.0,226.0,6.39,3316.0,3542.0,4877294.0,11.46,108469.0,98843.0,4320.0,1081.0,639.0,780.0,,306.0,238.0,236.0,1991285.0,225116.0,533524.0,1320642.0,5954919.0,153.75,2144.0,829.0,4851.0,28.69,42.3,,2140.1,,13181.0,47267.72,6.5,4347.05,1.6,0.68,0.78,,8592567.0,4672220.0,46666944.0,7447.0,4377.0,3063.0,3738.99,8309.04,,3297.66,2787.25,16.44,28738.44,0.279,,,60.0,143.0,17.82890007189073,19.448946515397083,11.0,15.0,143.0,18.181818181818183,1833.3333333333333,1048.951048951049,878.0,5.182760501909445,1566698.0,17.843940774487475,7.644347060742396,25.10106179206715,117.89982543306029,,4372.3,3766.0,1.78,,106645671.0,2410.41,3555.71,3905.0,1168.0,1.61,34.9,,11.7,181.9,125944.0,assessed,,,,,,0.3829112657453414,4877294.0,4112.0,272821120.0,,1874.0,657.0,1773.0,,,,,,,main,,,,,762.8501415503393,1.3364670511672694,2638.0474657263326,0.7796953152960331,4.699999999999999,,,
2020,Hebei,河北,binding,14.2,13.5,13.0,12.5,,,0.0,0.0,5.0,1.3,36013.8,48302.0,7464.0,3880.4,13765.1,18368.4,12322.5,0.3822173722295342,0.5100378188361129,182.0,5391.0,2274.0,2190.0,368.0,211.0,2145.0,1336.0,3934.0,5566411.0,5566411.0,15.0,211.0,2352.0,2945.0,368.0,,182.0,2190.0,5391.0,10042.0,2274.0,5.86,715.0,361.0,1720.0,642.0,3934.0,4331.0,117437.0,780.0,1336.0,4447.0,3489.0,2145.0,,,,13.8,,14.4,559.0,1.2,完成,完成,1.0,3934.0,,3.2,9022.79,3826.46,20.47,11664.1,14.9,-10.1,20.8,0.79,4854544.0,7464.0,64470226.0,4484.0,0.6007502679528403,3425.07,,15.17,2831.73,,,3934.0,,4.699999999999999,408.5,212.0,5.86,3406.0,3618.0,5566411.0,14.13,117437.0,105627.0,4331.0,1052.0,730.0,1720.0,0.3,361.0,642.0,715.0,2846585.0,260487.0,347552.0,2604554.0,7651864.0,150.3,2145.0,780.0,4447.0,16.17,42.9,,2177.78,,14239.0,51303.14,3.2,4601.13,-10.1,0.72,0.79,,8653773.0,4708279.0,50051235.0,7464.0,4484.0,3085.0,3826.46,9022.79,,3425.07,2831.73,15.17,,0.279,,,2274.0,1447.0,38.74313605857229,48.575305291723204,367.62,210.56,3425.0,,,,3934.0,2.0228215767634783,5566411.0,,2.9595238231375776,109.23590401457218,527.0632368703108,,5579.4,,17.66,,39128383.0,2116.69,6974.02,1222.0,2363.0,29.25,0.0,,6.7,330.6,142339.0,assessed,1.0,1.0,1.1999999999999993,1.0,13.0,0.3822173722295342,5566411.0,4398.0,312427081.0,,2063.0,869.0,2036.0,,,,,,,main,,,,,762.8501415503393,1.3364670511672694,2638.0474657263326,0.7796953152960331,4.699999999999999,2744.0,290.0,2487.0
2021,Hebei,河北,binding,17.6,16.8,16.5,16.0,,,0.0,0.0,4.6,1.8,40397.1,54181.0,7448.0,4030.4,16355.8,20010.9,12896.3,0.4048755975057616,0.4953548645818636,182.0,5424.0,2546.0,2921.0,511.0,279.0,2208.0,1108.0,4294.0,6168699.0,6168699.0,24.0,279.32,2698.74,3513.0,511.36,,182.0,2921.0,5424.0,11078.0,2546.0,,,151.0,1213.0,,4294.0,4438.0,121883.0,1143.0,1108.0,4160.0,3139.0,2208.0,95.4,98.2,,17.6,,18.2,756.0,1.1,完成,完成,1.0,4294.0,,3.0,8848.21,4167.62,20.72,14132.3,-7.8,2.3,-6.5,0.81,5703924.0,7448.0,82610000.0,4554.0,0.6114393125671321,3513.42,,,,,,4294.0,,4.699999999999999,,,,,3964.0,6168699.0,16.95,121883.0,,,,,,,,,,,,,,,148.95,,,,17.07,42.9,,2454.86,,16127.0,58769.06,3.0,5023.87,2.3,0.74,0.81,,12811420.0,7424200.0,69635265.0,7448.0,4554.0,3162.0,4167.62,8848.21,,3513.42,,,,0.279,3.5,3.5,2546.0,1664.0,11.961301671064195,33.378995433789946,511.36,279.32,3513.0,22.5072587532024,2008.483896307934,1678.6057692307693,4294.0,9.150991357397054,6168699.0,14.365857009781092,12.171167719041032,106.29475878218982,576.530612244898,,16040.7,,9.21,,81160000.0,3283.32,7933.67,2602.0,3736.0,29.69,1.29,,27.7,580.7,138490.0,assessed,1.0,1.0,1.1000000000000014,0.8000000000000007,16.5,0.4048755975057616,6168699.0,4205.0,329200394.0,,854.0,274.0,741.0,,,,,,,main,,,,,762.8501415503393,1.3364670511672694,2638.0474657263326,0.7796953152960331,4.699999999999999,2092.0,273.0,2047.0
2022,Hebei,河北,binding,21.4,20.8,17.9,17.8,3.5,3.0,1.0,1.0,4.4,2.0,41988.0,56481.0,7420.0,4408.6,16129.6,21449.8,12884.3,0.3841478517671716,0.5108554825188149,393.0,5383.0,2797.0,3855.0,587.27,442.83,2237.0,1330.0,4344.0,7446210.0,7446210.0,37.21,442.83,2725.56,3793.0,587.27,,393.0,3855.0,5383.0,12428.0,2797.0,,,14.0,1351.0,,4344.0,4515.0,123003.0,1189.0,1330.0,4224.0,3098.0,2237.0,95.6,98.0,17.25,,17.93,,930.0,3.5,完成,完成,1.0,4344.0,,7.9,9305.64,4056.3,20.92,13864.3,-0.4,13.4,6.7,0.83,6358675.0,7420.0,81160000.0,4575.0,0.616576819407008,3792.87,,,,,,4344.0,,4.699999999999999,,,,,4000.0,7446210.0,20.61,123003.0,,,,,,,,,,,,,,,134.9,,,,14.62,43.8,,1210.36,,18077.0,61482.51,7.9,4092.1,13.4,0.79,0.83,,12794910.0,8135960.0,66940000.0,7420.0,4575.0,3150.0,4056.3,9305.64,,,,,,0.279,1.3999999999999986,1.8000000000000007,2797.0,1999.0,9.8586017282011,31.975350907223543,587.27,442.83,3793.0,27.157922488795144,2099.642474079371,2215.257628814408,4344.0,1.1644154634373516,7446210.0,17.141367403314916,3.938153976399295,103.4581308945413,585.4447439353099,,10736.9,,0.67,,625850000.0,7608.0,9393.0,21491.0,2211.0,1.3,,,-7.2,425.9,274105.0,assessed,1.0,1.0,3.5,3.0,17.9,0.3841478517671716,7446210.0,4714.0,351301445.0,,1160.0,799.0,1146.0,,,,,,,main,,,,,762.8501415503393,1.3364670511672694,2638.0474657263326,0.7796953152960331,4.699999999999999,2502.0,650.0,2419.0
2023,Hebei,河北,binding,24.4,23.2,19.1,19.0,5.299999999999997,4.199999999999999,1.0,1.0,5.700000000000003,2.5,43944.1,59332.0,7393.0,4466.2,16435.3,23042.6,13895.6,0.3740047014274953,0.5243616321644999,484.0,5571.0,3141.0,5416.0,650.16,552.73,2243.0,1344.0,4757.0,8133268.0,8133268.0,,,,,,,484.0,5416.0,5571.0,14612.0,3141.0,,,223.0,2218.0,,4757.0,4493.0,122581.0,1230.0,1344.0,4350.0,3072.0,2243.0,94.3,97.5,,,,,,5.3,完成,完成,1.0,4757.0,,6.3,9606.21,4286.6,21.11,13968.7,26.8,12.6,-2.4,0.85,7035030.0,7393.0,82790000.0,4641.0,0.6277559853915866,4125.94,,58.29,2864.76,,,4757.0,,4.699999999999999,,,,,4367.0,8133268.0,9.23,122581.0,,,,,,,,,,,,,,,156.95,,,,14.25,43.7,26.8,,,,,6.3,3094.45,12.6,0.81,0.85,,14629770.0,10488380.0,69570000.0,7393.0,4641.0,3426.0,4286.6,9606.21,,4125.94,2864.76,58.29,,0.279,1.2000000000000028,1.1999999999999993,3141.0,3052.0,12.29889166964604,40.492866407263286,650.16,552.73,4126.0,29.153902084343187,2069.9140401146133,1811.0419397116648,4757.0,9.507366482504608,8683995.0,18.255192348118563,4.65871201295609,108.25116454768671,643.4465034492088,,5008.5,,0.11,,518480000.0,6181.1,7971.25,,1920.0,2.24,1.22,,1.3,186.3,11419.0,assessed,1.0,1.0,5.299999999999997,4.199999999999999,19.1,0.3740047014274953,8133268.0,4762.0,363580363.0,,4002.0,3760.0,3934.0,,,,,,,main,,,,,762.8501415503393,1.3364670511672694,2638.0474657263326,0.7796953152960331,4.699999999999999,3874.0,492.0,3269.0
2024,Hebei,河北,binding,27.3,26.2,24.9,23.7,2.400000000000002,2.5,1.0,1.0,7.400000000000006,3.9000000000000057,47526.9,64352.0,7378.0,4522.3,17470.5,25534.1,14657.4,0.3675918269443199,0.5372557435894199,544.0,5585.0,3809.0,7202.0,658.08,708.72,2051.0,1111.0,4987.0,9044719.0,,,,,,,,,,,,,,,,,,,,,,,,,,92.6,96.1,20.7,,20.7,,,2.4,完成,完成,1.0,4956.7,,6.8,10325.97,4310.05,,,,,,,,7378.0,86440000.0,,,4334.58,,65.38,2902.4,,,4956.7,,4.699999999999999,,,,,,,,,,,,,,,,,,,,,,,,,,,,,,,,,,6.8,2885.4,,,,,14065550.0,10073700.0,70480000.0,7378.0,,,4310.05,10325.97,,4334.58,2902.4,65.38,,0.279,5.799999999999997,4.699999999999999,3809.0,4340.0,21.26711238459089,32.976366322008865,658.08,708.72,4335.0,31.529411764705888,1727.697558414282,1632.995391705069,4987.0,4.8349800294303025,9044719.0,18.13659314216964,8.153085397129534,104.93005014002595,675.9284358904853,,,,,,12100000.0,2169.62,6522.42,,,,11.91,,,,,assessed,1.0,1.0,2.400000000000002,2.5,24.9,0.3675918269443199,9044719.0,4716.0,374913224.0,,776.0,449.0,675.0,,,,25.9,,,main,,,,,762.8501415503393,1.3364670511672694,2638.0474657263326,0.7796953152960331,4.699999999999999,4764.0,807.0,3760.0
2025,Hebei,,,,,,,,,,,,,,,,,,,,,,,,,,,,,,,,,,,,,,,,,,,,,,,,,,,,,,,,,,,,,,,,,,,,,,,,,,,,,,,,,,,,,,,,,,,,,,,,,,,,,,,,,,,,,,,,,,,,,,,,,,,,,,,,,,,,,,,,,,,,,,,,,,,,,,,,,,,,,,,,,,,,,,,,,,,,,,,,,,,,,,,,,,,,,,,,,,,,29.2,80.0,26.0,29.2,29.2,out_of_sample_extension,29.2,29.2,27.9,27.9,762.8501415503393,1.3364670511672694,2638.0474657263326,0.7796953152960331,4.699999999999999,,,
2026,Hebei,,,,,,,,,,,,,,,,,,,,,,,,,,,,,,,,,,,,,,,,,,,,,,,,,,,,,,,,,,,,,,,,,,,,,,,,,,,,,,,,,,,,,,,,,,,,,,,,,,,,,,,,,,,,,,,,,,,,,,,,,,,,,,,,,,,,,,,,,,,,,,,,,,,,,,,,,,,,,,,,,,,,,,,,,,,,,,,,,,,,,,,,,,,,,,,,,,,,30.2,80.0,30.2,30.2,30.2,out_of_sample_extension,,30.2,,29.6,762.8501415503393,1.3364670511672694,2638.0474657263326,0.7796953152960331,4.699999999999999,,,
2015,Heilongjiang,,pre_rps,13.7,11.1,,,,,-1.0,-1.0,,,,,,,,,,,,,,,,,,,,,,,,,,,,,,,,,,,,,,,,,,,,,,,,,,,,,,,,,,,,,,,,,,,,,,,,,,,,,,,,,,,,,,,,,,,,,,,,,,,,,,,,,,,,,,,,,,,,,,,,,,,,,,,,,,,,,,,,,,,,,,,,,,,,,,,,,,,424.0,8360.5,15671.0,48.01,280626.0,47844532.0,2454.3,5239.01,1395.0,3064.0,18.69,,333.0,,472.3,179450.0,,,,,,,,,,,,,,,,,,,,,main,,,,,25.208591604095204,1.36681367056173,1550.238978622039,0.6864821655311864,7.300000000000001,,,
2016,Heilongjiang,,pre_rps,15.7,12.4,,,,,-1.0,-1.0,,,,,,,,,,,,,,,,,,,,,,,,,,,,,,,,,,,,,,,,,,,,,,,,,,,,,,,,,,,,,,,,,,,,,,,,,,,,,,,,,,,,,,,,,,,,,,,,,,,,,,,,,,,,,,,,,,,,,,,,,,,,,,,,,,,,,,,,,,,,,,,,,,,,,,,,,,,608.19,4441.2,35621.0,49.59,139291.0,16661411.0,1557.0,3428.86,301.0,2012.0,14.21,43.22,377.45,,205.6,300742.0,,,,,,,,1253355.0,1387.0,271699733.0,1090.0,296.0,199.0,293.0,174.0,,,,,,main,,,,,25.208591604095204,1.36681367056173,1550.238978622039,0.6864821655311864,7.300000000000001,,,
2017,Heilongjiang,黑龙江,pre-rps,20.2,15.8,,,,,,,,,12313.0,35887.0,3399.0,2965.3,3519.5,5828.2,5077.4,0.2858361081783481,0.4733371233655486,103.0,2201.0,570.0,94.0,108.0,6.0,1907.0,1249.0,929.0,1325393.0,1325393.0,25.0,6.0,816.0,954.0,108.0,973728.0,103.0,94.0,2201.0,2969.0,570.0,6.9,89.0,128.0,248.0,29.0,929.0,2146.0,57870.0,2396.0,1249.0,3866.0,3384.0,1907.0,,,,,,,188.0,,,,,928.57,734.64,1.3,4641.08,1243.31,16.6,3226.1,,,,0.62,825854.0,3399.0,18951195.0,2104.0,0.6190055898793763,917.28,162.0,18.62,805.77,14468.99,370.69,928.57,734.64,7.300000000000001,,54.0,6.9,723.0,777.0,1325393.0,5.75,57870.0,53215.0,2146.0,644.0,536.0,248.0,2.0,128.0,29.0,89.0,373310.0,58002.0,172422.0,342159.0,1108816.0,157.85,1907.0,2396.0,3866.0,18.37,35.5,43.8,416.7,8654.3,3731.0,14540.71,1.3,815.6,,0.27,0.62,676.6,2516943.0,1449988.0,11436748.0,3399.0,2104.0,5515.0,1243.31,4641.08,,917.28,805.77,18.62,14468.99,0.3,,,505.0,159.0,,,87.0,13.0,159.0,62.893081761006286,1722.7722772277227,817.6100628930818,703.0,,2192939.0,31.19401137980085,,57.09412815723219,206.8255369226243,797.0,8232.9,20070.0,18.58,,40202798.0,2006.69,4833.19,987.0,2267.0,17.44,419.4,438.0,,243.2,172274.0,assessed,,,,,,0.2858361081783481,1325393.0,1615.0,280668783.0,1295.0,238.0,,235.0,339.0,,,,,,main,,,,,25.208591604095204,1.36681367056173,1550.238978622039,0.6864821655311864,7.300000000000001,,,
2018,Heilongjiang,黑龙江,binding,19.4,16.2,19.5,15.0,,,0.0,0.0,4.4,0.0,12846.5,38199.0,3327.0,3001.2,3536.0,6309.3,5275.0,0.2752500681119371,0.4911298797337796,104.0,2212.0,598.0,215.0,125.0,20.0,2144.0,1447.0,974.0,1603410.0,1603410.0,26.0,20.0,859.0,1029.0,125.0,364494.0,104.0,215.0,2212.0,3129.0,598.0,7.86,143.0,36.0,213.0,31.0,974.0,2190.0,60185.0,2465.0,1447.0,3886.0,3413.0,2144.0,95.6,,,16.5,,21.5,188.7,-0.1,未完成,完成,1.0,973.88,,-4.7,4676.75,1282.6,16.71,3266.7,-18.7,15.6,13.3,0.69,605680.0,3327.0,26437359.0,2111.0,0.6345055605650737,1029.21,,26.2,876.2,13370.83,,973.88,,7.300000000000001,39.5,65.0,7.86,757.0,822.0,1603410.0,20.98,60185.0,56006.0,2190.0,664.0,564.0,213.0,3.0,36.0,31.0,143.0,259515.0,50008.0,97788.0,304490.0,1087347.0,152.75,2144.0,2465.0,3886.0,14.61,36.0,43.8,487.0,9078.0,3740.0,14981.6,-4.7,944.4,15.6,0.27,0.69,,2032356.0,1109973.0,18919858.0,3327.0,2111.0,5476.0,1282.6,4676.75,,1029.21,876.2,26.2,13370.83,0.3,,,514.0,265.0,4.912280701754379,128.72340425531914,105.0,24.0,265.0,48.67924528301887,2042.8015564202333,905.6603773584906,751.0,4.84391819160388,2800281.0,37.28736351531292,4.3328189718184085,58.45950258825361,225.7288848812744,,37651.1,17068.0,15.1,,1084464573.0,12105.26,15729.26,,8867.0,21.77,102.5,,4.9,373.9,273490.0,assessed,,,,,,0.2752500681119371,1603410.0,1643.0,302539087.0,2550.0,258.0,73.0,255.0,855.0,,,,,,main,,,,,25.208591604095204,1.36681367056173,1550.238978622039,0.6864821655311864,7.300000000000001,,,
2019,Heilongjiang,黑龙江,binding,22.0,20.2,21.5,17.5,,,0.0,0.0,1.3,0.0,13544.4,41156.0,3255.0,3183.2,3640.1,6721.1,5546.9,0.2687531378281799,0.4962272230589764,108.0,2253.0,611.0,274.0,140.0,32.0,2323.0,1566.0,996.0,2085447.0,2085447.0,28.0,32.0,887.0,1088.0,140.0,253528.0,108.0,274.0,2253.0,3246.0,611.0,8.7,59.0,88.0,164.0,12.0,996.0,2226.0,61750.0,2558.0,1566.0,3963.0,3482.0,2323.0,99.0,,,19.3,,23.7,219.0,0.5,完成,完成,1.0,996.0,,6.3,5011.56,1262.76,16.87,3334.0,22.6,-0.9,16.2,0.68,714862.0,3255.0,27108645.0,2103.0,0.6460829493087558,1111.91,,27.71,911.73,14142.64,,996.0,,7.300000000000001,44.0,72.0,8.7,751.0,822.0,2085447.0,30.06,61750.0,57367.0,2226.0,669.0,589.0,164.0,4.0,88.0,12.0,59.0,261199.0,58502.0,63083.0,255969.0,1060118.0,156.15,2323.0,2558.0,3963.0,13.49,36.4,,417.22,,3531.0,16396.84,6.3,958.01,-0.9,0.3,0.68,,1834600.0,934101.0,19248216.0,3255.0,2103.0,5498.0,1262.76,5011.56,,1111.91,911.73,27.71,14142.64,0.3,,,557.0,274.0,2.1739130434782705,27.441860465116275,115.0,40.0,274.0,56.56934306569343,2064.6319569120287,1459.85401459854,780.0,2.258726899383978,3068250.0,39.33653846153846,5.432608103374448,57.58837600779658,239.63133640553,,22520.9,13677.0,7.78,,447224509.0,7048.58,10053.03,15663.0,4563.0,12.18,0.01,,-10.4,286.2,340650.0,assessed,,,,,,0.2687531378281799,2085447.0,1696.0,301040574.0,370.0,298.0,114.0,298.0,131.0,,,,,,main,,,,,25.208591604095204,1.36681367056173,1550.238978622039,0.6864821655311864,7.300000000000001,,,
2020,Heilongjiang,黑龙江,binding,23.4,21.5,22.0,20.0,,,0.0,0.0,1.0,0.0,13633.4,42432.0,3171.0,3445.1,3449.9,6738.5,4992.2,0.2530476623586193,0.4942640867281823,109.0,2423.0,686.0,318.0,141.0,43.0,2266.0,1604.0,1014.0,2217277.0,2217277.0,32.0,43.0,895.0,1111.0,141.0,210288.0,109.0,318.0,2423.0,3536.0,686.0,8.0,44.0,180.0,301.0,76.0,1014.0,2285.0,63560.0,2901.0,1604.0,3822.0,3356.0,2266.0,,,,22.0,,24.4,238.0,1.4,完成,完成,1.0,1014.0,,3.6,5449.41,1152.51,16.81,3121.8,4.4,-4.3,11.6,0.68,774634.0,3171.0,22230921.0,2080.0,0.6559444970040996,1137.84,,31.99,921.77,,,1014.0,,7.300000000000001,46.5,67.0,8.0,765.0,832.0,2217277.0,6.32,63560.0,58647.0,2285.0,696.0,640.0,301.0,2.0,180.0,76.0,44.0,426745.0,97004.0,52757.0,448506.0,1817267.0,154.5,2266.0,2901.0,3822.0,14.32,36.9,,311.48,,3832.0,17238.28,3.6,982.92,-4.3,0.31,0.68,,1672470.0,764044.0,15124300.0,3171.0,2080.0,5501.0,1152.51,5449.41,,1137.84,921.77,31.99,,0.3,,,686.0,238.0,12.274959083469717,16.058394160583944,141.41,42.68,1138.0,,,,1014.0,1.8072289156626509,2217277.0,,0.6570981364992123,74.3761644197339,319.7729422894986,,11664.1,,16.17,,64470226.0,3826.46,9022.79,1854.0,4484.0,20.47,5.61,,20.8,245.2,129336.0,assessed,1.0,1.0,1.3999999999999986,1.5,22.0,0.2530476623586193,2217277.0,1721.0,323383128.0,224.0,375.0,149.0,348.0,145.0,,,,,,main,,,,,25.208591604095204,1.36681367056173,1550.238978622039,0.6864821655311864,7.300000000000001,490.0,55.0,486.0
2021,Heilongjiang,黑龙江,binding,23.3,23.2,22.0,20.0,,,0.0,0.0,1.9,0.4,14858.2,47199.0,3125.0,3463.4,4086.5,7308.3,5376.9,0.2750333149372064,0.4918698092635716,169.0,2531.0,835.0,420.0,162.0,51.0,2209.0,1589.0,1089.0,2003420.0,2003420.0,39.13,51.2,748.66,1201.0,161.55,239880.0,169.0,420.0,2531.0,3955.0,835.0,,,135.0,415.0,,1089.0,2299.0,64898.0,2317.0,1589.0,3664.0,3176.0,2209.0,98.1,99.6,,22.0,,24.2,254.0,1.3,完成,完成,1.0,1089.0,,6.4,5104.81,1300.51,16.84,3751.0,10.3,-6.9,33.1,0.72,887690.0,3125.0,30850000.0,2053.0,0.65696,1200.53,,,,,,1089.0,,7.300000000000001,,,,,895.0,2003420.0,-9.65,64898.0,,,,,,,,,,,,,,,160.4,,,,11.03,37.4,,536.98,,4355.0,18650.18,6.4,935.97,-6.9,0.33,0.72,,1742470.0,703000.0,21063898.0,3125.0,2053.0,5367.0,1300.51,5104.81,,1200.53,,,,0.3,0.0,0.0,820.0,333.0,21.720116618075803,32.0754716981132,161.55,51.2,1201.0,17.714404662781018,1970.121951219512,1537.5375375375374,1089.0,7.396449704142016,2003420.0,18.396877869605145,8.983819150028616,73.29286185406038,348.48,,189.9,,0.22,,610000.0,215.62,2027.01,50.0,134.0,12.01,,,-37.6,885.2,10.0,assessed,1.0,1.0,1.3000000000000007,3.2,22.0,0.2750333149372064,2003420.0,1811.0,332555127.0,155.0,476.0,170.0,476.0,44.0,,,,,,main,,,,,25.208591604095204,1.36681367056173,1550.238978622039,0.6864821655311864,7.300000000000001,703.0,188.0,703.0
2022,Heilongjiang,黑龙江,binding,32.7,30.5,23.4,21.5,9.300000000000004,9.0,1.0,1.0,1.8,1.1,15831.5,50873.0,3099.0,3635.3,4576.7,7619.4,4998.7,0.2890882102138142,0.4812809904304709,230.0,2531.0,943.0,475.0,227.71,71.26,2559.0,1724.0,1139.0,1900083.0,1900083.0,39.69,71.26,878.93,1218.0,227.71,271709.0,230.0,475.0,2531.0,4180.0,943.0,,,52.0,308.0,,1139.0,2305.0,65812.0,1868.0,1724.0,3297.0,2925.0,2559.0,98.2,98.9,21.25,,23.4,,372.0,9.3,完成,完成,1.0,1139.0,,0.6,5451.99,1290.66,16.9,4198.3,7.1,10.2,0.5,0.72,979976.0,3099.0,39690000.0,2052.0,0.6621490803484995,1217.59,,,,,,1139.0,,7.300000000000001,,,,,934.0,1900083.0,-5.16,65812.0,,,,,,,,,,,,,,,157.75,,,,10.26,38.0,,685.07,,4532.0,20179.31,0.6,628.64,10.2,0.34,0.72,,1540210.0,745650.0,26330000.0,3099.0,2052.0,5361.0,1290.66,5451.99,,,,,,0.3,1.3999999999999986,1.5,925.0,370.0,12.934131736526954,13.095238095238093,227.71,71.26,1218.0,24.54597701149425,2461.7297297297296,1925.945945945946,1139.0,4.5913682277318735,1900083.0,16.682028094820016,6.550591592521293,71.9451725989325,367.5379154565989,,13837.0,,6.96,,104920000.0,3101.76,8991.61,1005.0,3983.0,24.24,,,10.2,500.5,44320.0,assessed,1.0,1.0,9.300000000000004,9.0,23.4,0.2890882102138142,1900083.0,1787.0,345803912.0,251.0,475.0,220.0,456.0,176.0,,,,,,main,,,,,25.208591604095204,1.36681367056173,1550.238978622039,0.6864821655311864,7.300000000000001,618.0,235.0,583.0
2023,Heilongjiang,黑龙江,binding,32.6,30.9,24.5,22.7,8.100000000000001,8.2,1.0,1.0,1.4000000000000057,0.9000000000000057,15883.9,51563.0,3062.0,3518.3,4291.3,8074.3,5346.8,0.270166646730337,0.5083323365168504,235.0,2557.0,1127.0,565.0,269.42,77.43,2538.0,1620.0,1184.0,2475438.0,2475438.0,,,,,,380262.0,235.0,565.0,2557.0,4484.0,1127.0,,,33.0,313.0,,1184.0,2291.0,66676.0,1870.0,1620.0,3534.0,3025.0,2538.0,98.6,99.1,,,,,,8.1,完成,完成,1.0,1184.0,,-14.8,5776.44,1396.15,16.93,3963.6,-7.1,-34.1,-8.5,0.72,1060212.0,3062.0,42380000.0,2055.0,0.6711299804049641,1327.41,,44.61,935.95,,,1184.0,,7.300000000000001,,,,,956.0,2475438.0,39.95,66676.0,,,,,,,,,,,,,,,162.9,,,,9.53,39.7,43.8,,,,,-14.8,458.04,-34.1,0.35,0.72,,1517360.0,791670.0,27170000.0,3062.0,2055.0,5334.0,1396.15,5776.44,,1327.41,935.95,44.61,,0.3,1.1000000000000014,1.1999999999999993,1108.0,401.0,19.512195121951216,18.947368421052623,269.42,77.43,1327.0,26.137905048982667,2431.5884476534297,1930.9226932668328,1184.0,3.9508340649692775,2475439.0,20.90742398648649,0.3309856930802546,74.54088731356909,386.6753755715219,,49244.6,,7.04,,746150000.0,9930.18,15242.28,,6398.0,15.87,0.75,,10.7,670.6,194809.0,assessed,1.0,1.0,8.100000000000001,8.2,24.5,0.270166646730337,2475438.0,2090.0,357913164.0,300.0,755.0,232.0,608.0,113.0,,,,,,main,,,,,25.208591604095204,1.36681367056173,1550.238978622039,0.6864821655311864,7.300000000000001,767.0,152.0,603.0
2024,Heilongjiang,黑龙江,binding,37.7,31.6,32.6,30.0,5.100000000000001,1.6000000000000014,1.0,1.0,4.799999999999997,3.299999999999997,16476.9,54102.0,3029.0,3203.3,4147.3,9126.2,5445.7,0.2517039006123724,0.5538784601472364,235.0,2577.0,1506.0,717.0,312.81,87.47,2403.0,1525.0,1208.0,2391296.0,,,,,,,,,,,,,,,,,,,,,,,,,,95.2,96.7,24.4,,25.5,,,5.1,完成,完成,1.0,1208.0,,6.0,6454.53,1452.05,,,,,,,,3029.0,43890000.0,,,1372.34,,47.48,924.57,,,1208.0,,7.300000000000001,,,,,,,,,,,,,,,,,,,,,,,,,,,,,,,,,,6.0,330.36,,,,,1423130.0,726450.0,29080000.0,3029.0,,,1452.05,6454.53,,1372.34,924.57,47.48,,0.3,8.100000000000001,7.300000000000001,1487.0,478.0,33.62910381543922,26.902654867256647,312.81,87.47,1372.0,29.17492711370262,2103.631472763954,1829.916317991632,1208.0,2.0270270270270174,2391296.0,19.795496688741725,3.733340048728606,73.31476187875145,398.8114889402443,,,,,,114060000.0,2133.68,3620.68,,,,45.42,,,,,assessed,1.0,1.0,5.100000000000001,1.6000000000000014,32.6,0.2517039006123724,2391296.0,2092.0,350612947.0,204.0,651.0,248.0,565.0,150.0,,,32.6,,,main,,,,,25.208591604095204,1.36681367056173,1550.238978622039,0.6864821655311864,7.300000000000001,1299.0,427.0,1087.0
2025,Heilongjiang,,,,,,,,,,,,,,,,,,,,,,,,,,,,,,,,,,,,,,,,,,,,,,,,,,,,,,,,,,,,,,,,,,,,,,,,,,,,,,,,,,,,,,,,,,,,,,,,,,,,,,,,,,,,,,,,,,,,,,,,,,,,,,,,,,,,,,,,,,,,,,,,,,,,,,,,,,,,,,,,,,,,,,,,,,,,,,,,,,,,,,,,,,,,,,,,,,,,38.6,80.0,33.7,38.6,38.6,out_of_sample_extension,38.6,38.6,30.0,30.0,25.208591604095204,1.36681367056173,1550.238978622039,0.6864821655311864,7.300000000000001,,,
2026,Heilongjiang,,,,,,,,,,,,,,,,,,,,,,,,,,,,,,,,,,,,,,,,,,,,,,,,,,,,,,,,,,,,,,,,,,,,,,,,,,,,,,,,,,,,,,,,,,,,,,,,,,,,,,,,,,,,,,,,,,,,,,,,,,,,,,,,,,,,,,,,,,,,,,,,,,,,,,,,,,,,,,,,,,,,,,,,,,,,,,,,,,,,,,,,,,,,,,,,,,,,39.6,80.0,39.6,39.6,39.6,out_of_sample_extension,,39.6,,30.0,25.208591604095204,1.36681367056173,1550.238978622039,0.6864821655311864,7.300000000000001,,,
2015,Henan,,pre_rps,9.1,2.3,,,,,-1.0,-1.0,,,,,,,,,,,,,,,,,,,,,,,,,,,,,,,,,,,,,,,,,,,,,,,,,,,,,,,,,,,,,,,,,,,,,,,,,,,,,,,,,,,,,,,,,,,,,,,,,,,,,,,,,,,,,,,,,,,,,,,,,,,,,,,,,,,,,,,,,,,,,,,,,,,,,,,,,,,195.0,7026.2,7698.0,52.81,223232.0,42399604.0,2165.74,4412.55,795.0,2346.0,15.66,0.35,179.0,,539.8,147833.0,,,,,,,,,,,,,,,,,,,,,main,,,,,424.6059183274182,1.370555394475662,211.76858262660176,0.9046383421474832,7.0,,,
2016,Henan,,pre_rps,10.4,4.4,,,,,-1.0,-1.0,,,,,,,,,,,,,,,,,,,,,,,,,,,,,,,,,,,,,,,,,,,,,,,,,,,,,,,,,,,,,,,,,,,,,,,,,,,,,,,,,,,,,,,,,,,,,,,,,,,,,,,,,,,,,,,,,,,,,,,,,,,,,,,,,,,,,,,,,,,,,,,,,,,,,,,,,,,103.63,6617.5,16944.0,41.12,228202.0,86556895.0,2200.49,4577.47,6141.0,2980.0,12.06,5.52,96.72,,309.1,193853.0,,,,,,,,423109.0,1956.0,102437464.0,2655.0,402.0,213.0,402.0,1629.0,,,,,,main,,,,,424.6059183274182,1.370555394475662,211.76858262660176,0.9046383421474832,7.0,,,
2017,Henan,河南,pre-rps,14.6,8.1,,,,,,,,,44824.9,45723.0,9829.0,4139.3,20940.3,19745.3,19289.1,0.4671577627613223,0.4404984729469557,399.0,6544.0,233.0,703.0,30.0,44.0,1721.0,934.0,3166.0,310587.0,310587.0,100.0,44.0,2528.0,2703.0,30.0,2657332.0,399.0,703.0,6544.0,7880.0,233.0,7.94,428.0,325.0,887.0,135.0,3166.0,3483.0,75487.0,2446.0,934.0,3860.0,3571.0,1721.0,,,,,,,461.0,,,,,3166.17,1922.05,9.0,8215.52,3407.22,26.78,16741.4,,,,0.54,4722542.0,9829.0,77630090.0,4970.0,0.505646556109472,2739.63,282.0,102.32,2575.94,22669.39,1682.78,3166.17,1922.05,7.0,,216.0,7.94,2501.0,2717.0,310587.0,-26.59,75487.0,71153.0,3483.0,661.0,307.0,887.0,,325.0,135.0,428.0,755073.0,79202.0,226619.0,817168.0,2305628.0,153.20000000000002,1721.0,2446.0,3860.0,13.98,39.4,24.1,5352.43,79909.12,22023.0,60984.13,9.0,7090.25,,0.34,0.54,1816.04,53373949.0,31088163.0,31247038.0,9829.0,4970.0,4871.0,3407.22,8215.52,,2739.63,2575.94,102.32,22669.39,0.3,,,1061.0,1052.0,,,166.0,73.0,1052.0,22.718631178707223,1564.5617342130065,693.9163498098859,5430.0,,22761.0,0.0419171270718232,,121.13802819415102,552.4468409807712,123.0,683.2,1747.0,5.03,,655751.0,246.2,1530.44,190.0,325.0,8.09,64.01,117.0,,433.1,15285.0,assessed,,,,,,0.4671577627613223,310587.0,2241.0,108596413.0,2609.0,740.0,218.0,682.0,1649.0,,,,,,main,,,,,424.6059183274182,1.370555394475662,211.76858262660176,0.9046383421474832,7.0,,,
2018,Henan,河南,binding,16.9,9.4,13.5,9.0,,,0.0,0.0,0.0,0.0,49935.9,50714.0,9864.0,4311.1,22038.6,23586.2,21268.0,0.4413377950532582,0.4723295264529126,401.0,6821.0,468.0,991.0,57.0,84.0,1746.0,998.0,3418.0,235287.0,235287.0,144.0,84.0,2689.0,2974.0,57.0,3183350.0,401.0,991.0,6821.0,8680.0,468.0,7.84,294.0,422.0,956.0,238.0,3418.0,3581.0,78430.0,3538.0,998.0,3893.0,3589.0,1746.0,,,,9.9,,14.9,578.39,3.4,完成,完成,1.0,3417.68,,8.1,9217.73,3766.02,26.86,17323.4,23.9,3.4,-1.0,0.54,5289250.0,9864.0,82813633.0,5153.0,0.522404703974047,3050.14,,143.75,2774.96,22332.79,,3417.68,,7.0,209.0,230.0,7.84,2708.0,2938.0,235287.0,-24.24,78430.0,74265.0,3581.0,656.0,327.0,956.0,2.5,422.0,238.0,294.0,1141922.0,96635.0,649472.0,770027.0,3301665.0,149.75,1746.0,3538.0,3893.0,12.27,40.0,24.1,3053.4,46627.6,22081.0,50431.7,8.1,7015.47,3.4,0.37,0.54,,53315683.0,34142913.0,29634823.0,9864.0,5153.0,4903.0,3766.02,9217.73,,3050.14,2774.96,143.75,22332.79,0.3,,,1146.0,1361.0,100.85836909871246,40.96728307254622,214.0,137.0,1361.0,25.78986039676708,1867.3647469458988,1006.6127847171198,5917.0,7.959570435881247,119924.0,0.2026770322798715,11.402144790060875,118.49190662429234,599.8580697485806,,582.0,1163.0,0.81,,12733530.0,752.67,1691.3,,581.0,3.5,1.06,,55.5,484.9,3576.0,assessed,,,,,,0.4413377950532582,235287.0,2468.0,138388516.0,2272.0,913.0,200.0,794.0,1877.0,,,,,,main,,,,,424.6059183274182,1.370555394475662,211.76858262660176,0.9046383421474832,7.0,,,
2019,Henan,河南,binding,20.5,13.1,13.5,9.5,,,0.0,0.0,0.0,0.0,53717.8,54356.0,9901.0,4635.7,23035.6,26046.5,23477.2,0.4288261991369713,0.4848765213765269,408.0,7050.0,794.0,1054.0,88.0,102.0,1480.0,1061.0,3364.0,181834.0,181834.0,145.0,102.0,2481.0,2816.0,88.0,3070919.0,408.0,1054.0,7050.0,9306.0,794.0,7.55,72.0,261.0,665.0,327.0,3364.0,3734.0,83163.0,3571.0,1061.0,3523.0,3213.0,1480.0,,,,10.5,,14.9,692.0,7.0,完成,完成,1.0,3364.0,,8.0,10163.93,4041.89,26.98,17938.2,16.1,8.2,12.0,0.65,6087153.0,9901.0,82498953.0,5348.0,0.5401474598525402,2888.31,,145.06,2553.5,20045.45,,3364.0,,7.0,246.0,232.0,7.55,2840.0,3072.0,181834.0,-22.72,83163.0,79079.0,3734.0,667.0,339.0,665.0,5.0,261.0,327.0,72.0,1230582.0,111130.0,201026.0,2160728.0,3688464.0,152.20000000000002,1480.0,3571.0,3523.0,10.44,41.0,,3547.88,,19516.0,52698.04,8.0,7464.59,8.2,0.4,0.65,,51019908.0,33429530.0,28701801.0,9901.0,5348.0,4850.0,4041.89,10163.93,,2888.31,2553.5,145.06,20045.45,0.3,,,1354.0,1619.0,69.65811965811966,6.357214934409683,225.0,167.0,1619.0,24.212476837554046,1661.7429837518464,1031.5009264978382,6219.0,-1.5798712697483897,72757.0,0.1169914777295385,7.573509238844212,115.77168089534568,628.1183718816281,,15654.0,8718.0,12.54,,193111151.0,3052.93,5077.93,4702.0,2808.0,10.98,,,10.0,448.6,127645.0,assessed,,,,,,0.4288261991369713,181834.0,2748.0,147788094.0,3769.0,1546.0,853.0,1338.0,1953.0,,,,,,main,,,,,424.6059183274182,1.370555394475662,211.76858262660176,0.9046383421474832,7.0,,,
2020,Henan,河南,binding,21.6,13.7,17.5,12.5,,,0.0,0.0,0.2,0.0,54259.4,54691.0,9941.0,5354.0,22220.9,26684.5,22518.1,0.4095308831280847,0.4917949700881321,408.0,7068.0,1518.0,1175.0,139.0,112.0,1536.0,1055.0,3392.0,234378.0,234378.0,140.0,112.0,2400.0,2791.0,139.0,2346480.0,408.0,1175.0,7068.0,10169.0,1518.0,7.45,121.0,246.0,1091.0,724.0,3392.0,3855.0,94838.0,3430.0,1055.0,3330.0,3006.0,1536.0,,,,13.8,,19.4,731.0,4.1,完成,完成,1.0,3392.0,,4.3,10372.67,4168.84,27.03,17147.2,2.2,0.8,8.9,0.65,6855770.0,9941.0,97266709.0,5510.0,0.5542701941454582,2906.12,,140.21,2515.14,,,3392.0,,7.0,310.0,229.0,7.45,2851.0,3080.0,234378.0,28.9,94838.0,84383.0,3855.0,685.0,449.0,1091.0,,246.0,724.0,121.0,2443317.0,130002.0,237989.0,2309840.0,6049006.0,151.2,1536.0,3430.0,3330.0,6.68,41.9,,2823.18,,19803.0,54669.23,4.3,7782.29,0.8,0.45,0.65,,59901337.0,35588110.0,38506606.0,9941.0,5510.0,4994.0,4168.84,10372.67,,2906.12,2515.14,140.21,,0.3,,,1518.0,604.0,91.18387909319898,11.480075901328268,138.53,112.24,2906.0,,,,3392.0,0.832342449464929,234378.0,,1.0082319082315383,62.5145136142309,341.2131576300171,,5597.6,,27.39,,15222701.0,2051.2,5270.16,334.0,1622.0,21.02,25.55,,12.4,807.0,154407.0,assessed,1.0,1.0,4.100000000000001,1.1999999999999993,17.5,0.4095308831280847,234378.0,2905.0,166133646.0,4854.0,1865.0,617.0,1601.0,2236.0,,,,,,main,,,,,424.6059183274182,1.370555394475662,211.76858262660176,0.9046383421474832,7.0,1514.0,180.0,1456.0
2021,Henan,河南,binding,29.0,21.4,21.5,18.0,,,0.0,0.0,1.7,0.1,58071.4,58587.0,9883.0,5626.9,23566.4,28878.2,24391.4,0.40581766583895,0.4972878215438236,407.0,7301.0,1850.0,1556.0,328.0,136.0,2120.0,1046.0,3647.0,670984.0,670984.0,116.29,135.69,2458.77,3039.0,328.32,2362629.0,407.0,1556.0,7301.0,11114.0,1850.0,,,265.0,978.0,,3647.0,4050.0,97794.0,2799.0,1046.0,3273.0,2929.0,2120.0,98.3,99.9,,19.8,,23.7,1058.0,7.5,完成,完成,1.0,3647.0,,4.5,9784.29,4353.92,27.16,18113.7,0.3,12.7,7.5,0.65,7640132.0,9883.0,125610000.0,5579.0,0.5645047050490741,3039.08,,,,,,3647.0,,7.0,,,,,3375.0,670984.0,186.28,97794.0,,,,,,,,,,,,,,,151.45,,,,6.0,41.6,,2933.52,,21679.0,58079.97,4.5,7874.35,12.7,0.49,0.65,,58781450.0,45007010.0,50069117.0,9883.0,5579.0,4754.0,4353.92,9784.29,,3039.08,,,,0.3,4.0,5.5,1850.0,626.0,21.87088274044795,32.42553191489361,328.32,135.69,3039.0,15.268509378084897,1774.7027027027027,2167.571884984025,3647.0,7.5176886792452935,670984.0,1.8398245132986013,7.025510787070988,62.80199891857265,369.0175048062329,,2835.4,,8.47,,7320000.0,1001.86,4032.56,137.0,1328.0,15.66,4.18,,80.8,441.2,53787.0,assessed,1.0,1.0,7.5,3.3999999999999986,21.5,0.40581766583895,670984.0,2920.0,158382699.0,2814.0,758.0,410.0,707.0,1496.0,,,,,,main,,,,,424.6059183274182,1.370555394475662,211.76858262660176,0.9046383421474832,7.0,1458.0,135.0,1411.0
2022,Henan,河南,binding,27.8,22.9,24.8,19.8,3.0,3.099999999999998,1.0,1.0,1.8,0.5,58220.1,58942.0,9872.0,5731.3,22140.6,30348.2,24399.0,0.3802913426806206,0.5212667102942111,439.0,7272.0,1903.0,2333.0,381.5,205.86,2050.0,1049.0,3908.0,912190.0,912190.0,122.49,205.86,2719.92,3430.0,381.5,2320373.0,439.0,2333.0,7272.0,11947.0,1903.0,,,84.0,917.0,,3908.0,4249.0,99846.0,2982.0,1049.0,3626.0,3150.0,2050.0,98.2,99.5,19.25,,22.77,,1086.0,3.0,完成,完成,1.0,3908.0,,6.7,10646.75,4250.35,27.75,17134.2,6.1,29.7,0.5,0.67,8455419.0,9872.0,126450000.0,5633.0,0.5706037277147488,3429.77,,,,,,3908.0,,7.0,,,,,3567.0,912190.0,35.95,99846.0,,,,,,,,,,,,,,,153.6,,,,5.89,40.3,,1701.58,,23805.0,55880.25,6.7,5684.77,29.7,0.5,0.67,,55918150.0,40893450.0,50730000.0,9872.0,5633.0,4480.0,4250.35,10646.75,,,,,,0.3,3.3000000000000007,1.8000000000000007,1903.0,629.0,2.864864864864858,49.9357326478149,381.5,205.86,3430.0,17.124198250728863,2004.7293746715711,3272.81399046105,3908.0,7.156567041403883,912190.0,2.334160696008188,0.2560640866243968,67.12458412129145,395.8670988654781,,6727.8,,6.16,,95970000.0,1687.72,5893.32,1486.0,2809.0,17.24,,,48.2,523.6,22841.0,assessed,1.0,1.0,3.0,3.099999999999998,24.8,0.3802913426806206,912190.0,2887.0,151761124.0,3366.0,3047.0,464.0,624.0,1765.0,,,,,,main,,,,,424.6059183274182,1.370555394475662,211.76858262660176,0.9046383421474832,7.0,1455.0,292.0,1443.0
2023,Henan,河南,binding,33.5,27.9,26.9,21.0,6.600000000000001,6.899999999999999,1.0,1.0,3.200000000000003,2.299999999999997,59132.4,60073.0,9815.0,5360.1,22175.3,31597.0,25977.4,0.3750109922817271,0.5343432703560146,535.0,7402.0,2178.0,3731.0,407.21,331.27,2040.0,951.0,4090.0,804942.0,804942.0,,,,,,2388075.0,535.0,3731.0,7402.0,13846.0,2178.0,,,137.0,1930.0,,4090.0,4304.0,105074.0,2616.0,951.0,3522.0,3033.0,2040.0,96.8,97.7,,,,,,6.6,完成,完成,1.0,4090.0,,2.1,11052.54,4518.1,28.11,16915.0,4.6,7.4,18.0,0.68,9142432.0,9815.0,115170000.0,5701.0,0.5808456444218033,3534.64,,129.5,2666.65,,,4090.0,,7.0,,,,,3660.0,804942.0,-11.76,105074.0,,,,,,,,,,,,,,,143.6,,,,6.04,43.5,24.1,,,,,2.1,4225.18,7.4,0.52,0.68,,35464320.0,23589660.0,41130000.0,9815.0,5701.0,4570.0,4518.1,11052.54,,3534.64,2666.65,129.5,,0.3,2.099999999999998,1.1999999999999993,2178.0,637.0,14.45086705202312,59.92284612087442,407.21,331.27,3535.0,20.89052333804809,1869.6510560146924,5200.470957613815,4090.0,4.657113613101327,804944.0,1.968078239608802,1.5669845981027164,69.16681886749058,416.70911869587366,,14021.1,,7.29,,114400000.0,3939.16,8643.57,,3765.0,23.91,2.63,,32.0,446.9,125112.0,assessed,1.0,1.0,6.600000000000001,6.899999999999999,26.9,0.3750109922817271,804942.0,5128.0,158588551.0,2278.0,3524.0,455.0,3340.0,1591.0,,,,,,main,,,,,424.6059183274182,1.370555394475662,211.76858262660176,0.9046383421474832,7.0,2708.0,557.0,2612.0
2024,Henan,河南,binding,35.2,30.1,33.6,28.0,1.6000000000000014,2.1000000000000014,1.0,1.0,3.5999999999999943,1.9000000000000057,63590.0,64888.0,9785.0,5491.4,24346.2,33752.4,27560.4,0.3828620852335272,0.5307815694291556,563.0,7421.0,2334.0,4349.0,449.28,425.03,1998.0,970.0,4320.0,1514784.0,,,,,,,,,,,,,,,,,,,,,,,,,,96.4,98.1,22.7,,27.9,,,1.6,完成,完成,1.0,4319.9,,7.0,11460.99,4398.91,,,,,,,,9785.0,115260000.0,,,3832.45,,146.08,2812.06,,,4319.9,,7.0,,,,,,,,,,,,,,,,,,,,,,,,,,,,,,,,,,7.0,3908.41,,,,,25574910.0,12289500.0,44240000.0,9785.0,,,4398.91,11460.99,,3832.45,2812.06,146.08,,0.3,6.700000000000003,7.0,2334.0,630.0,7.162534435261714,16.563923880997056,449.28,425.03,3832.0,22.8160229645094,1924.9357326478148,6746.507936507936,4320.0,5.623471882640585,1514784.0,3.506444444444444,7.538337696423625,67.9352099386696,441.4920797138477,,,,,,24510000.0,3541.74,6318.08,,,,167.39,,,,,assessed,1.0,1.0,1.6000000000000014,2.1000000000000014,33.6,0.3828620852335272,1514784.0,5085.0,203749128.0,1686.0,1679.0,487.0,673.0,1256.0,,,33.6,,,main,,,,,424.6059183274182,1.370555394475662,211.76858262660176,0.9046383421474832,7.0,2069.0,340.0,1560.0
2025,Henan,,,,,,,,,,,,,,,,,,,,,,,,,,,,,,,,,,,,,,,,,,,,,,,,,,,,,,,,,,,,,,,,,,,,,,,,,,,,,,,,,,,,,,,,,,,,,,,,,,,,,,,,,,,,,,,,,,,,,,,,,,,,,,,,,,,,,,,,,,,,,,,,,,,,,,,,,,,,,,,,,,,,,,,,,,,,,,,,,,,,,,,,,,,,,,,,,,,,36.2,80.0,34.7,36.2,36.2,out_of_sample_extension,36.2,36.2,30.0,30.0,424.6059183274182,1.370555394475662,211.76858262660176,0.9046383421474832,7.0,,,
2026,Henan,,,,,,,,,,,,,,,,,,,,,,,,,,,,,,,,,,,,,,,,,,,,,,,,,,,,,,,,,,,,,,,,,,,,,,,,,,,,,,,,,,,,,,,,,,,,,,,,,,,,,,,,,,,,,,,,,,,,,,,,,,,,,,,,,,,,,,,,,,,,,,,,,,,,,,,,,,,,,,,,,,,,,,,,,,,,,,,,,,,,,,,,,,,,,,,,,,,,37.2,80.0,37.2,37.2,37.2,out_of_sample_extension,,37.2,,30.0,424.6059183274182,1.370555394475662,211.76858262660176,0.9046383421474832,7.0,,,
2015,Hubei,,pre_rps,37.0,3.7,,,,,-1.0,-1.0,,,,,,,,,,,,,,,,,,,,,,,,,,,,,,,,,,,,,,,,,,,,,,,,,,,,,,,,,,,,,,,,,,,,,,,,,,,,,,,,,,,,,,,,,,,,,,,,,,,,,,,,,,,,,,,,,,,,,,,,,,,,,,,,,,,,,,,,,,,,,,,,,,,,,,,,,,,452.0,5621.5,6047.0,49.58,149799.0,74466845.0,2154.83,3792.0,920.0,1887.0,14.06,33.32,233.0,,263.0,59885.0,,,,,,,,,,,,,,,,,,,,,main,,,,,274.31884407680167,1.364903181747621,274.45992990802773,1.044653408594005,5.0,,,
2016,Hubei,,pre_rps,38.4,4.7,,,,,-1.0,-1.0,,,,,,,,,,,,,,,,,,,,,,,,,,,,,,,,,,,,,,,,,,,,,,,,,,,,,,,,,,,,,,,,,,,,,,,,,,,,,,,,,,,,,,,,,,,,,,,,,,,,,,,,,,,,,,,,,,,,,,,,,,,,,,,,,,,,,,,,,,,,,,,,,,,,,,,,,,,204.64,7349.3,7618.0,45.81,221092.0,40028407.0,2151.47,4617.4,777.0,2427.0,16.19,0.23,187.81,,535.9,104485.0,,,,,,,,8154108.0,597.0,24462526.0,1918.0,666.0,291.0,625.0,1038.0,,,,,,main,,,,,274.31884407680167,1.364903181747621,274.45992990802773,1.044653408594005,5.0,,,
2017,Hubei,湖北,pre-rps,43.0,6.8,,,,,,,,,37235.0,63169.0,5904.0,3529.0,15713.9,17992.2,18519.7,0.4220196052101517,0.4832066604001611,3671.0,2787.0,253.0,413.0,48.0,28.0,2098.0,987.0,1869.0,8675018.0,8675018.0,1494.0,28.0,1075.0,2646.0,48.0,1916060.0,3671.0,413.0,2787.0,7124.0,253.0,6.78,254.0,120.0,449.0,67.0,1869.0,2692.0,71120.0,4120.0,987.0,3956.0,3876.0,2098.0,,,,,,,803.0,,,,,1869.0,928.34,11.0,6801.26,3248.32,26.95,13431.6,,,,0.42,4689377.0,5904.0,46337190.0,3535.0,0.5987466124661247,2615.46,260.0,1499.39,1043.1,11776.96,853.4,1869.0,928.34,5.0,,110.0,6.78,1508.0,1618.0,8675018.0,6.39,71120.0,66742.0,2692.0,651.0,424.0,449.0,8.0,120.0,67.0,254.0,891050.0,85409.0,386177.0,1039341.0,1948315.0,149.05,2098.0,4120.0,3956.0,17.37,38.4,39.6,2608.03,43210.52,15097.0,38585.32,11.0,4574.89,,0.59,0.42,,12182209.0,6578654.0,17189728.0,5904.0,3535.0,2746.0,3248.32,6801.26,-3.5,2615.46,1043.1,1499.39,11776.96,0.223,,,233.0,703.0,,,30.0,44.0,703.0,10.526315789473683,1287.5536480686694,625.8890469416785,3166.0,,310587.0,0.9810075805432724,,85.02752786356922,536.2466124661247,195.0,7039.0,17587.0,34.9,,99595084.0,2392.77,4879.42,6064.0,2996.0,12.27,5.11,187.0,,299.8,130471.0,assessed,,,,,,0.4220196052101517,8675018.0,622.0,34049992.0,1368.0,393.0,231.0,383.0,787.0,,,,,,main,,,,,274.31884407680167,1.364903181747621,274.45992990802773,1.044653408594005,5.0,,,
2018,Hubei,湖北,binding,38.0,7.5,39.0,7.5,,,0.0,0.0,0.0,0.0,42022.0,71097.0,5917.0,3548.2,17573.9,20899.9,20598.2,0.4182071295987816,0.4973561467802579,3675.0,2884.0,331.0,510.0,64.0,49.0,2159.0,1115.0,2071.0,8673393.0,8673393.0,1471.0,49.0,1267.0,2851.0,64.0,1767517.0,3675.0,510.0,2884.0,7401.0,331.0,6.75,166.0,112.0,365.0,81.0,2071.0,2733.0,72551.0,4071.0,1115.0,4527.0,4034.0,2159.0,,,,8.3,,43.0,787.92,-1.0,未完成,完成,1.0,2071.43,,11.0,7258.27,3307.08,27.5,14849.6,13.1,15.6,9.5,0.43,5255194.0,5917.0,52781547.0,3609.0,0.6099374683116444,2835.82,,1484.08,1238.39,11100.11,,2071.43,,5.0,94.0,121.0,6.75,1678.0,1800.0,8673393.0,-0.02,72551.0,68236.0,2733.0,631.0,427.0,365.0,6.0,112.0,81.0,166.0,703048.0,128426.0,262518.0,695990.0,2071980.0,150.0,2159.0,4071.0,4527.0,12.08,38.4,39.6,2755.4,42358.1,15598.0,39895.1,11.0,4693.12,15.6,0.61,0.43,,13610308.0,7244246.0,19638884.0,5917.0,3609.0,2804.0,3307.08,7258.27,,2835.82,1238.39,1484.08,11100.11,0.223,,,468.0,991.0,30.8300395256917,23.486682808716708,57.0,84.0,991.0,14.228052472250251,1217.948717948718,847.6286579212916,3418.0,10.807918673087213,235287.0,0.688376243417203,12.856183698133483,81.33834658036267,577.6575967551124,,777.5,1640.0,4.65,,727175.0,272.89,1647.43,,336.0,8.21,64.05,,27.6,434.6,23118.0,assessed,,,,,,0.4182071295987816,8673393.0,588.0,37787115.0,2012.0,421.0,126.0,398.0,817.0,,,,,,main,,,,,274.31884407680167,1.364903181747621,274.45992990802773,1.044653408594005,5.0,,,
2019,Hubei,湖北,binding,32.5,7.8,37.5,9.0,,,0.0,0.0,0.0,0.0,45429.0,76712.0,5927.0,3809.4,18723.0,22896.5,23066.2,0.4121376213431948,0.5040062515133505,3679.0,3157.0,405.0,621.0,74.0,57.0,1960.0,1103.0,2214.0,8395925.0,8395925.0,1357.0,57.0,1485.0,2973.0,74.0,1455249.0,3679.0,621.0,3157.0,7862.0,405.0,6.63,125.0,324.0,531.0,76.0,2214.0,2875.0,73760.0,3758.0,1103.0,4796.0,3968.0,1960.0,,,,9.9,,41.3,721.0,-5.0,未完成,未完成,1.0,2214.0,,10.7,7970.21,3388.57,28.9,15707.6,14.7,10.0,-7.2,0.52,5865143.0,5927.0,57160602.0,3665.0,0.6183566728530454,2957.5,,1356.98,1469.94,11768.33,,2214.0,,5.0,109.5,129.0,6.63,1810.0,1939.0,8395925.0,-3.2,73760.0,69557.0,2875.0,698.0,429.0,531.0,6.0,324.0,76.0,125.0,456878.0,72395.0,123109.0,1050732.0,2271681.0,302.0,1960.0,3758.0,4796.0,11.68,38.9,,3049.57,,15521.0,42530.89,10.7,5111.73,10.0,0.65,0.52,,13488040.0,7382956.0,21893833.0,5927.0,3665.0,2846.0,3388.57,7970.21,,2957.5,1469.94,1356.98,11768.33,0.223,,,794.0,1054.0,22.356495468277938,21.76470588235293,88.0,102.0,1054.0,18.02656546489564,1108.3123425692695,967.741935483871,3364.0,6.9048768710767705,181834.0,0.5405291319857312,8.107657893484355,74.04961588412688,567.5721275518812,,597.9,1130.0,0.69,,13152748.0,814.14,1858.6,235.0,591.0,3.81,1.03,,32.2,493.9,6258.0,assessed,,,,,,0.4121376213431948,8395925.0,613.0,45863777.0,1071.0,356.0,109.0,277.0,560.0,,,,,,main,,,,,274.31884407680167,1.364903181747621,274.45992990802773,1.044653408594005,5.0,,,
2020,Hubei,湖北,binding,43.2,9.1,32.5,8.0,,,0.0,0.0,0.0,0.0,43004.5,73687.0,5745.0,4133.2,15933.8,22937.6,18544.3,0.3705147135764862,0.5333767396435256,3757.0,3316.0,502.0,698.0,82.0,65.0,1881.0,1013.0,2144.0,9741927.0,9741927.0,1647.0,65.0,1243.0,3037.0,82.0,1535987.0,3757.0,698.0,3316.0,8273.0,502.0,5.34,76.0,188.0,420.0,91.0,2144.0,2942.0,78669.0,4495.0,1013.0,3851.0,3872.0,1881.0,,,,8.8,,35.6,927.0,10.7,完成,完成,1.0,2144.0,,-18.8,8442.88,2511.54,28.96,13174.7,-22.8,-24.5,-19.9,0.52,6109588.0,5745.0,62245676.0,3613.0,0.6288946910356832,3015.84,,1647.22,1222.23,,,2144.0,,5.0,115.5,100.0,5.34,1776.0,1876.0,9741927.0,16.03,78669.0,70921.0,2942.0,713.0,367.0,420.0,65.0,188.0,91.0,76.0,715054.0,55254.0,248437.0,1200028.0,2087116.0,147.60000000000002,1881.0,4495.0,3851.0,9.72,41.1,,2646.93,,15708.0,44195.49,-18.8,4888.87,-24.5,0.71,0.52,,12351616.0,6672703.0,23517726.0,5745.0,3613.0,2778.0,2511.54,8442.88,,3015.84,1222.23,1647.22,,0.223,,,502.0,491.0,23.950617283950628,12.399355877616758,81.81,64.57,3016.0,,,,2144.0,-3.1616982836495056,9741927.0,,-5.336899337427637,49.85524770663535,373.1940818102698,,15615.5,,7.88,,203580822.0,3079.04,5216.1,5342.0,2861.0,11.01,0.0,,19.8,441.1,175766.0,assessed,1.0,1.0,10.700000000000005,1.0999999999999996,32.5,0.3705147135764862,9741927.0,627.0,48360541.0,1735.0,471.0,164.0,444.0,896.0,,,,,,main,,,,,274.31884407680167,1.364903181747621,274.45992990802773,1.044653408594005,5.0,646.0,88.0,614.0
2021,Hubei,湖北,binding,41.5,10.9,37.0,10.0,,,0.0,0.0,0.0,0.0,50091.2,86551.0,5830.0,4635.2,19332.1,26123.9,22561.1,0.3859380489986265,0.5215267352349315,3771.0,3372.0,720.0,953.0,134.0,83.0,2132.0,1075.0,2472.0,9438630.0,9438630.0,1598.89,83.14,1476.01,3292.0,134.33,1453409.0,3771.0,953.0,3372.0,8816.0,720.0,,,62.0,552.0,,2472.0,2993.0,81195.0,4309.0,1075.0,4399.0,3946.0,2132.0,100.0,100.0,,11.0,,41.0,1026.0,4.5,完成,完成,1.0,2472.0,,20.4,7933.67,3283.32,29.69,16040.7,9.9,18.9,27.7,0.52,7235941.0,5830.0,81160000.0,3736.0,0.6408233276157804,3292.37,,,,,,2472.0,,5.0,,,,,2168.0,9438630.0,-3.11,81195.0,,,,,,,,,,,,,,,148.8,,,,9.21,42.8,,4419.29,,16792.0,49517.35,20.4,6121.93,18.9,0.76,0.52,,15461130.0,8039290.0,28565927.0,5830.0,3736.0,3017.0,3283.32,7933.67,,3292.37,,,,0.223,4.5,2.0,720.0,722.0,43.42629482071714,36.532951289398284,134.33,83.14,3292.0,6.606014580801944,1865.6944444444448,1151.5235457063711,2472.0,15.298507462686572,9438630.0,38.18216019417476,16.478973130718867,49.34998562621778,424.0137221269297,,8443.8,,22.48,,19050000.0,2349.95,5239.57,424.0,1637.0,21.26,289.75,,5.4,798.3,330854.0,assessed,1.0,1.0,4.5,0.9000000000000004,37.0,0.3859380489986265,9438630.0,634.0,57079989.0,1701.0,396.0,234.0,336.0,683.0,,,,,,main,,,,,274.31884407680167,1.364903181747621,274.45992990802773,1.044653408594005,5.0,856.0,146.0,844.0
2022,Hubei,湖北,binding,37.9,15.1,37.5,11.3,0.3999999999999986,3.799999999999999,1.0,1.0,0.0,0.0,52741.7,90358.0,5844.0,4982.1,19793.7,27965.8,23524.9,0.375295070124778,0.5302407772218188,3780.0,3563.0,778.0,1316.0,164.03,129.21,2191.0,1207.0,2648.0,7235806.0,7235806.0,1219.96,129.21,1595.53,3109.0,164.03,1246444.0,3780.0,1316.0,3563.0,9437.0,778.0,,,199.0,729.0,,2648.0,3026.0,85098.0,3281.0,1207.0,4623.0,3510.0,2191.0,100.0,100.0,11.25,,37.5,,1004.0,0.4,完成,完成,1.0,2648.0,,15.0,8623.87,3281.13,30.22,16240.8,15.9,23.2,35.0,0.56,7931580.0,5844.0,91670000.0,3779.0,0.6466461327857632,3108.73,,,,,,2648.0,,5.0,,,,,2325.0,7235806.0,-23.34,85098.0,,,,,,,,,,,,,,,143.15,,,,8.5,42.9,,3131.71,,18388.0,53244.26,15.0,5933.9,23.2,0.82,0.56,,15503060.0,8786400.0,33300000.0,5844.0,3779.0,3056.0,3281.13,8623.87,,,,,,0.223,0.5,1.3000000000000007,778.0,990.0,8.05555555555555,38.090241343126976,164.03,129.21,3109.0,9.431971695078804,2108.3547557840616,1305.1515151515152,2648.0,7.119741100323629,7235806.0,27.325551359516613,5.291348580189736,50.20695199434224,453.1143052703628,,3274.7,,7.67,,8540000.0,907.65,4257.16,146.0,1351.0,15.72,,,77.3,453.2,107870.0,assessed,1.0,1.0,0.3999999999999986,3.799999999999999,37.5,0.375295070124778,7235806.0,891.0,60749313.0,1734.0,181.0,128.0,164.0,1293.0,,,,,,main,,,,,274.31884407680167,1.364903181747621,274.45992990802773,1.044653408594005,5.0,1651.0,765.0,1590.0
2023,Hubei,湖北,binding,45.1,17.3,38.0,12.5,7.100000000000001,4.800000000000001,1.0,1.0,1.0,1.7000000000000028,55803.6,95538.0,5838.0,5073.4,20215.5,30514.7,25884.2,0.3622615745220738,0.5468231440265503,3793.0,3998.0,836.0,2487.0,168.78,226.35,2074.0,1228.0,2706.0,9136269.0,9136269.0,,,,,,1464630.0,3793.0,2487.0,3998.0,11115.0,836.0,,,462.0,1719.0,,2706.0,3168.0,89281.0,3503.0,1228.0,4006.0,3236.0,2074.0,99.0,98.3,,,,,,7.1,完成,完成,1.0,2706.0,,5.0,9299.07,3692.79,30.76,16357.0,6.4,6.7,34.4,0.57,8956266.0,5838.0,91530000.0,3822.0,0.6546762589928058,3206.02,,1312.61,1498.28,,,2706.0,,5.0,,,,,2399.0,9136269.0,23.32,89281.0,,,,,,,,,,,,,,,154.45,,,,7.89,43.4,39.6,,,,,5.0,5467.61,6.7,0.86,0.57,,12898280.0,8075400.0,28960000.0,5838.0,3822.0,3429.0,3692.79,9299.07,,3206.02,1498.28,1312.61,,0.223,0.5,1.1999999999999993,836.0,1776.0,7.455012853470433,88.98176291793314,168.78,226.35,3206.0,12.324703680598876,2018.8995215311004,1274.4932432432431,2706.0,2.1903323262839836,9136271.0,33.763011825572804,5.805463229285368,48.49149517235448,463.5149023638232,,6918.3,,7.69,,98170000.0,1783.8,6101.37,,2854.0,18.36,0.36,,21.4,513.2,70588.0,assessed,1.0,1.0,7.100000000000001,4.800000000000001,38.0,0.3622615745220738,9136269.0,2617.0,66066238.0,1991.0,367.0,242.0,324.0,1026.0,,,,,,main,,,,,274.31884407680167,1.364903181747621,274.45992990802773,1.044653408594005,5.0,3063.0,763.0,2821.0
2024,Hubei,湖北,binding,42.3,20.6,45.3,17.5,-3.0,3.1000000000000014,0.0,1.0,1.7000000000000028,2.4000000000000057,60013.0,102832.0,5834.0,5462.2,21573.8,32977.0,27206.2,0.3594854448202889,0.5494976088514155,3812.0,4087.0,952.0,3510.0,171.98,346.8,1934.0,1236.0,2944.0,10846097.0,,,,,,,,,,,,,,,,,,,,,,,,,,98.3,97.6,14.2,,39.0,,,-3.0,未完成,完成,1.0,2943.8,,6.5,9974.11,3937.05,,,,,,,,5834.0,99190000.0,,,3498.65,,1305.91,1673.96,,,2943.8,,5.0,,,,,,,,,,,,,,,,,,,,,,,,,,,,,,,,,,6.5,5146.68,,,,,13930570.0,9164410.0,26770000.0,5834.0,,,3937.05,9974.11,,3498.65,1673.96,1305.91,,0.223,7.299999999999997,5.0,952.0,2178.0,13.875598086124397,41.13389626055488,171.98,346.8,3499.0,14.82652186338954,1806.5126050420167,1592.2865013774106,2944.0,8.795269770879521,10846097.0,36.84136209239131,7.543240937860651,49.056037858464,504.6280425094275,,,,,,121540000.0,4041.21,8995.15,,,,2.54,,,,,assessed,0.0,1.0,-3.0,3.1000000000000014,45.3,0.3594854448202889,10846097.0,2664.0,69066347.0,1470.0,313.0,225.0,277.0,977.0,,,45.3,,,main,,,,,274.31884407680167,1.364903181747621,274.45992990802773,1.044653408594005,5.0,3303.0,833.0,2980.0
2025,Hubei,,,,,,,,,,,,,,,,,,,,,,,,,,,,,,,,,,,,,,,,,,,,,,,,,,,,,,,,,,,,,,,,,,,,,,,,,,,,,,,,,,,,,,,,,,,,,,,,,,,,,,,,,,,,,,,,,,,,,,,,,,,,,,,,,,,,,,,,,,,,,,,,,,,,,,,,,,,,,,,,,,,,,,,,,,,,,,,,,,,,,,,,,,,,,,,,,,,,42.8,80.0,46.400000000000006,42.8,42.8,out_of_sample_extension,42.8,42.8,22.3,22.3,274.31884407680167,1.364903181747621,274.45992990802773,1.044653408594005,5.0,,,
2026,Hubei,,,,,,,,,,,,,,,,,,,,,,,,,,,,,,,,,,,,,,,,,,,,,,,,,,,,,,,,,,,,,,,,,,,,,,,,,,,,,,,,,,,,,,,,,,,,,,,,,,,,,,,,,,,,,,,,,,,,,,,,,,,,,,,,,,,,,,,,,,,,,,,,,,,,,,,,,,,,,,,,,,,,,,,,,,,,,,,,,,,,,,,,,,,,,,,,,,,,43.8,80.0,43.8,43.8,43.8,out_of_sample_extension,,43.8,,24.0,274.31884407680167,1.364903181747621,274.45992990802773,1.044653408594005,5.0,,,
2015,Hunan,,pre_rps,46.4,2.8,,,,,-1.0,-1.0,,,,,,,,,,,,,,,,,,,,,,,,,,,,,,,,,,,,,,,,,,,,,,,,,,,,,,,,,,,,,,,,,,,,,,,,,,,,,,,,,,,,,,,,,,,,,,,,,,,,,,,,,,,,,,,,,,,,,,,,,,,,,,,,,,,,,,,,,,,,,,,,,,,,,,,,,,,398.0,874.7,8907.0,35.76,32025.0,3739255.0,373.4,1138.49,91.0,390.0,3.32,,366.0,,1059.1,104318.0,,,,,,,,,,,,,,,,,,,,,main,,,,,43.03647222665296,1.368531370328744,289.15309741008,1.1433441787570278,6.5,,,
2016,Hunan,,pre_rps,49.7,4.1,,,,,-1.0,-1.0,,,,,,,,,,,,,,,,,,,,,,,,,,,,,,,,,,,,,,,,,,,,,,,,,,,,,,,,,,,,,,,,,,,,,,,,,,,,,,,,,,,,,,,,,,,,,,,,,,,,,,,,,,,,,,,,,,,,,,,,,,,,,,,,,,,,,,,,,,,,,,,,,,,,,,,,,,,193.41,5896.2,5674.0,12.93,202061.0,62753637.0,2227.91,4001.81,960.0,1970.0,14.29,51.75,163.09,,255.6,37141.0,,,,,,,,925277.0,352.0,48335763.0,1067.0,302.0,230.0,302.0,803.0,,,,,,main,,,,,43.03647222665296,1.368531370328744,289.15309741008,1.1433441787570278,6.5,,,
2017,Hunan,湖南,pre-rps,50.4,7.2,,,,,,,,,33828.1,51030.0,6633.0,2998.4,13459.8,17369.9,13793.7,0.3978881462452813,0.5134754833998955,1570.0,2267.0,263.0,176.0,50.0,6.0,2097.0,512.0,1582.0,766754.0,766754.0,498.0,6.0,786.0,1340.0,50.0,1550770.0,1570.0,176.0,2267.0,4277.0,263.0,8.47,180.0,12.0,274.0,50.0,1582.0,2539.0,68344.0,3245.0,512.0,3564.0,3313.0,2097.0,,,,,,,798.0,,,,,1581.51,827.55,9.6,6869.39,2757.82,23.97,10709.8,,,,0.47,4617716.0,6633.0,36033297.0,3623.0,0.5462083521785014,1434.67,230.0,597.37,786.52,12404.56,690.61,1581.51,827.55,6.5,,117.0,8.47,1262.0,1379.0,766754.0,-17.13,68344.0,65823.0,2539.0,723.0,718.0,274.0,32.0,12.0,50.0,180.0,321994.0,27603.0,59219.0,408101.0,584143.0,151.7,2097.0,3245.0,3564.0,27.59,41.2,49.7,2093.98,38934.23,15201.0,27766.56,9.6,3426.13,,0.17,0.47,,8237942.0,4032183.0,12338404.0,6633.0,3623.0,3883.0,2757.82,6869.39,,1434.67,786.52,597.37,12404.56,0.257,,,253.0,413.0,,,48.0,28.0,413.0,18.401937046004843,1897.233201581028,677.9661016949152,1869.0,,8675018.0,46.41529159978598,,55.24992535791251,281.77295341474445,185.0,7969.6,7761.0,31.72,,44338984.0,2247.06,5111.47,893.0,2513.0,16.23,0.21,171.0,,538.3,106395.0,assessed,,,,,,0.3978881462452813,766754.0,530.0,46546548.0,2311.0,339.0,181.0,339.0,426.0,,,,,,main,,,,,43.03647222665296,1.368531370328744,289.15309741008,1.1433441787570278,6.5,,,
2018,Hunan,湖南,binding,42.1,10.2,46.0,9.0,,,0.0,0.0,0.0,0.0,36329.7,54763.0,6635.0,3084.2,13904.1,19341.4,15134.3,0.3827199233684837,0.5323853486266059,1598.0,2284.0,348.0,292.0,60.0,20.0,2051.0,933.0,1745.0,732806.0,732806.0,432.0,20.0,919.0,1432.0,60.0,1591450.0,1598.0,292.0,2284.0,4522.0,348.0,8.16,135.0,33.0,296.0,100.0,1745.0,2582.0,69207.0,2785.0,933.0,4048.0,3391.0,2051.0,,,,9.9,,50.5,735.14,-3.9,未完成,完成,1.0,1745.24,,10.0,7479.61,2860.84,24.01,10785.6,-10.1,35.0,14.4,0.51,5167217.0,6635.0,46474201.0,3722.0,0.560964581763376,1532.73,,537.23,923.42,10922.31,,1745.24,,6.5,88.0,126.0,8.16,1416.0,1542.0,732806.0,-4.43,69207.0,66748.0,2582.0,728.0,736.0,296.0,29.0,33.0,100.0,135.0,251228.0,40155.0,26533.0,253211.0,710871.0,155.6,2051.0,2785.0,4048.0,22.94,41.2,49.7,1726.9,34850.5,16055.0,27195.3,10.0,3945.95,35.0,0.21,0.51,,9110558.0,4675567.0,14429995.0,6635.0,3722.0,3174.0,2860.84,7479.61,,1532.73,923.42,537.23,10922.31,0.257,,,331.0,510.0,32.31939163498099,65.90909090909092,64.0,49.0,510.0,22.15686274509804,1933.5347432024168,960.7843137254902,2071.0,10.303413400758533,8673393.0,41.8802172863351,7.395035488247936,57.00570057005701,312.1326299924642,,7728.7,17904.0,32.12,,114601136.0,2616.08,5337.72,,3015.0,12.3,5.87,,-7.9,298.6,69238.0,assessed,,,,,,0.3827199233684837,732806.0,464.0,47447707.0,937.0,328.0,35.0,328.0,676.0,,,,,,main,,,,,43.03647222665296,1.368531370328744,289.15309741008,1.1433441787570278,6.5,,,
2019,Hunan,湖南,binding,44.4,8.6,47.0,11.5,,,0.0,0.0,1.8,0.0,39894.1,60104.0,6640.0,3647.2,15401.7,20845.2,16555.9,0.3860646060445029,0.522513354104993,1612.0,2280.0,427.0,344.0,75.0,26.0,1960.0,905.0,1864.0,857641.0,857641.0,544.0,26.0,906.0,1551.0,75.0,2047266.0,1612.0,344.0,2280.0,4669.0,427.0,7.96,40.0,19.0,181.0,71.0,1864.0,2632.0,71706.0,3421.0,905.0,3978.0,3483.0,1960.0,,,,12.7,,51.7,828.0,-2.6,未完成,未完成,1.0,1864.0,,10.1,8034.42,3007.15,24.06,11995.8,-0.1,18.4,13.4,0.56,5931485.0,6640.0,62849835.0,3815.0,0.5745481927710844,1559.42,,543.97,914.6,10664.02,,1864.0,,6.5,101.0,131.0,7.96,1518.0,1650.0,857641.0,17.04,71706.0,65983.0,2632.0,733.0,730.0,181.0,51.0,19.0,71.0,40.0,509958.0,42545.0,54751.0,517836.0,1067331.0,153.75,1960.0,3421.0,3978.0,19.13,41.2,,2227.27,,16562.0,29616.35,10.1,4445.47,18.4,0.22,0.56,,7929626.0,4739756.0,15770325.0,6640.0,3815.0,3265.0,3007.15,8034.42,,1559.42,914.6,543.97,10664.02,0.257,,,405.0,621.0,22.70114942528736,17.808219178082197,74.0,57.0,621.0,21.09500805152979,1827.1604938271605,917.8743961352656,2214.0,6.819484240687679,8395925.0,37.92197380307136,9.811256354993292,55.496928117190265,333.43373493975906,,821.9,1542.0,4.32,,544815.0,282.25,1863.67,76.0,347.0,8.38,64.0,,41.1,432.7,38903.0,assessed,,,,,,0.3860646060445029,857641.0,398.0,54597915.0,1928.0,467.0,248.0,454.0,1440.0,,,,,,main,,,,,43.03647222665296,1.368531370328744,289.15309741008,1.1433441787570278,6.5,,,
2020,Hunan,湖南,binding,47.1,11.1,40.0,9.0,,,0.0,0.0,5.5,0.1,41542.6,62537.0,6645.0,4240.7,15949.2,21352.7,16019.1,0.383923972019084,0.5139952723228686,1581.0,2269.0,669.0,391.0,99.0,30.0,2028.0,902.0,1929.0,728521.0,728521.0,574.0,30.0,849.0,1552.0,99.0,2402017.0,1581.0,391.0,2269.0,4915.0,669.0,7.98,47.0,5.0,316.0,241.0,1929.0,2655.0,77063.0,3754.0,902.0,3761.0,3404.0,2028.0,,,,9.9,,44.3,909.0,7.1,完成,完成,1.0,1929.0,,7.6,8403.13,3008.66,24.11,12401.4,4.6,8.1,44.0,0.56,6645286.0,6645.0,70684462.0,3905.0,0.5876598946576373,1554.43,,573.66,851.87,,,1929.0,,6.5,107.0,137.0,7.98,1578.0,1714.0,728521.0,-15.06,77063.0,73514.0,2655.0,700.0,1222.0,316.0,23.0,5.0,241.0,47.0,1138994.0,84109.0,261986.0,1049368.0,3688611.0,153.6,2028.0,3754.0,3761.0,10.24,41.5,,2559.92,,18239.0,32463.31,7.6,4880.44,8.1,0.27,0.56,,7787706.0,3748723.0,17194333.0,6645.0,3905.0,3677.0,3008.66,8403.13,,1554.43,851.87,573.66,,0.257,,,669.0,242.0,56.674473067915685,13.66279069767442,98.93,29.97,1554.0,,,,1929.0,3.487124463519309,728521.0,,4.132189972953393,46.4342626604979,290.29345372460494,,557.4,,0.59,,13586831.0,816.06,1972.46,268.0,610.0,4.02,1.04,,-1.8,438.5,476.0,assessed,1.0,1.0,7.100000000000001,2.1,40.0,0.383923972019084,728521.0,450.0,50356521.0,2394.0,631.0,262.0,583.0,1528.0,,,,,,main,,,,,43.03647222665296,1.368531370328744,289.15309741008,1.1433441787570278,6.5,913.0,270.0,900.0
2021,Hunan,湖南,binding,46.4,14.0,45.0,13.5,,,0.0,0.0,1.0,0.0,45713.5,68913.0,6622.0,4323.0,17852.5,23537.9,18176.8,0.3905301497369486,0.5149004123508373,1578.0,2502.0,803.0,450.0,150.0,38.0,2080.0,1040.0,2155.0,1040909.0,1040909.0,537.59,37.93,1016.7,1742.0,149.64,2359076.0,1578.0,450.0,2502.0,5344.0,803.0,,,239.0,444.0,,2155.0,2759.0,80323.0,3398.0,1040.0,4391.0,3564.0,2080.0,99.0,100.0,,14.9,,49.9,1000.0,1.4,完成,完成,1.0,2155.0,,8.0,8325.5,3250.69,24.19,13959.0,3.6,17.5,-3.9,0.59,7661149.0,6622.0,85010000.0,3954.0,0.5971005738447599,1741.86,,,,,,2155.0,,6.5,,,,,1938.0,1040909.0,42.88,80323.0,,,,,,,,,,,,,,,149.6,,,,8.49,42.2,,2618.32,,19301.0,34562.87,8.0,5427.83,17.5,0.31,0.59,,8239660.0,4592690.0,17671547.0,6622.0,3954.0,4719.0,3250.69,8325.5,,1741.86,,,,0.257,5.0,4.5,803.0,265.0,20.02989536621824,15.089514066496168,149.64,37.93,1742.0,10.767508610792191,1863.511830635118,1431.3207547169811,2155.0,11.71591498185589,1040909.0,4.830204176334107,10.040055268567682,47.14143524341824,325.43038356991843,,18292.8,,6.51,,283840000.0,3383.4,5204.72,5583.0,2918.0,11.1,,,-4.8,437.5,120401.0,assessed,1.0,1.0,1.3999999999999986,0.5,45.0,0.3905301497369486,1040909.0,581.0,53494467.0,2935.0,241.0,96.0,226.0,2180.0,,,,,,main,,,,,43.03647222665296,1.368531370328744,289.15309741008,1.1433441787570278,6.5,849.0,67.0,844.0
2022,Hunan,湖南,binding,50.2,18.0,46.4,14.8,3.800000000000004,3.2,1.0,1.0,2.6,0.0,47558.6,71917.0,6604.0,4601.4,17899.8,25057.4,18463.0,0.376373568607991,0.5268742141274134,1587.0,2588.0,900.0,636.0,181.72,52.98,2144.0,1102.0,2236.0,1272672.0,1272672.0,505.98,52.98,1027.43,1768.0,181.72,2128230.0,1587.0,636.0,2588.0,5711.0,900.0,,,139.0,436.0,,2236.0,2861.0,82972.0,3110.0,1102.0,4129.0,3328.0,2144.0,97.4,100.0,14.75,,49.49,,1122.0,3.8,完成,完成,1.0,2236.0,,6.6,8991.61,3101.76,24.24,13837.0,8.0,14.6,10.2,0.61,8588734.0,6604.0,104920000.0,3983.0,0.6031193216232587,1768.11,,,,,,2236.0,,6.5,,,,,2025.0,1272672.0,22.27,82972.0,,,,,,,,,,,,,,,158.4,,,,6.96,42.3,,2282.93,,19885.0,36684.69,6.6,4858.26,14.6,0.32,0.61,,7011430.0,4750200.0,17030000.0,6604.0,3983.0,4717.0,3101.76,8991.61,,,,,,0.257,1.3999999999999986,1.3000000000000007,900.0,344.0,12.079701120797015,41.333333333333336,181.72,52.98,1768.0,13.274886877828054,2019.111111111111,1540.1162790697674,2236.0,3.7587006960556835,1272672.0,5.691735241502684,4.036225622627887,47.01568170635805,338.5826771653543,,9761.2,,20.27,,22530000.0,2824.39,5887.7,441.0,1647.0,21.62,,,57.0,797.8,110308.0,assessed,1.0,1.0,3.800000000000004,3.2,46.4,0.376373568607991,1272672.0,60.0,50589279.0,3012.0,157.0,32.0,125.0,1643.0,,,,,,main,,,,,43.03647222665296,1.368531370328744,289.15309741008,1.1433441787570278,6.5,1344.0,363.0,1319.0
2023,Hunan,湖南,binding,46.4,22.1,,16.0,,6.100000000000001,,1.0,0.2999999999999971,0.0,50012.9,75938.0,6568.0,4621.3,18822.8,26568.8,19415.5,0.3763588994039537,0.5312389403533888,1633.0,2895.0,972.0,1252.0,209.42,87.13,2271.0,1115.0,2277.0,1211878.0,1211878.0,,,,,,2451231.0,1633.0,1252.0,2895.0,6752.0,972.0,,,328.0,1079.0,,2277.0,2910.0,87657.0,2184.0,1115.0,4209.0,3063.0,2271.0,99.7,100.0,,,,,,0.0,完成,完成,1.0,2277.0,,-3.1,9581.12,3360.51,24.28,14567.1,-16.1,4.4,33.3,0.61,9419834.0,6568.0,87980000.0,4017.0,0.6116017052375152,1797.48,,376.28,1124.65,,,2277.0,,6.5,,,,,2059.0,1211878.0,-4.78,87657.0,,,,,,,,,,,,,,,151.9,,,,6.53,42.0,49.7,,,,,-3.1,3852.23,4.4,0.33,0.61,,6785500.0,4687200.0,16540000.0,6568.0,4017.0,4419.0,3360.51,9581.12,,1797.48,1124.65,376.28,,0.257,0.3999999999999986,1.1999999999999993,972.0,474.0,8.000000000000007,96.85534591194968,209.42,87.13,1797.0,16.5025041736227,2154.526748971193,1838.1856540084389,2277.0,1.8336314847942736,1211877.0,5.322252964426878,5.160580841319984,45.52825371054268,346.68087697929354,,3389.6,,7.77,,7000000.0,1003.58,4521.82,,1368.0,15.82,7.52,,31.3,467.2,64480.0,assessed,1.0,1.0,-0.3999999999999986,6.100000000000001,46.8,0.3763588994039537,1211878.0,406.0,48615802.0,1986.0,363.0,246.0,327.0,1112.0,,,,,,main,,,,,43.03647222665296,1.368531370328744,289.15309741008,1.1433441787570278,6.5,2206.0,675.0,2014.0
2024,Hunan,湖南,binding,52.1,23.5,46.8,22.5,5.300000000000004,1.0,1.0,1.0,2.799999999999997,0.5999999999999943,53231.0,81225.0,6539.0,4899.7,19534.6,28796.7,20463.9,0.3669778888241813,0.5409761229358833,1637.0,3017.0,1121.0,1873.0,209.62,143.66,2068.0,1016.0,2374.0,1172421.0,,,,,,,,,,,,,,,,,,,,,,,,,,97.2,99.4,17.7,,47.8,,,5.3,完成,完成,1.0,2373.96,,2.8,9533.76,3448.91,,,,,,,,6539.0,79230000.0,,,1900.11,,509.93,1035.16,,,2373.96,,6.5,,,,,,,,,,,,,,,,,,,,,,,,,,,,,,,,,,2.8,3350.59,,,,,6822640.0,4798280.0,17190000.0,6539.0,,,3448.91,9533.76,,1900.11,1035.16,509.93,,0.257,0.0,6.5,1121.0,566.0,15.329218106995878,49.60063897763578,209.62,143.66,1900.0,18.59368421052632,1869.9375557537912,2538.1625441696115,2374.0,4.259991216512948,1172421.0,4.938588879528223,6.434539888708701,44.59807255170859,363.05245450374673,,,,,,106290000.0,1837.32,6485.35,,,,0.33,,,,,assessed,1.0,1.0,5.300000000000004,1.0,46.8,0.3669778888241813,1172421.0,521.0,35380172.0,1615.0,483.0,76.0,236.0,1179.0,,,46.8,,,main,,,,,43.03647222665296,1.368531370328744,289.15309741008,1.1433441787570278,6.5,2144.0,164.0,1674.0
2025,Hunan,,,,,,,,,,,,,,,,,,,,,,,,,,,,,,,,,,,,,,,,,,,,,,,,,,,,,,,,,,,,,,,,,,,,,,,,,,,,,,,,,,,,,,,,,,,,,,,,,,,,,,,,,,,,,,,,,,,,,,,,,,,,,,,,,,,,,,,,,,,,,,,,,,,,,,,,,,,,,,,,,,,,,,,,,,,,,,,,,,,,,,,,,,,,,,,,,,,,50.5,80.0,47.9,50.5,50.5,out_of_sample_extension,50.5,50.5,25.7,25.7,43.03647222665296,1.368531370328744,289.15309741008,1.1433441787570278,6.5,,,
2026,Hunan,,,,,,,,,,,,,,,,,,,,,,,,,,,,,,,,,,,,,,,,,,,,,,,,,,,,,,,,,,,,,,,,,,,,,,,,,,,,,,,,,,,,,,,,,,,,,,,,,,,,,,,,,,,,,,,,,,,,,,,,,,,,,,,,,,,,,,,,,,,,,,,,,,,,,,,,,,,,,,,,,,,,,,,,,,,,,,,,,,,,,,,,,,,,,,,,,,,,51.5,80.0,51.5,51.5,51.5,out_of_sample_extension,,51.5,,27.4,43.03647222665296,1.368531370328744,289.15309741008,1.1433441787570278,6.5,,,
2015,Inner Mongolia,,pre_rps,13.9,12.0,,,,,-1.0,-1.0,,,,,,,,,,,,,,,,,,,,,,,,,,,,,,,,,,,,,,,,,,,,,,,,,,,,,,,,,,,,,,,,,,,,,,,,,,,,,,,,,,,,,,,,,,,,,,,,,,,,,,,,,,,,,,,,,,,,,,,,,,,,,,,,,,,,,,,,,,,,,,,,,,,,,,,,,,,812.0,31315.5,16587.0,67.83,911523.0,1022495683.0,9366.78,12827.8,16462.0,8117.0,21.6,96.57,602.0,,410.8,347103.0,,,,,,,,,,,,,,,,,,,,,main,,,,,1126.8914183794273,1.273223336157593,8623.640537477686,0.4685576474732286,5.0,,,
2016,Inner Mongolia,,pre_rps,16.4,15.3,,,,,-1.0,-1.0,,,,,,,,,,,,,,,,,,,,,,,,,,,,,,,,,,,,,,,,,,,,,,,,,,,,,,,,,,,,,,,,,,,,,,,,,,,,,,,,,,,,,,,,,,,,,,,,,,,,,,,,,,,,,,,,,,,,,,,,,,,,,,,,,,,,,,,,,,,,,,,,,,,,,,,,,,,419.4,18661.5,13948.0,13.33,430857.0,336575909.0,5301.98,6974.26,11625.0,4112.0,11.91,,387.79,,325.5,601869.0,,,,,,,,13572672.0,3506.0,255094607.0,,738.0,189.0,603.0,,,,,,,main,,,,,1126.8914183794273,1.273223336157593,8623.640537477686,0.4685576474732286,5.0,,,
2017,Inner Mongolia,内蒙古,pre-rps,,,,,,,,,,,14898.1,61196.0,2433.0,1649.8,5874.3,7374.0,4642.6,0.3942986018351333,0.494962444875521,242.0,8170.0,2670.0,743.0,551.0,113.0,2063.0,1524.0,2892.0,15461860.0,15461860.0,24.0,113.0,3736.0,4424.0,551.0,,242.0,743.0,8170.0,11826.0,2670.0,5.25,74.0,229.0,392.0,88.0,2892.0,2337.0,106019.0,970.0,1524.0,4628.0,3772.0,2063.0,,,,,,,554.0,,,,,2891.87,2010.63,-7.3,4529.93,1703.21,19.94,4672.0,,,,1.27,1082640.0,2433.0,13873523.0,1572.0,0.6461159062885327,4435.94,555.0,19.99,3750.33,38595.52,1204.84,2891.87,2010.63,5.0,,95.0,5.25,1708.0,1803.0,15461860.0,13.92,106019.0,103078.0,2337.0,500.0,410.0,392.0,1.0,229.0,88.0,74.0,1102822.0,6600.0,663184.0,1097173.0,3574517.0,164.4,2063.0,970.0,4628.0,37.81,40.2,22.1,1451.74,13983.14,2801.0,30608.01,-7.3,889.72,,0.71,1.27,516.9,1045941.0,508977.0,10084017.0,2433.0,1572.0,1824.0,1703.21,4529.93,,4435.94,3750.33,19.99,38595.52,0.3,,,872.0,590.0,,,165.0,56.0,590.0,37.45762711864407,1892.201834862385,949.1525423728814,1991.0,,9344846.0,46.93543947764943,,,,550.0,11015.7,27417.0,43.31,,49855543.0,3233.83,6639.18,1824.0,4130.0,19.17,7.39,458.0,,242.3,342738.0,assessed,,,,,,,15461860.0,3984.0,302937846.0,,659.0,76.0,525.0,,,,,,,main,,,,,1126.8914183794273,1.273223336157593,8623.640537477686,0.4685576474732286,5.0,,,
2018,Inner Mongolia,内蒙古,binding,,,18.5,18.0,,,0.0,0.0,10.0,0.4,16140.8,66491.0,2422.0,1750.7,6335.4,8054.7,4852.3,0.392508425852498,0.4990273096748612,242.0,8229.0,2868.0,946.0,632.0,130.0,2251.0,1632.0,3353.0,18055375.0,18055375.0,45.0,130.0,4198.0,5005.0,632.0,,242.0,946.0,8229.0,12285.0,2868.0,4.2,132.0,67.0,413.0,215.0,3353.0,2417.0,114898.0,1873.0,1632.0,5124.0,4159.0,2251.0,90.0,,,19.8,,20.4,624.34,0.1,完成,未完成,1.0,3353.44,,-28.3,4831.46,1857.65,20.26,5104.2,-39.5,-25.8,-5.6,1.28,1033594.0,2422.0,15690267.0,1587.0,0.6552436003303055,5002.96,,36.49,4164.48,44138.47,,3353.44,,5.0,8.0,88.0,4.2,2017.0,2106.0,18055375.0,16.77,114898.0,111806.0,2417.0,526.0,428.0,413.0,,67.0,215.0,132.0,973722.0,23178.0,556814.0,1133846.0,3495066.0,165.15,2251.0,1873.0,5124.0,36.33,40.6,22.1,1409.4,14023.1,2832.0,30626.9,-28.3,882.85,-25.8,0.78,1.28,,1104350.0,651476.0,12354305.0,2422.0,1587.0,1846.0,1857.65,4831.46,,5002.96,4164.48,36.49,44138.47,0.3,,,1043.0,864.0,7.415730337078652,27.321668909825036,212.0,94.0,864.0,35.41666666666667,2032.5982742090123,1087.962962962963,2161.0,15.940525587828503,11061722.0,51.18797778806108,,,,,127.0,,0.36,,723178.0,230.35,1970.68,,120.0,9.78,,,-15.8,931.0,718.0,assessed,,,,,,,18055375.0,4154.0,329495571.0,,624.0,287.0,624.0,,,,,,,main,,,,,1126.8914183794273,1.273223336157593,8623.640537477686,0.4685576474732286,5.0,,,
2019,Inner Mongolia,内蒙古,binding,,,18.5,18.0,,,0.0,0.0,7.1,0.0,17212.5,71170.0,2415.0,1863.3,6763.1,8586.1,4966.6,0.3929179375453885,0.4988293391430646,239.0,8721.0,2920.0,1051.0,666.0,163.0,2306.0,1663.0,3653.0,20817990.0,20817990.0,58.0,163.0,4564.0,5451.0,666.0,,239.0,1051.0,8721.0,12931.0,2920.0,3.71,123.0,410.0,658.0,124.0,3653.0,2502.0,119677.0,2424.0,1663.0,5267.0,4272.0,2306.0,93.0,,,19.8,,20.4,672.0,-0.2,未完成,未完成,1.0,3653.0,,6.7,5100.91,2059.69,20.61,5458.6,-2.0,9.1,6.1,1.3,1183625.0,2415.0,15939467.0,1605.0,0.6645962732919255,5495.08,,58.07,4608.41,49035.95,,3653.0,,5.0,41.5,87.0,3.71,2251.0,2338.0,20817990.0,15.3,119677.0,116073.0,2502.0,551.0,469.0,658.0,,410.0,124.0,123.0,1610037.0,22638.0,657069.0,2186669.0,4277487.0,160.25,2306.0,2424.0,5267.0,35.24,40.5,,1463.06,,2965.0,32747.28,6.7,1041.95,9.1,0.84,1.3,,951185.0,458026.0,12743985.0,2415.0,1605.0,1820.0,2059.69,5100.91,,5495.08,4608.41,58.07,49035.95,0.3,,,1251.0,1088.0,1.8131101813110284,11.099365750528545,224.0,128.0,1088.0,32.35294117647059,1790.5675459632291,1176.470588235294,2262.0,8.94721145243067,12652078.0,55.933147656940754,,,,,11995.8,10664.0,19.13,,62849835.0,3007.15,8034.42,667.0,3815.0,24.06,,,13.4,482.0,54788.0,assessed,,,,,,,20817990.0,4434.0,378746912.0,,1321.0,1107.0,1253.0,,,,,,,main,,,,,1126.8914183794273,1.273223336157593,8623.640537477686,0.4685576474732286,5.0,,,
2020,Inner Mongolia,内蒙古,binding,,,18.0,16.5,,,0.0,0.0,5.0,2.0,17258.0,71640.0,2403.0,2028.8,6908.2,8321.1,4605.1,0.4002897207092363,0.4821589987252289,242.0,9374.0,3786.0,1237.0,726.0,188.0,2375.0,1654.0,3900.0,23107674.0,23107674.0,57.0,188.0,4731.0,5703.0,726.0,,242.0,1237.0,9374.0,14639.0,3786.0,3.78,147.0,423.0,1413.0,843.0,3900.0,2606.0,128164.0,2403.0,1654.0,5066.0,4148.0,2375.0,,,,18.2,,19.7,821.0,3.1,完成,完成,1.0,3900.0,,-1.5,5270.16,2051.2,21.02,5597.6,-18.9,-9.6,12.4,1.42,1293714.0,2403.0,15222701.0,1622.0,0.6749895963379109,5810.97,,57.35,4841.2,,,3900.0,,5.0,50.5,96.0,3.78,2438.0,2534.0,23107674.0,11.0,128164.0,120786.0,2606.0,621.0,482.0,1413.0,,423.0,843.0,147.0,2753148.0,37636.0,695633.0,2941337.0,6565446.0,158.2,2375.0,2403.0,5066.0,27.39,40.5,,1314.98,,2985.0,34255.77,-1.5,1176.48,-9.6,0.88,1.42,,927684.0,443760.0,14057509.0,2403.0,1622.0,1850.0,2051.2,5270.16,,5810.97,4841.2,57.35,,0.3,,,3785.0,1176.0,29.657534246575334,17.697431018078014,726.29,186.13,5811.0,,,,3900.0,6.761565836298922,23107674.0,,,,,,38198.1,,11.26,,642831839.0,9058.99,13681.55,18304.0,6226.0,15.81,4.24,,56.3,675.1,531335.0,assessed,1.0,1.0,3.1000000000000014,3.0,18.0,,23107674.0,4558.0,373339476.0,,1955.0,363.0,1756.0,,,,,,,main,,,,,1126.8914183794273,1.273223336157593,8623.640537477686,0.4685576474732286,5.0,3001.0,808.0,2897.0
2021,Inner Mongolia,内蒙古,binding,,,20.5,19.5,,,0.0,0.0,0.0,0.0,21166.0,88137.0,2400.0,2353.9,9880.6,8931.5,4811.7,0.4668147028252858,0.421973920438439,241.0,9834.0,3996.0,1412.0,967.0,212.0,2429.0,1563.0,3957.0,24670185.0,24670185.0,49.02,211.9,4891.8,6120.0,967.21,,241.0,1412.0,9834.0,15487.0,3996.0,,,480.0,874.0,,3957.0,2661.0,128927.0,2581.0,1563.0,4994.0,3980.0,2429.0,,,,21.5,,22.6,954.0,3.6,完成,完成,1.0,3957.0,,9.8,5239.57,2349.95,21.26,8443.8,-4.2,29.2,5.4,1.42,1547744.0,2400.0,19050000.0,1637.0,0.6820833333333334,6119.93,,,,,,3957.0,,5.0,,,,,2532.0,24670185.0,6.76,128927.0,,,,,,,,,,,,,,,151.29999999999998,,,,22.48,42.0,,3378.19,,3291.0,38824.52,9.8,1234.13,29.2,0.9,1.42,,1282770.0,633150.0,18996992.0,2400.0,1637.0,1979.0,2349.95,5239.57,,6119.93,,,,0.3,2.5,3.0,3993.0,1341.0,5.546751188589538,14.14713015359741,967.21,211.9,6120.0,19.26650326797386,2422.263961933384,1580.1640566741237,3957.0,1.4615384615384697,24670185.0,62.34567854435179,,,,,5056.5,,0.85,,129680000.0,2141.06,3152.55,3877.0,1165.0,1.53,39.02,,-3.7,234.1,10076.0,assessed,1.0,1.0,3.6000000000000014,3.0,20.5,,24670185.0,4496.0,379750740.0,,1888.0,1323.0,1765.0,,,,,,,main,,,,,1126.8914183794273,1.273223336157593,8623.640537477686,0.4685576474732286,5.0,2956.0,1186.0,2927.0
2022,Inner Mongolia,内蒙古,binding,25.6,24.5,21.9,20.8,3.700000000000003,3.6999999999999993,1.0,1.0,0.0,0.0,23388.9,97433.0,2401.0,2655.1,11352.5,9381.3,4644.3,0.4853798169217021,0.4011005220425073,241.0,10503.0,4568.0,1568.0,1077.09,244.59,2506.0,1610.0,4200.0,26312979.0,26312979.0,42.71,244.59,5254.82,6619.0,1077.09,,241.0,1568.0,10701.0,17078.0,4568.0,,,641.0,1343.0,,4200.0,2716.0,134699.0,1776.0,1610.0,5000.0,3999.0,2506.0,,,20.75,,21.87,,1075.0,3.7,完成,完成,1.0,4291.0,,17.6,5887.7,2824.39,21.62,9761.2,15.0,42.6,57.0,1.42,1708541.0,2401.0,22530000.0,1647.0,0.6859641815910037,6619.21,,,,,,4291.0,,5.0,,,,,2756.0,26312979.0,6.66,134699.0,,,,,,,,,,,,,,,154.4,,,,20.27,41.9,,4080.9,,3591.0,43617.57,17.6,978.28,42.6,0.88,1.42,,1703430.0,988600.0,20750000.0,2401.0,1647.0,2002.0,2824.39,5887.7,,,,,,0.3,1.3999999999999986,1.3000000000000007,4564.0,1478.0,14.314314314314313,11.048158640226635,1077.09,244.59,6619.0,19.967970992597067,2359.969325153374,1654.871447902571,4200.0,6.141015921152393,26312979.0,62.64995,,,,,6959.0,,18.46,,47230000.0,1949.46,6699.79,1090.0,2427.0,31.61,,,76.4,348.3,90229.0,assessed,1.0,1.0,3.700000000000003,3.6999999999999993,21.9,,26312979.0,4726.0,392964622.0,,4658.0,1446.0,4474.0,,,,,,,main,,,,,1126.8914183794273,1.273223336157593,8623.640537477686,0.4685576474732286,5.0,4409.0,1150.0,4094.0
2023,Inner Mongolia,内蒙古,binding,26.4,25.4,23.0,22.0,3.3999999999999986,3.3999999999999986,1.0,1.0,5.049999999999997,2.3499999999999943,24627.0,102677.0,2396.0,2737.3,11703.6,10186.1,4933.0,0.4752344987209161,0.4136151378568238,242.0,11826.0,6962.0,2366.0,1354.62,290.53,2344.0,1466.0,4823.0,30648504.0,30648504.0,,,,,,,242.0,2366.0,11826.0,21395.0,6962.0,,,1125.0,4288.0,,4823.0,2784.0,139916.0,1864.0,1466.0,5064.0,3830.0,2344.0,,,,,,,,3.4,完成,完成,1.0,4823.0,,19.8,6836.24,3083.64,21.94,9889.8,-7.9,46.4,27.6,1.42,1919744.0,2396.0,27840000.0,1667.0,0.6957429048414023,7629.94,,44.74,5940.06,,,4823.0,,5.0,,,,,3170.0,30648504.0,16.48,139916.0,,,,,,,,,,,,,,,150.75,,,,22.02,42.2,22.1,,,,,19.8,1009.68,46.4,0.92,1.42,,1735490.0,854550.0,22670000.0,2396.0,1667.0,2266.0,3083.64,6836.24,,7629.94,5940.06,44.74,,0.3,1.1000000000000014,1.1999999999999993,6954.0,2190.0,52.40805604203152,50.89285714285714,1354.62,290.53,7630.0,21.561598951507207,1947.9723899913715,1326.62100456621,4823.0,14.833333333333343,30648507.0,63.546562305618906,,,,,16357.0,,7.89,,91530000.0,3692.79,9299.07,,3822.0,30.76,1.73,,34.4,575.9,265884.0,assessed,1.0,1.0,3.3999999999999986,3.3999999999999986,23.0,,30648504.0,4828.0,402813386.0,,5811.0,977.0,5470.0,,,,,,,main,,,,,1126.8914183794273,1.273223336157593,8623.640537477686,0.4685576474732286,5.0,6642.0,812.0,6295.0
2024,Inner Mongolia,内蒙古,binding,29.6,28.5,28.0,27.0,1.6000000000000014,1.5,1.0,1.0,6.150000000000006,4.5,26314.6,110011.0,2388.0,2872.6,11604.4,11837.6,5152.9,0.4409871326183943,0.4498491331808198,245.0,12107.0,8599.0,4821.0,1710.85,396.23,2274.0,1460.0,5193.0,33771713.0,,,,,,,,,,,,,,,,,,,,,,,,,,,,23.7,,24.0,,,1.6,完成,完成,1.0,5193.0,,13.6,6928.04,3150.25,,,,,,,,2388.0,29150000.0,,,8344.0,,55.44,6181.48,,,5193.0,,5.0,,,,,,,,,,,,,,,,,,,,,,,,,,,,,,,,,,13.6,937.38,,,,,1308820.0,662690.0,23450000.0,2388.0,,,3150.25,6928.04,,8344.0,6181.48,55.44,,0.3,5.0,5.0,8588.0,4517.0,23.513358230393557,103.76162299239225,1710.85,396.23,8344.0,25.252636625119845,1992.1401956217976,877.1972548151427,5193.0,7.671573709309554,33771713.0,65.03314654342384,,,,,,,,,599920000.0,8374.17,9874.84,,,,50.25,,,,,assessed,1.0,1.0,1.6000000000000014,1.5,28.0,,33771713.0,5305.0,420010670.0,,2543.0,659.0,1775.0,,,,28.000000000000004,,,main,,,,,1126.8914183794273,1.273223336157593,8623.640537477686,0.4685576474732286,5.0,6649.0,1688.0,5680.0
2025,Inner Mongolia,,,,,,,,,,,,,,,,,,,,,,,,,,,,,,,,,,,,,,,,,,,,,,,,,,,,,,,,,,,,,,,,,,,,,,,,,,,,,,,,,,,,,,,,,,,,,,,,,,,,,,,,,,,,,,,,,,,,,,,,,,,,,,,,,,,,,,,,,,,,,,,,,,,,,,,,,,,,,,,,,,,,,,,,,,,,,,,,,,,,,,,,,,,,,,,,,,,,30.7,80.0,29.1,30.7,30.7,out_of_sample_extension,30.7,30.7,30.0,30.0,1126.8914183794273,1.273223336157593,8623.640537477686,0.4685576474732286,5.0,,,
2026,Inner Mongolia,,,,,,,,,,,,,,,,,,,,,,,,,,,,,,,,,,,,,,,,,,,,,,,,,,,,,,,,,,,,,,,,,,,,,,,,,,,,,,,,,,,,,,,,,,,,,,,,,,,,,,,,,,,,,,,,,,,,,,,,,,,,,,,,,,,,,,,,,,,,,,,,,,,,,,,,,,,,,,,,,,,,,,,,,,,,,,,,,,,,,,,,,,,,,,,,,,,,31.7,80.0,31.7,31.7,31.7,out_of_sample_extension,,31.7,,30.0,1126.8914183794273,1.273223336157593,8623.640537477686,0.4685576474732286,5.0,,,
2015,Jiangsu,,pre_rps,11.7,3.3,,,,,-1.0,-1.0,,,,,,,,,,,,,,,,,,,,,,,,,,,,,,,,,,,,,,,,,,,,,,,,,,,,,,,,,,,,,,,,,,,,,,,,,,,,,,,,,,,,,,,,,,,,,,,,,,,,,,,,,,,,,,,,,,,,,,,,,,,,,,,,,,,,,,,,,,,,,,,,,,,,,,,,,,,401.0,2031.6,6557.0,57.06,67072.0,7952016.0,743.86,2958.31,148.0,1116.0,14.01,0.08,263.0,,459.3,40526.0,,,,,,,,,,,,,,,,,,,,,main,,,,,800.7320436148422,1.3912777619530372,1546.7608715829842,0.7979275657264381,3.1000000000000014,,,
2016,Jiangsu,,pre_rps,12.8,4.2,,,,,-1.0,-1.0,,,,,,,,,,,,,,,,,,,,,,,,,,,,,,,,,,,,,,,,,,,,,,,,,,,,,,,,,,,,,,,,,,,,,,,,,,,,,,,,,,,,,,,,,,,,,,,,,,,,,,,,,,,,,,,,,,,,,,,,,,,,,,,,,,,,,,,,,,,,,,,,,,,,,,,,,,,241.23,4307.3,6518.0,13.79,193186.0,47627431.0,1556.27,4441.7,783.0,2392.0,12.05,0.2,210.66,,603.3,130433.0,,,,,,,,1278340.0,5439.0,636410617.0,2573.0,699.0,279.0,637.0,2622.0,,,,,,main,,,,,800.7320436148422,1.3912777619530372,1546.7608715829842,0.7979275657264381,3.1000000000000014,,,
2017,Jiangsu,江苏,pre-rps,14.7,5.4,,,,,,,,,85869.8,102202.0,8423.0,4045.2,39124.1,42700.5,32818.2,0.455621184630685,0.4972702859445346,265.0,9430.0,656.0,907.0,120.0,81.0,1987.0,1188.0,5808.0,1307474.0,1307474.0,29.0,81.0,4481.0,4885.0,120.0,4347532.0,265.0,907.0,9430.0,11469.0,656.0,4.08,386.0,744.0,1410.0,130.0,5808.0,5454.0,93433.0,1294.0,1188.0,4909.0,4563.0,1987.0,,,,,,,856.0,,,,,5807.89,1569.66,4.5,10621.03,8171.53,15.85,33782.6,,,,0.28,18338832.0,8423.0,590778136.0,5911.0,0.7017689659266295,4914.74,332.0,29.02,4529.84,26620.03,1413.38,5807.89,1569.66,3.1000000000000014,,210.0,4.08,4931.0,5140.0,1307474.0,2.28,93433.0,73358.0,5454.0,2342.0,802.0,1410.0,150.0,744.0,130.0,386.0,2718824.0,79427.0,605585.0,2759297.0,8356949.0,146.35000000000002,1987.0,1294.0,4909.0,38.32,43.0,15.2,10052.54,148996.61,45414.0,116706.58,4.5,9629.11,,1.42,0.28,,376801274.0,211442460.0,261521677.0,8423.0,5911.0,2092.0,8171.53,10621.03,,4914.74,4529.84,29.02,26620.03,0.202,,,71.0,58.0,,,17.0,3.0,58.0,34.48275862068966,2394.3661971830984,517.2413793103449,1527.0,,1183856.0,7.752822527832351,,17.78273618897447,181.28932684316752,350.0,9739.9,16085.0,19.54,,54021626.0,2812.45,6203.81,1711.0,3288.0,20.33,2.6,322.0,,466.3,258955.0,assessed,,,,,,0.455621184630685,1307474.0,6186.0,704471886.0,6033.0,918.0,299.0,708.0,2952.0,,,,,,main,,,,,800.7320436148422,1.3912777619530372,1546.7608715829842,0.7979275657264381,3.1000000000000014,,,
2018,Jiangsu,江苏,binding,14.7,7.0,12.5,5.5,,,0.0,0.0,0.0,0.0,93207.6,110508.0,8446.0,4141.7,42129.4,46936.5,35472.6,0.4519953308528489,0.5035694514181247,265.0,9749.0,865.0,1332.0,173.0,120.0,2216.0,1059.0,6128.0,1416915.0,1416915.0,34.0,120.0,4462.0,5031.0,173.0,3343917.0,265.0,1332.0,9749.0,12657.0,865.0,3.31,452.0,374.0,1258.0,197.0,6128.0,5439.0,95621.0,1256.0,1059.0,4576.0,4213.0,2216.0,,,,6.1,,13.7,902.91,2.2,完成,完成,1.0,6128.27,,5.5,11657.35,8630.16,15.87,36113.2,0.7,11.2,-25.0,0.31,20245195.0,8446.0,663913736.0,6013.0,0.7119346436182808,5085.08,,33.22,4578.08,25407.28,,6128.27,,3.1000000000000014,290.0,181.0,3.31,5297.0,5478.0,1416915.0,8.37,95621.0,75887.0,5439.0,2318.0,933.0,1258.0,,374.0,197.0,452.0,3023094.0,67012.0,645129.0,2787692.0,9357702.0,145.2,2216.0,1256.0,4576.0,31.68,43.1,15.2,8491.9,128085.6,45675.0,119590.9,5.5,10982.34,11.2,1.51,0.31,,408210443.0,224336511.0,299967960.0,8446.0,6013.0,2176.0,8630.16,11657.35,,5085.08,4578.08,33.22,25407.28,0.202,,,71.0,89.0,31.859756097560975,46.85777287761852,18.0,6.0,89.0,26.96629213483146,2535.211267605634,674.1573033707865,1567.0,5.509641873278226,1453069.0,9.272935545628592,8.545262711686764,16.81193379080676,185.53161259767936,,6260.2,48940.0,28.19,,20762372.0,2292.7,4283.91,,2096.0,14.33,52.42,,5.9,200.3,387185.0,assessed,,,,,,0.4519953308528489,1416915.0,6616.0,956667855.0,3331.0,853.0,330.0,758.0,3900.0,,,,,,main,,,,,800.7320436148422,1.3912777619530372,1546.7608715829842,0.7979275657264381,3.1000000000000014,,,
2019,Jiangsu,江苏,binding,15.0,7.4,13.5,6.5,,,0.0,0.0,0.0,0.0,98656.8,116650.0,8469.0,4297.2,43507.5,50852.1,37240.6,0.440998491741066,0.5154444498503904,265.0,10050.0,1041.0,1486.0,184.0,154.0,1973.0,1192.0,6264.0,1761892.0,1761892.0,31.0,154.0,4364.0,5062.0,184.0,3179636.0,265.0,1486.0,10050.0,13288.0,1041.0,3.34,159.0,456.0,791.0,176.0,6264.0,5513.0,98644.0,1162.0,1192.0,4329.0,3995.0,1973.0,,,,7.2,,14.9,941.0,1.5,完成,完成,1.0,6264.0,,5.1,12573.55,8802.36,15.99,37225.7,2.1,4.6,-5.1,0.36,22061581.0,8469.0,629515934.0,6137.0,0.7246428149722517,5166.43,,30.76,4468.81,24902.05,,6264.0,,3.1000000000000014,358.5,188.0,3.34,5421.0,5609.0,1761892.0,24.35,98644.0,79542.0,5513.0,2312.0,934.0,791.0,,456.0,176.0,159.0,2998276.0,74000.0,329002.0,3202728.0,7417436.0,143.95,1973.0,1162.0,4329.0,28.46,43.4,,6855.03,,46090.0,120451.8,5.1,12009.35,4.6,1.53,0.36,,375373539.0,215692414.0,275547466.0,8469.0,6137.0,2221.0,8802.36,12573.55,,5166.43,4468.81,30.76,24902.05,0.202,,,81.0,109.0,20.346820809248545,11.561561561561561,17.0,8.0,109.0,22.93577981651376,2098.7654320987654,733.9449541284404,1569.0,2.2193211488250597,1377287.0,8.778119821542383,5.84630437861291,15.903617388765904,185.2639036486008,,9459.9,21549.0,14.33,,51033133.0,2287.9,5718.52,896.0,2417.0,18.01,473.42,,4.8,239.3,294610.0,assessed,,,,,,0.440998491741066,1761892.0,7135.0,724856463.0,3312.0,915.0,366.0,877.0,2693.0,,,,,,main,,,,,800.7320436148422,1.3912777619530372,1546.7608715829842,0.7979275657264381,3.1000000000000014,,,
2020,Jiangsu,江苏,binding,16.8,9.0,14.0,7.5,,,0.0,0.0,0.0,0.0,102807.7,121333.0,8477.0,4537.6,44631.3,53638.9,36261.8,0.4341240977086347,0.5217401031245714,265.0,10079.0,1547.0,1684.0,229.0,167.0,2001.0,1165.0,6374.0,1415638.0,1415638.0,32.0,167.0,4290.0,5074.0,229.0,3098467.0,265.0,1684.0,10079.0,14146.0,1547.0,3.3,198.0,168.0,996.0,506.0,6374.0,5782.0,107906.0,1217.0,1165.0,4262.0,3902.0,2001.0,,,,8.3,,15.4,1072.0,2.8,完成,完成,1.0,6374.0,,0.3,13681.55,9058.99,15.81,38198.1,0.1,-8.6,56.3,0.42,23816885.0,8477.0,642831839.0,6226.0,0.7344579450277221,5217.54,,32.17,4433.91,,,6374.0,,3.1000000000000014,424.5,189.0,3.3,5529.0,5717.0,1415638.0,-19.65,107906.0,79516.0,5782.0,2573.0,680.0,996.0,,168.0,506.0,198.0,5218634.0,88000.0,203796.0,4996054.0,12168575.0,145.04999999999998,2001.0,1217.0,4262.0,11.26,43.5,,7622.8,,50168.0,133267.37,0.3,13171.27,-8.6,1.58,0.42,,361126198.0,202298019.0,286980685.0,8477.0,6226.0,2240.0,9058.99,13681.55,,5217.54,4433.91,32.17,,0.202,,,1545.0,898.0,48.607108549471654,13.324360699865402,229.02,166.83,5218.0,,,,6374.0,1.7560664112388213,1415638.0,,4.207413984641706,61.99924713810347,751.9169517517989,,39353.9,,11.69,,1024024456.0,12923.85,17430.79,20636.0,9361.0,22.19,131.59,,13.1,322.6,235470.0,assessed,1.0,1.0,2.8000000000000007,1.5,14.0,0.4341240977086347,1415638.0,7993.0,718146052.0,4393.0,1340.0,726.0,1322.0,2741.0,,,,,,main,,,,,800.7320436148422,1.3912777619530372,1546.7608715829842,0.7979275657264381,3.1000000000000014,1642.0,359.0,1628.0
2021,Jiangsu,江苏,binding,18.6,12.1,16.5,10.5,,,0.0,0.0,0.0,0.0,117392.4,138255.0,8505.0,4721.0,52678.7,59992.7,41261.1,0.4487402932387446,0.5110441561804683,265.0,10322.0,2234.0,1916.0,416.0,195.0,2390.0,1238.0,7101.0,1901937.0,1901937.0,31.44,195.32,4841.31,5969.0,415.66,4766227.0,265.0,1916.0,10322.0,15420.0,2234.0,,,325.0,1345.0,,7101.0,5831.0,112838.0,1171.0,1238.0,4619.0,4183.0,2390.0,100.0,100.0,,11.6,,18.2,1321.0,2.1,完成,完成,1.0,7101.0,,5.8,14585.26,10015.16,15.8,45730.7,2.3,16.1,-29.5,0.44,27166319.0,8505.0,798910000.0,6289.0,0.7394473838918283,5968.89,,,,,,7101.0,,3.1000000000000014,,,,,6401.0,1901937.0,34.35,112838.0,,,,,,,,,,,,,,,145.1,,,,8.86,43.7,,9586.47,,56281.0,153768.02,5.8,13477.45,16.1,1.6,0.44,,423766190.0,241432830.0,360097296.0,8505.0,6289.0,2278.0,10015.16,14585.26,,5968.89,,,,0.202,2.5,3.0,2232.0,959.0,44.40853264382676,13.776722090261284,415.66,195.32,5969.0,10.235885407941028,1862.2759856630823,2036.7049009384773,7101.0,11.40571069971761,1901937.0,2.6784072665821714,14.186388762709411,60.48943543193597,834.9206349206349,,26996.0,,4.33,,640730000.0,8262.64,11014.59,17933.0,4752.0,12.39,,,7.3,255.8,175538.0,assessed,1.0,1.0,2.1000000000000014,1.5999999999999996,16.5,0.4487402932387446,1901937.0,8178.0,749582012.0,4357.0,931.0,158.0,882.0,2943.0,,,,,,main,,,,,800.7320436148422,1.3912777619530372,1546.7608715829842,0.7979275657264381,3.1000000000000014,1954.0,236.0,1807.0
2022,Jiangsu,江苏,binding,22.3,14.6,19.8,11.8,2.5,2.799999999999999,1.0,1.0,0.0,0.0,122089.3,143466.0,8515.0,4964.2,54886.1,62239.0,40803.0,0.4495570045859874,0.5097825935606151,265.0,10437.0,2254.0,2508.0,512.83,254.94,2287.0,1286.0,7400.0,2490698.0,2490698.0,31.28,254.94,4752.69,6077.0,512.83,3660199.0,265.0,2508.0,10437.0,16126.0,2254.0,,,111.0,754.0,,7400.0,5850.0,112836.0,1182.0,1286.0,4439.0,3986.0,2287.0,100.0,100.0,11.75,,17.71,,1650.0,2.5,完成,完成,1.0,7400.0,,3.8,14901.37,9258.88,15.8,47688.4,8.0,8.8,9.1,0.44,29936774.0,8515.0,814310000.0,6337.0,0.7442160892542572,6077.31,,,,,,7400.0,,3.1000000000000014,,,,,6666.0,2490698.0,30.96,112836.0,,,,,,,,,,,,,,,147.20000000000002,,,,7.48,44.1,,9490.6,,61504.0,174319.04,3.8,12406.88,8.8,1.62,0.44,,411246620.0,240768830.0,347370000.0,8515.0,6337.0,2156.0,9258.88,14901.37,,,,,,0.202,3.3000000000000007,1.3000000000000007,2252.0,1013.0,0.8952551477170889,30.89770354906054,512.83,254.94,6077.0,12.634029948987989,2277.2202486678507,2516.6831194471865,7400.0,4.210674552879867,2490698.0,3.365808108108108,4.001025620057175,60.611372167749344,869.0546095126248,,13864.3,,14.62,,81160000.0,4056.3,9305.64,1842.0,4575.0,20.92,,,6.7,245.4,170349.0,assessed,1.0,1.0,2.5,2.799999999999999,19.8,0.4495570045859874,2490698.0,8225.0,771557951.0,6697.0,141.0,18.0,129.0,3069.0,,,,,,main,,,,,800.7320436148422,1.3912777619530372,1546.7608715829842,0.7979275657264381,3.1000000000000014,2111.0,881.0,2083.0
2023,Jiangsu,江苏,binding,23.2,15.6,20.9,13.0,2.3000000000000007,2.6,1.0,1.0,0.0,0.0,128222.2,150487.0,8526.0,5075.8,56909.7,66236.7,42940.6,0.4438365587238403,0.5165774725437561,265.0,10748.0,2286.0,3928.0,537.47,357.87,2364.0,1221.0,7833.0,3149781.0,3149781.0,,,,,,3147275.0,265.0,3928.0,10748.0,17888.0,2286.0,,,382.0,1834.0,,7833.0,5781.0,109290.0,1170.0,1221.0,4542.0,4025.0,2364.0,100.0,100.0,,,,,,2.3,完成,完成,1.0,7833.0,,5.2,15242.28,9930.18,15.87,49244.6,6.3,9.1,10.7,0.47,33016934.0,8526.0,746150000.0,6398.0,0.7504105090311987,6390.53,,30.99,4961.45,,,7833.0,,3.1000000000000014,,,,,6993.0,3149781.0,26.46,109290.0,,,,,,,,,,,,,,,147.54999999999998,,,,7.04,44.0,15.2,,,,,5.2,11932.12,9.1,1.65,0.47,,346864910.0,208199130.0,323400000.0,8526.0,6398.0,2175.0,9930.18,15242.28,,6390.53,4961.45,30.99,,0.202,1.099999999999998,1.1999999999999993,2284.0,1293.0,1.419698314108242,56.618819776714524,537.47,357.87,6391.0,14.009388202159286,2353.1961471103327,2767.7494199535963,7833.0,5.851351351351353,3149781.0,4.021168134814247,5.023290329291741,61.08926535342554,918.71921182266,,252.3,,0.31,,1540000.0,236.62,2809.02,,142.0,12.27,,,48.0,883.4,648.0,assessed,1.0,1.0,2.3000000000000007,2.6,20.9,0.4438365587238403,3149781.0,8923.0,854911211.0,2801.0,149.0,41.0,119.0,1968.0,,,,,,main,,,,,800.7320436148422,1.3912777619530372,1546.7608715829842,0.7979275657264381,3.1000000000000014,4372.0,920.0,3816.0
2024,Jiangsu,江苏,binding,26.0,18.3,24.2,16.1,1.8000000000000007,2.2,1.0,1.0,0.2999999999999971,0.0999999999999943,137008.0,160694.0,8526.0,5245.2,59180.1,72582.8,44922.1,0.4319463097045428,0.5297705243489431,310.0,10952.0,2321.0,6165.0,560.32,583.22,2436.0,1279.0,8487.0,3187046.0,,,,,,,,,,,,,,,,,,,,,,,,,,99.7,99.9,14.7,,21.9,,,1.8,完成,完成,1.0,8487.0,,1.5,15293.91,10038.16,,,,,,,,8526.0,789470000.0,,,6807.37,,32.73,5113.46,,,8487.0,,3.1000000000000014,,,,,,,,,,,,,,,,,,,,,,,,,,,,,,,,,,1.5,10701.86,,,,,367960920.0,215168870.0,326250000.0,8526.0,,,10038.16,15293.91,,6807.37,5113.46,32.73,,0.202,3.3000000000000007,3.1000000000000014,2319.0,1859.0,1.531058617672798,56.950101832993894,560.32,583.22,6807.0,16.79947113265756,2416.2138852953863,3137.278106508876,8487.0,8.349291459211038,3187046.0,3.755209143395782,6.852011586137197,61.94528786640196,995.4257565095004,,,,,,79230000.0,3448.91,9533.76,,,,0.2,,,,,assessed,1.0,1.0,1.8000000000000007,2.2,24.2,0.4319463097045428,3187046.0,9152.0,854456197.0,3038.0,296.0,9.0,161.0,2385.0,,,25.2,,,main,,,,,800.7320436148422,1.3912777619530372,1546.7608715829842,0.7979275657264381,3.1000000000000014,4877.0,716.0,4316.0
2025,Jiangsu,,,,,,,,,,,,,,,,,,,,,,,,,,,,,,,,,,,,,,,,,,,,,,,,,,,,,,,,,,,,,,,,,,,,,,,,,,,,,,,,,,,,,,,,,,,,,,,,,,,,,,,,,,,,,,,,,,,,,,,,,,,,,,,,,,,,,,,,,,,,,,,,,,,,,,,,,,,,,,,,,,,,,,,,,,,,,,,,,,,,,,,,,,,,,,,,,,,,27.500000000000004,80.0,25.3,27.500000000000004,27.500000000000004,out_of_sample_extension,27.500000000000004,27.500000000000004,20.200000000000003,20.200000000000003,800.7320436148422,1.3912777619530372,1546.7608715829842,0.7979275657264381,3.1000000000000014,,,
2026,Jiangsu,,,,,,,,,,,,,,,,,,,,,,,,,,,,,,,,,,,,,,,,,,,,,,,,,,,,,,,,,,,,,,,,,,,,,,,,,,,,,,,,,,,,,,,,,,,,,,,,,,,,,,,,,,,,,,,,,,,,,,,,,,,,,,,,,,,,,,,,,,,,,,,,,,,,,,,,,,,,,,,,,,,,,,,,,,,,,,,,,,,,,,,,,,,,,,,,,,,,29.5,80.0,29.5,29.5,29.5,out_of_sample_extension,,28.5,,21.9,800.7320436148422,1.3912777619530372,1546.7608715829842,0.7979275657264381,3.1000000000000014,,,
2015,Jiangxi,,pre_rps,24.4,2.2,,,,,-1.0,-1.0,,,,,,,,,,,,,,,,,,,,,,,,,,,,,,,,,,,,,,,,,,,,,,,,,,,,,,,,,,,,,,,,,,,,,,,,,,,,,,,,,,,,,,,,,,,,,,,,,,,,,,,,,,,,,,,,,,,,,,,,,,,,,,,,,,,,,,,,,,,,,,,,,,,,,,,,,,,344.0,516.4,1508.0,15.08,23663.0,1934472.0,267.13,1515.16,88.0,298.0,7.56,61.37,274.0,,457.4,49343.0,,,,,,,,,,,,,,,,,,,,,main,,,,,327.137912162962,1.3749807011058326,151.40163013082395,1.129503481589038,3.5,,,
2016,Jiangxi,,pre_rps,27.2,3.8,,,,,-1.0,-1.0,,,,,,,,,,,,,,,,,,,,,,,,,,,,,,,,,,,,,,,,,,,,,,,,,,,,,,,,,,,,,,,,,,,,,,,,,,,,,,,,,,,,,,,,,,,,,,,,,,,,,,,,,,,,,,,,,,,,,,,,,,,,,,,,,,,,,,,,,,,,,,,,,,,,,,,,,,,33.3,482.5,1015.0,1.34,44097.0,11348430.0,637.51,1376.48,324.0,543.0,2.82,1.37,28.47,,492.3,16138.0,,,,,,,,17508.0,,,2034.0,373.0,257.0,372.0,939.0,,,,,,main,,,,,327.137912162962,1.3749807011058326,151.40163013082395,1.129503481589038,3.5,,,
2017,Jiangxi,江西,pre-rps,25.4,6.5,,,,,,,,,20210.8,44878.0,4511.0,1835.3,9444.6,8930.9,8118.0,0.4673046094167475,0.4418875056900271,615.0,1934.0,169.0,449.0,31.0,30.0,1995.0,891.0,1294.0,5109.0,5109.0,157.0,30.0,967.0,1186.0,31.0,1030666.0,615.0,449.0,1934.0,3167.0,169.0,6.92,216.0,0.2,280.0,53.0,1294.0,1720.0,50986.0,2353.0,891.0,5023.0,4068.0,1995.0,,,,,,,328.0,,,,,1293.98,622.85,9.8,5111.47,2247.06,16.23,7969.6,,,,0.43,2216865.0,4511.0,44338984.0,2513.0,0.5570826867656838,1128.82,171.0,144.17,939.42,7761.3,569.08,1293.98,622.85,3.5,,78.0,6.92,1045.0,1122.0,5109.0,-70.82,50986.0,47699.0,1720.0,194.0,401.0,280.0,11.0,0.2,53.0,216.0,490242.0,10051.0,207281.0,547466.0,2241961.0,151.29999999999998,1995.0,2353.0,5023.0,31.72,45.2,61.2,2355.56,33751.65,10889.0,21557.67,9.8,2013.98,,0.29,0.43,790.8,12911422.0,6521592.0,12113170.0,4511.0,2513.0,4740.0,2247.06,5111.47,-5.5,1128.82,939.42,144.17,7761.3,0.224,,,252.0,92.0,,,65.0,6.0,92.0,77.17391304347827,2579.3650793650795,652.1739130434783,2113.0,,753451.0,3.565787979176526,,104.54806341164132,468.410551984039,448.0,12864.9,7543.0,11.95,,171020040.0,2809.03,4684.15,5451.0,2674.0,10.8,,364.0,,493.3,147394.0,assessed,,,,,,0.4673046094167475,5109.0,,,1674.0,577.0,179.0,577.0,592.0,,,,,,main,,,,,327.137912162962,1.3749807011058326,151.40163013082395,1.129503481589038,3.5,,,
2018,Jiangxi,江西,binding,22.9,8.6,23.0,6.5,,,0.0,0.0,0.0,0.0,22716.5,50347.0,4513.0,1877.3,10081.2,10758.0,9045.7,0.4437831532146237,0.4735764752492681,627.0,2165.0,225.0,536.0,41.0,52.0,1940.0,1064.0,1429.0,2185.0,2185.0,116.0,52.0,1093.0,1301.0,41.0,931476.0,627.0,536.0,2165.0,3554.0,225.0,6.91,120.0,205.0,402.0,62.0,1429.0,1760.0,51994.0,1831.0,1064.0,5269.0,4126.0,1940.0,,,,7.2,,25.1,326.96,-0.1,未完成,完成,1.0,1428.77,,11.1,5667.52,2373.01,16.19,8264.2,17.7,18.2,-25.1,0.43,2677714.0,4513.0,48187584.0,2588.0,0.5734544648792378,1281.29,,120.92,1073.43,7877.77,,1428.77,,3.5,131.5,86.0,6.91,1163.0,1250.0,2185.0,-57.23,51994.0,48706.0,1760.0,191.0,401.0,402.0,16.0,205.0,62.0,120.0,356486.0,15426.0,103948.0,388814.0,2316326.0,144.4,1940.0,1831.0,5269.0,24.94,45.9,61.2,2157.8,32077.4,11630.0,24085.5,11.1,2174.93,18.2,0.26,0.43,,14144254.0,7222387.0,14227746.0,4513.0,2588.0,4818.0,2373.01,5667.52,,1281.29,1073.43,120.92,7877.77,0.224,,,300.0,148.0,33.136094674556205,19.37639198218264,72.0,14.0,148.0,58.108108108108105,2400.0,945.945945945946,2314.0,10.432766615146827,1493639.0,6.454792566983578,12.397826904427344,101.8642836704598,512.7409705295812,,5104.2,44138.0,36.33,,15690267.0,1857.65,4831.46,,1587.0,20.26,16.07,,-5.6,758.8,341327.0,assessed,,,,,,0.4437831532146237,2185.0,,,1479.0,567.0,223.0,565.0,933.0,,,,,,main,,,,,327.137912162962,1.3749807011058326,151.40163013082395,1.129503481589038,3.5,,,
2019,Jiangxi,江西,binding,25.5,8.7,25.5,7.0,,,0.0,0.0,0.0,0.0,24667.3,54640.0,4516.0,2057.7,10820.3,11789.3,9849.3,0.4386495481872762,0.4779323233592651,661.0,2205.0,286.0,630.0,51.0,56.0,2028.0,1004.0,1536.0,2368.0,2368.0,168.0,56.0,1128.0,1403.0,51.0,1271506.0,661.0,630.0,2205.0,3782.0,286.0,6.37,99.0,0.3,195.0,61.0,1536.0,1798.0,54354.0,2420.0,1004.0,5153.0,4112.0,2028.0,,,,7.7,,28.1,392.0,0.0,完成,完成,1.0,1536.0,,9.2,6386.8,2487.39,20.91,8774.2,8.9,10.9,8.5,0.49,3202151.0,4516.0,50889783.0,2668.0,0.5907883082373782,1375.9,,167.74,1100.96,7995.94,,1536.0,,3.5,143.0,86.0,6.37,1262.0,1348.0,2368.0,8.38,54354.0,51140.0,1798.0,157.0,424.0,195.0,35.0,0.3,61.0,99.0,623912.0,,41915.0,567969.0,1007575.0,152.2,2028.0,2420.0,5153.0,22.71,45.5,,2262.8,,13022.0,26082.25,9.2,2239.11,10.9,0.28,0.49,,13446130.0,7862457.0,15177361.0,4516.0,2668.0,4226.0,2487.39,6386.8,,1375.9,1100.96,167.74,7995.94,0.224,,,376.0,169.0,27.111111111111107,17.537313432835823,87.0,16.0,169.0,60.946745562130175,2313.8297872340427,946.7455621301776,2402.0,7.487753673897823,1718584.0,7.154804329725229,8.587590517905475,97.37587818691142,531.8866253321523,,2319.8,6810.0,11.29,,5520088.0,850.49,3951.6,108.0,1272.0,15.14,0.12,,27.3,416.4,48765.0,assessed,,,,,,0.4386495481872762,2368.0,,,1861.0,725.0,280.0,640.0,782.0,,,,,,main,,,,,327.137912162962,1.3749807011058326,151.40163013082395,1.129503481589038,3.5,,,
2020,Jiangxi,江西,binding,25.2,10.6,22.0,9.0,,,0.0,0.0,0.0,0.0,25782.0,57065.0,4519.0,2243.8,11107.9,12430.2,9931.7,0.4308393452796524,0.4821270653944612,660.0,2455.0,510.0,776.0,71.0,62.0,2104.0,917.0,1627.0,359.0,359.0,145.0,62.0,1199.0,1477.0,71.0,1772524.0,660.0,776.0,2455.0,4401.0,510.0,4.2,144.0,256.0,620.0,208.0,1627.0,1901.0,60536.0,2094.0,917.0,5144.0,3969.0,2104.0,,,,9.9,,24.4,410.0,3.2,完成,完成,1.0,1627.0,,8.2,6674.08,2507.54,21.06,8991.6,4.2,7.0,20.8,0.49,3460219.0,4519.0,58025836.0,2731.0,0.6043372427528214,1444.71,,144.89,1167.39,,,1627.0,,3.5,162.5,59.0,4.2,1345.0,1404.0,359.0,-84.84,60536.0,59448.0,1901.0,312.0,478.0,620.0,12.0,256.0,208.0,144.0,846056.0,,101792.0,829430.0,2617457.0,150.45,2104.0,2094.0,5144.0,10.25,46.4,,2591.34,,14341.0,28165.76,8.2,2378.08,7.0,0.31,0.49,,13081839.0,7562782.0,15909375.0,4519.0,2731.0,4426.0,2507.54,6674.08,,1444.71,1167.39,144.89,,0.224,,,510.0,500.0,78.3216783216783,23.17460317460318,70.7,61.73,1445.0,,,,1627.0,5.924479166666674,359.0,,4.518938027266861,63.1060429757195,360.03540606328835,,5172.8,,8.78,,70414050.0,1716.94,6179.47,1338.0,2720.0,13.16,0.22,,18.8,522.1,35534.0,assessed,1.0,1.0,3.2,1.5999999999999996,22.0,0.4308393452796524,359.0,,,2388.0,586.0,273.0,579.0,1118.0,,,,,,main,,,,,327.137912162962,1.3749807011058326,151.40163013082395,1.129503481589038,3.5,652.0,135.0,634.0
2021,Jiangxi,江西,binding,29.3,13.1,26.5,12.0,,,0.0,0.0,0.1,0.0,29827.8,66020.0,4517.0,2334.1,13230.7,14263.0,11431.0,0.4435694218145489,0.4781780754866266,677.0,2711.0,547.0,911.0,104.0,80.0,2012.0,1007.0,1863.0,84971.0,84971.0,135.55,80.31,1243.82,1563.0,103.59,1819920.0,677.0,911.0,2711.0,4847.0,547.0,,,261.0,451.0,,1863.0,1996.0,65179.0,1907.0,1007.0,5170.0,3849.0,2012.0,99.9,100.0,,13.2,,29.3,546.0,2.8,完成,完成,1.0,1863.0,,10.8,6778.87,2812.23,21.11,10862.9,2.5,17.1,-5.1,0.52,3978466.0,4517.0,76970000.0,2776.0,0.6145671906132388,1563.27,,,,,,1863.0,,3.5,,,,,1608.0,84971.0,23568.92,65179.0,,,,,,,,,,,,,,,146.85,,,,8.75,46.9,,3270.22,,15813.0,31923.43,10.8,2528.83,17.1,0.32,0.52,,17681910.0,9942590.0,20068410.0,4517.0,2776.0,3790.0,2812.23,6778.87,,1563.27,,,,0.224,4.5,3.0,547.0,575.0,7.25490196078431,17.39690721649485,103.59,80.31,1563.0,11.765834932821498,1893.784277879342,1396.695652173913,1863.0,14.505224339274747,84971.0,0.4560976918947933,15.69234349546196,62.45851185806529,412.44188620765993,,12790.8,,8.55,,105240000.0,3498.19,7591.05,1423.0,3631.0,23.74,2.32,,3.7,444.8,165279.0,assessed,1.0,1.0,2.8000000000000007,1.0999999999999996,26.5,0.4435694218145489,84971.0,,,2741.0,131.0,80.0,114.0,2053.0,,,,,,main,,,,,327.137912162962,1.3749807011058326,151.40163013082395,1.129503481589038,3.5,876.0,471.0,869.0
2022,Jiangxi,江西,binding,31.0,15.0,28.5,13.3,2.5,1.6999999999999993,1.0,1.0,0.1,0.0,31213.8,69019.0,4528.0,2466.5,13483.0,15264.4,11765.8,0.4319563782685863,0.489027289211823,686.0,3026.0,555.0,1202.0,127.71,102.67,2320.0,1051.0,1983.0,829623.0,829623.0,162.04,102.67,1332.63,1725.0,127.71,1240026.0,686.0,1202.0,3026.0,5470.0,555.0,,,386.0,730.0,,1983.0,2055.0,67166.0,2350.0,1051.0,4833.0,3731.0,2320.0,99.9,100.0,13.25,,32.39,,615.0,2.5,完成,完成,1.0,1983.0,,8.6,7289.07,2948.33,21.07,10974.3,22.4,6.5,7.2,0.51,4396905.0,4528.0,95160000.0,2811.0,0.620803886925795,1725.05,,,,,,1983.0,,3.5,,,,,1715.0,829623.0,876.35,67166.0,,,,,,,,,,,,,,,147.20000000000002,,,,7.6,46.6,,2527.07,,17614.0,35429.91,8.6,2209.27,6.5,0.32,0.51,,20519260.0,12130010.0,24930000.0,4528.0,2811.0,3647.0,2948.33,7289.07,,,,,,0.224,2.0,1.3000000000000007,555.0,724.0,1.4625228519195677,31.94291986827662,127.71,102.67,1725.0,13.35536231884058,2301.0810810810813,1418.0939226519338,1983.0,6.441223832528187,829623.0,4.183676248108926,4.6466718966869935,63.5295926801607,437.9416961130742,,12759.9,,12.85,,27460000.0,3453.99,5876.5,483.0,2226.0,14.55,,,22.0,207.2,43484.0,assessed,1.0,1.0,2.5,1.6999999999999993,28.5,0.4319563782685863,829623.0,1464.0,8897167.0,1814.0,22.0,16.0,22.0,935.0,,,,,,main,,,,,327.137912162962,1.3749807011058326,151.40163013082395,1.129503481589038,3.5,1262.0,274.0,1234.0
2023,Jiangxi,江西,binding,32.7,18.0,26.4,14.5,6.300000000000004,3.5,1.0,1.0,0.0,0.0999999999999943,32200.1,71216.0,4515.0,2450.4,13706.5,16043.2,12223.1,0.4256663799180748,0.4982344775326785,679.0,2994.0,573.0,1993.0,125.34,154.71,2237.0,1044.0,2026.0,352876.0,352876.0,,,,,,1228452.0,679.0,1993.0,2994.0,6239.0,573.0,,,13.0,823.0,,2026.0,2173.0,68315.0,2315.0,1044.0,4643.0,3526.0,2237.0,100.0,99.9,,,,,,6.3,完成,完成,1.0,2026.0,,-5.9,7492.88,3059.59,20.96,11180.7,19.1,-21.1,7.7,0.53,4840718.0,4515.0,81080000.0,2850.0,0.6312292358803987,1852.6,,159.94,1412.62,,,2026.0,,3.5,,,,,1819.0,352876.0,-57.47,68315.0,,,,,,,,,,,,,,,145.79999999999998,,,,6.4,46.9,61.2,,,,,-5.9,1604.88,-21.1,0.32,0.53,,19931230.0,12031010.0,25900000.0,4515.0,2850.0,3430.0,3059.59,7492.88,,1852.6,1412.62,159.94,,0.224,-2.1000000000000014,1.1999999999999993,573.0,986.0,3.2432432432432323,65.80698835274544,125.34,154.71,1853.0,15.113329735563951,2187.434554973822,1569.0669371196757,2026.0,2.168431669188098,352876.0,1.741737413622902,3.1598203358770727,62.919059257579946,448.7264673311185,,13258.7,,6.13,,57540000.0,3437.6,7175.08,,2575.0,18.78,328.48,,1.9,236.7,56083.0,assessed,1.0,1.0,6.300000000000004,3.5,26.4,0.4256663799180748,352876.0,1464.0,13452589.0,1793.0,106.0,86.0,104.0,885.0,,,,,,main,,,,,327.137912162962,1.3749807011058326,151.40163013082395,1.129503481589038,3.5,2147.0,575.0,1869.0
2024,Jiangxi,江西,binding,35.0,20.7,32.7,18.0,2.299999999999997,2.7,1.0,1.0,0.5,1.0,34202.5,75862.0,4502.0,2605.1,13688.5,17908.8,12821.7,0.4002192822162123,0.5236108471602953,680.0,3161.0,657.0,2564.0,138.65,220.31,2338.0,974.0,2180.0,238457.0,,,,,,,,,,,,,,,,,,,,,,,,,,99.5,99.0,16.2,,27.4,,,2.3,完成,完成,1.0,2180.0,,4.8,7696.52,3066.56,,,,,,,,4502.0,66160000.0,,,1963.38,,188.82,1415.6,,,2180.0,,3.5,,,,,,,,,,,,,,,,,,,,,,,,,,,,,,,,,,4.8,1470.15,,,,,13987000.0,7417880.0,24610000.0,4502.0,,,3066.56,7696.52,,1963.38,1415.6,188.82,,0.224,6.300000000000004,3.5,657.0,1385.0,14.659685863874339,28.65027596588059,138.65,220.31,1963.0,18.286296484971984,2110.3500761035007,1590.6859205776173,2180.0,7.60118460019743,238457.0,1.0938394495412844,6.218614227906127,63.73803084569841,484.2292314526877,,,,,,1280660000.0,13533.27,17956.4,,,,126.69,,,,,assessed,1.0,1.0,2.299999999999997,2.7,32.7,0.4002192822162123,238457.0,1465.0,13146194.0,1282.0,100.0,21.0,44.0,820.0,,,32.7,,,main,,,,,327.137912162962,1.3749807011058326,151.40163013082395,1.129503481589038,3.5,1864.0,145.0,1534.0
2025,Jiangxi,,,,,,,,,,,,,,,,,,,,,,,,,,,,,,,,,,,,,,,,,,,,,,,,,,,,,,,,,,,,,,,,,,,,,,,,,,,,,,,,,,,,,,,,,,,,,,,,,,,,,,,,,,,,,,,,,,,,,,,,,,,,,,,,,,,,,,,,,,,,,,,,,,,,,,,,,,,,,,,,,,,,,,,,,,,,,,,,,,,,,,,,,,,,,,,,,,,,33.900000000000006,80.0,33.800000000000004,33.900000000000006,33.900000000000006,out_of_sample_extension,33.900000000000006,33.900000000000006,22.4,22.4,327.137912162962,1.3749807011058326,151.40163013082395,1.129503481589038,3.5,,,
2026,Jiangxi,,,,,,,,,,,,,,,,,,,,,,,,,,,,,,,,,,,,,,,,,,,,,,,,,,,,,,,,,,,,,,,,,,,,,,,,,,,,,,,,,,,,,,,,,,,,,,,,,,,,,,,,,,,,,,,,,,,,,,,,,,,,,,,,,,,,,,,,,,,,,,,,,,,,,,,,,,,,,,,,,,,,,,,,,,,,,,,,,,,,,,,,,,,,,,,,,,,,34.9,80.0,34.9,34.9,34.9,out_of_sample_extension,,34.9,,24.1,327.137912162962,1.3749807011058326,151.40163013082395,1.129503481589038,3.5,,,
2015,Jilin,,pre_rps,16.0,12.2,,,,,-1.0,-1.0,,,,,,,,,,,,,,,,,,,,,,,,,,,,,,,,,,,,,,,,,,,,,,,,,,,,,,,,,,,,,,,,,,,,,,,,,,,,,,,,,,,,,,,,,,,,,,,,,,,,,,,,,,,,,,,,,,,,,,,,,,,,,,,,,,,,,,,,,,,,,,,,,,,,,,,,,,,1194.0,4597.2,37115.0,112.06,145252.0,14681315.0,1642.35,3422.97,301.0,1966.0,14.1,43.08,563.0,,201.3,278738.0,,,,,,,,,,,,,,,,,,,,,main,,,,,89.02434843160124,1.3785431431229636,1530.7335589540137,0.7555815363827388,6.5,,,
2016,Jilin,,pre_rps,20.7,13.7,,,,,-1.0,-1.0,,,,,,,,,,,,,,,,,,,,,,,,,,,,,,,,,,,,,,,,,,,,,,,,,,,,,,,,,,,,,,,,,,,,,,,,,,,,,,,,,,,,,,,,,,,,,,,,,,,,,,,,,,,,,,,,,,,,,,,,,,,,,,,,,,,,,,,,,,,,,,,,,,,,,,,,,,,745.29,7226.9,19671.0,25.02,166565.0,29947223.0,1833.99,4389.37,791.0,2185.0,17.25,411.91,433.96,,238.8,194913.0,,,,,,,,2045047.0,1302.0,195613159.0,992.0,164.0,83.0,164.0,324.0,,,,,,main,,,,,89.02434843160124,1.3785431431229636,1530.7335589540137,0.7555815363827388,6.5,,,
2017,Jilin,吉林,pre-rps,22.2,16.4,,,,,,,,,10922.0,42890.0,2526.0,1095.4,3995.5,5831.2,3992.3,0.3658212781541842,0.5338948910455961,380.0,1820.0,505.0,159.0,87.0,13.0,1721.0,1251.0,703.0,2192939.0,2192939.0,77.0,13.0,606.0,783.0,87.0,806185.0,380.0,159.0,1820.0,2864.0,505.0,7.49,115.0,,125.0,5.0,703.0,1376.0,35427.0,2021.0,1251.0,3406.0,2841.0,1721.0,,,,,,,156.0,,,,,702.98,683.29,0.2,3725.72,1210.91,10.39,3235.2,,,,0.5,749958.0,2526.0,18542971.0,1508.0,0.5969912905779889,800.33,134.0,67.09,642.85,9354.54,467.24,702.98,683.29,6.5,,45.0,7.49,556.0,601.0,2192939.0,7.23,35427.0,28475.0,1376.0,318.0,370.0,125.0,5.0,,5.0,115.0,310200.0,180169.0,91781.0,320180.0,1203490.0,151.85,1721.0,2021.0,3406.0,12.27,35.8,41.5,1028.03,20405.79,5971.0,19288.77,0.2,910.14,,0.22,0.5,557.75,10013001.0,1291685.0,14535178.0,2526.0,1508.0,2284.0,1210.91,3725.72,-5.0,800.33,642.85,67.09,9354.54,0.3,,,711.0,223.0,,,150.0,12.0,223.0,72.6457399103139,2109.7046413502107,538.1165919282511,2135.0,,3061134.0,14.337864168618268,,195.47701886101447,845.2098178939034,687.0,35344.0,17172.0,18.73,,1006678374.0,11320.35,15037.48,19311.0,8589.0,21.96,89.23,593.0,,391.1,420272.0,assessed,,,,,,0.3658212781541842,2192939.0,1301.0,199012838.0,880.0,100.0,2.0,100.0,180.0,,,,,,main,,,,,89.02434843160124,1.3785431431229636,1530.7335589540137,0.7555815363827388,6.5,,,
2018,Jilin,吉林,binding,24.9,17.0,20.0,15.0,,,0.0,0.0,6.9,1.2,11253.8,44925.0,2484.0,1160.7,4051.5,6041.6,4073.8,0.3600117293714123,0.536849775187048,385.0,1892.0,514.0,265.0,105.0,24.0,2057.0,1332.0,751.0,2800281.0,2800281.0,79.0,24.0,664.0,871.0,105.0,318308.0,385.0,265.0,1892.0,3055.0,514.0,7.39,129.0,51.0,189.0,9.0,751.0,1408.0,38615.0,2036.0,1332.0,3590.0,3004.0,2057.0,93.1,,,16.5,,22.0,186.53,4.9,完成,完成,1.0,750.57,,1.6,3789.59,1240.89,10.54,3287.2,-9.2,-3.8,0.4,0.5,575015.0,2484.0,20679164.0,1512.0,0.6086956521739131,838.24,,63.32,676.94,8553.18,,750.57,,6.5,34.5,48.0,7.39,601.0,648.0,2800281.0,27.7,38615.0,31249.0,1408.0,319.0,409.0,189.0,,51.0,9.0,129.0,452644.0,271774.0,78037.0,470554.0,1614777.0,146.3,2057.0,2036.0,3590.0,8.96,37.6,41.5,817.0,13637.5,5963.0,17968.0,1.6,1175.88,-3.8,0.22,0.5,,10373833.0,1430131.0,15954817.0,2484.0,1512.0,1831.0,1240.89,3789.59,,838.24,676.94,63.32,8553.18,0.3,,,761.0,302.0,1.7821782178217838,66.66666666666667,165.0,32.0,302.0,65.23178807947019,2168.1997371879106,1059.6026490066224,2302.0,6.827880512091045,3028327.0,13.155199826238054,3.037905145577735,204.5531287209654,926.731078904992,,21621.2,14180.0,8.69,,432360099.0,6598.21,8629.53,,4392.0,12.07,,,-24.5,305.1,353080.0,assessed,,,,,,0.3600117293714123,2800281.0,1395.0,206029785.0,3285.0,24.0,7.0,24.0,744.0,,,,,,main,,,,,89.02434843160124,1.3785431431229636,1530.7335589540137,0.7555815363827388,6.5,,,
2019,Jilin,吉林,binding,25.0,18.8,21.5,15.5,,,0.0,0.0,2.5,0.0,11726.8,47554.0,2448.0,1287.3,4134.8,6304.7,4201.6,0.3525940580550534,0.537631749496879,445.0,1845.0,557.0,274.0,115.0,40.0,2216.0,1504.0,780.0,3068250.0,3068250.0,67.0,40.0,705.0,926.0,115.0,289944.0,445.0,274.0,1845.0,3122.0,557.0,7.21,9.0,,111.0,41.0,780.0,1420.0,39685.0,1654.0,1504.0,3767.0,3065.0,2216.0,97.0,,,17.1,,23.7,196.0,3.5,完成,完成,1.0,780.0,,-16.2,3933.42,1116.95,10.67,3347.8,-2.8,-38.2,-41.4,0.5,684086.0,2448.0,18904123.0,1509.0,0.616421568627451,946.38,,66.76,725.24,8730.65,,780.0,,6.5,39.0,48.0,7.21,619.0,667.0,3068250.0,9.57,39685.0,32450.0,1420.0,314.0,420.0,111.0,60.0,,41.0,9.0,364284.0,236728.0,3225.0,361007.0,1546291.0,143.65,2216.0,1654.0,3767.0,9.84,39.2,,743.99,,3042.0,16801.22,-16.2,1315.52,-38.2,0.22,0.5,,8717404.0,1144996.0,13965216.0,2448.0,1509.0,1885.0,1116.95,3933.42,,946.38,725.24,66.76,8730.65,0.3,,,832.0,343.0,8.365758754863805,3.396226415094339,183.0,42.0,343.0,65.59766763848397,2199.519230769231,1224.4897959183672,2401.0,3.8615179760319585,3029323.0,12.61692211578509,4.203024756082385,204.74468738274723,980.8006535947712,,11310.4,28738.0,28.69,,58043282.0,3738.99,8309.04,1841.0,4377.0,19.7,5.84,,3.3,240.7,373871.0,assessed,,,,,,0.3525940580550534,3068250.0,1333.0,205931033.0,397.0,114.0,95.0,112.0,105.0,,,,,,main,,,,,89.02434843160124,1.3785431431229636,1530.7335589540137,0.7555815363827388,6.5,,,
2020,Jilin,吉林,binding,30.3,21.3,24.0,18.5,,,0.0,0.0,2.0,1.2,12256.0,50561.0,2399.0,1553.0,4319.9,6383.1,3805.7,0.3524722584856397,0.5208142950391645,510.0,1852.0,577.0,338.0,130.0,45.0,2309.0,1531.0,805.0,3539405.0,3539405.0,94.0,45.0,721.0,990.0,130.0,210664.0,510.0,338.0,1852.0,3278.0,577.0,7.2,59.0,4.0,170.0,39.0,805.0,1437.0,41451.0,1900.0,1531.0,3909.0,3137.0,2309.0,,,,20.4,,26.6,244.0,6.3,完成,完成,1.0,805.0,,8.3,4127.17,1085.02,10.78,3501.2,4.3,4.7,33.3,0.5,776448.0,2399.0,18526325.0,1503.0,0.6265110462692789,1018.83,,93.84,750.21,,,805.0,,6.5,42.5,50.0,7.2,641.0,691.0,3539405.0,15.36,41451.0,35166.0,1437.0,322.0,425.0,170.0,69.0,4.0,39.0,59.0,606321.0,201500.0,35724.0,590975.0,2521371.0,150.75,2309.0,1900.0,3909.0,6.84,40.4,,573.99,,3043.0,17292.03,8.3,1460.78,4.7,0.22,0.5,,9211958.0,1050965.0,14927052.0,2399.0,1503.0,1876.0,1085.02,4127.17,,1018.83,750.21,93.84,,0.3,,,577.0,285.0,3.590664272890476,23.357664233576635,129.56,45.22,1019.0,,,,805.0,3.205128205128216,3539405.0,,4.51274004843607,65.68211488250653,335.55648186744475,,158.6,,0.57,,310532.0,220.99,2210.92,50.0,131.0,11.82,0.0,,20.3,885.8,2094.0,assessed,1.0,1.0,6.300000000000001,2.8000000000000007,24.0,0.3524722584856397,3539405.0,1336.0,38893998.0,452.0,382.0,284.0,372.0,201.0,,,,,,main,,,,,89.02434843160124,1.3785431431229636,1530.7335589540137,0.7555815363827388,6.5,573.0,105.0,511.0
2021,Jilin,吉林,binding,29.9,21.0,28.0,21.0,,,0.0,0.0,2.9,1.1,13163.8,55148.0,2375.0,1553.8,4768.3,6841.7,4183.9,0.3622282319694921,0.519735942509002,619.0,1855.0,665.0,346.0,138.0,52.0,2298.0,1602.0,843.0,3095740.0,3095740.0,104.86,52.26,730.69,1026.0,137.94,462390.0,619.0,346.0,1855.0,3485.0,665.0,,,15.0,262.0,,843.0,1449.0,42680.0,1748.0,1602.0,3745.0,2963.0,2298.0,97.1,98.9,,23.1,,30.9,252.0,1.9,完成,完成,1.0,843.0,,11.0,3696.84,1143.98,10.87,3839.5,3.4,4.2,32.8,0.52,858433.0,2375.0,23240000.0,1505.0,0.6336842105263157,1025.75,,,,,,843.0,,6.5,,,,,728.0,3095740.0,-12.54,42680.0,,,,,,,,,,,,,,,148.9,,,,6.23,41.1,,1078.82,,3228.0,19119.59,11.0,1540.92,4.2,0.22,0.52,,10908660.0,1375450.0,18537020.0,2375.0,1505.0,1939.0,1143.98,3696.84,,1025.75,,,,0.3,4.0,2.5,665.0,290.0,15.25129982668978,2.3668639053254337,137.94,52.26,1026.0,18.53801169590643,2074.285714285714,1802.0689655172407,843.0,4.720496894409942,3095740.0,36.72289442467378,7.406984334203659,64.0392591804798,354.94736842105266,,13959.0,,8.49,,85010000.0,3250.69,8325.5,918.0,3954.0,24.19,0.03,,-3.9,486.0,105596.0,assessed,1.0,1.0,1.8999999999999984,0.0,28.0,0.3622282319694921,3095740.0,1314.0,216670502.0,186.0,660.0,378.0,654.0,171.0,,,,,,main,,,,,89.02434843160124,1.3785431431229636,1530.7335589540137,0.7555815363827388,6.5,662.0,142.0,542.0
2022,Jilin,吉林,binding,34.5,25.6,30.2,22.3,4.300000000000001,3.3000000000000007,1.0,1.0,4.8,1.8,12818.1,54279.0,2348.0,1689.1,4370.2,6758.7,3765.1,0.3409397648637473,0.5272778336883001,646.0,1855.0,1143.0,387.0,201.01,59.09,2312.0,1657.0,852.0,3262316.0,3262316.0,118.0,59.09,678.79,1057.0,201.01,541793.0,646.0,387.0,1855.0,4030.0,1143.0,,,3.0,559.0,,852.0,1451.0,43297.0,1743.0,1657.0,3442.0,2738.0,2312.0,95.2,98.2,22.25,,29.29,,294.0,4.3,完成,完成,1.0,852.0,,-2.4,4044.01,851.0,10.98,3528.8,18.8,5.2,35.8,0.52,926041.0,2348.0,23390000.0,1496.0,0.637137989778535,1056.89,,,,,,852.0,,6.5,,,,,730.0,3262316.0,5.38,43297.0,,,,,,,,,,,,,,,142.25,,,,5.51,42.7,,827.64,,3216.0,19992.29,-2.4,1014.84,5.2,0.22,0.52,,9328700.0,1605590.0,15100000.0,2348.0,1496.0,2097.0,851.0,4044.01,,,,,,0.3,2.2,1.3000000000000007,1141.0,321.0,71.8796992481203,11.849710982658967,201.01,59.09,1057.0,24.6073793755913,1761.7002629272567,1840.809968847352,852.0,1.067615658362997,3262316.0,38.290093896713614,-2.6261413877451734,66.46850937346409,362.8620102214651,,47688.4,,7.48,,814310000.0,9258.88,14901.37,20021.0,6337.0,15.8,,,9.1,718.9,73382.0,assessed,1.0,1.0,4.300000000000001,3.3000000000000007,30.2,0.3409397648637473,3262316.0,1314.0,204127602.0,1232.0,744.0,167.0,731.0,366.0,,,,,,main,,,,,89.02434843160124,1.3785431431229636,1530.7335589540137,0.7555815363827388,6.5,961.0,80.0,735.0
2023,Jilin,吉林,binding,38.5,31.4,31.3,23.5,7.199999999999999,7.899999999999999,1.0,1.0,4.0,2.9000000000000057,13531.2,57739.0,2339.0,1644.8,4585.0,7301.4,4089.9,0.3388465176776634,0.539597374955658,648.0,1890.0,1268.0,460.0,281.43,62.15,2364.0,1569.0,928.0,4010727.0,4010727.0,,,,,,533367.0,648.0,460.0,1890.0,4266.0,1268.0,,,39.0,246.0,,928.0,1480.0,43309.0,1418.0,1569.0,3617.0,2735.0,2364.0,96.0,97.1,,,,,,7.2,完成,完成,1.0,928.0,,0.3,4406.85,1074.84,11.05,3705.0,4.0,3.9,7.9,0.52,1036767.0,2339.0,23800000.0,1514.0,0.6472851646002565,1158.73,,98.46,716.69,,,928.0,,6.5,,,,,788.0,4010727.0,22.94,43309.0,,,,,,,,,,,,,,,151.3,,,,5.5,42.8,41.5,,,,,0.3,823.04,3.9,0.23,0.52,,8735750.0,1614420.0,14810000.0,2339.0,1514.0,2113.0,1074.84,4406.85,,1158.73,716.69,98.46,,0.3,1.1000000000000014,1.1999999999999993,1266.0,366.0,10.936132983377078,18.86304909560723,281.43,62.15,1159.0,29.64452113891285,2222.985781990521,1698.0874316939892,928.0,8.920187793427225,4010727.0,43.21904094827586,5.56322699932128,68.58223956485752,396.7507481829842,,5359.0,,0.63,,113890000.0,2027.51,3280.42,,1166.0,1.52,41.67,,14.3,239.8,141383.0,assessed,1.0,1.0,7.199999999999999,7.899999999999999,31.3,0.3388465176776634,4010727.0,1558.0,211589173.0,584.0,391.0,191.0,332.0,705.0,,,,,,main,,,,,89.02434843160124,1.3785431431229636,1530.7335589540137,0.7555815363827388,6.5,806.0,134.0,523.0
2024,Jilin,吉林,binding,39.8,31.6,38.5,30.0,1.2999999999999972,1.6000000000000014,1.0,1.0,6.400000000000006,2.5,14361.2,61689.0,2317.0,1589.8,4577.6,8193.8,4232.1,0.3187477369579143,0.5705512074199927,649.0,1891.0,1573.0,583.0,306.56,71.74,2160.0,1469.0,950.0,4002697.0,,,,,,,,,,,,,,,,,,,,,,,,,,93.6,97.5,25.2,,32.3,,,1.3,完成,完成,1.0,950.0,,0.7,4672.93,1191.39,,,,,,,,2317.0,24790000.0,,,1179.62,,124.78,676.54,,,950.0,,6.5,,,,,,,,,,,,,,,,,,,,,,,,,,,,,,,,,,0.7,640.53,,,,,9779900.0,1693590.0,14980000.0,2317.0,,,1191.39,4672.93,,1179.62,676.54,124.78,,0.3,7.199999999999999,6.5,1571.0,407.0,24.053627760252372,26.7391304347826,306.56,71.74,1180.0,32.059322033898304,1951.368555060471,1762.6535626535626,950.0,2.37068965517242,4002697.0,42.13365263157895,6.133971857632736,66.15046096426482,410.0129477772982,,,,,,34970000.0,2193.23,6863.09,,,,0.2,,,,,assessed,1.0,1.0,1.2999999999999972,1.6000000000000014,38.5,0.3187477369579143,4002697.0,1558.0,211007968.0,1087.0,438.0,42.0,353.0,318.0,,,38.5,,,main,,,,,89.02434843160124,1.3785431431229636,1530.7335589540137,0.7555815363827388,6.5,1226.0,126.0,663.0
2025,Jilin,,,,,,,,,,,,,,,,,,,,,,,,,,,,,,,,,,,,,,,,,,,,,,,,,,,,,,,,,,,,,,,,,,,,,,,,,,,,,,,,,,,,,,,,,,,,,,,,,,,,,,,,,,,,,,,,,,,,,,,,,,,,,,,,,,,,,,,,,,,,,,,,,,,,,,,,,,,,,,,,,,,,,,,,,,,,,,,,,,,,,,,,,,,,,,,,,,,,39.0,80.0,39.6,39.0,39.0,out_of_sample_extension,39.0,39.0,30.0,30.0,89.02434843160124,1.3785431431229636,1530.7335589540137,0.7555815363827388,6.5,,,
2026,Jilin,,,,,,,,,,,,,,,,,,,,,,,,,,,,,,,,,,,,,,,,,,,,,,,,,,,,,,,,,,,,,,,,,,,,,,,,,,,,,,,,,,,,,,,,,,,,,,,,,,,,,,,,,,,,,,,,,,,,,,,,,,,,,,,,,,,,,,,,,,,,,,,,,,,,,,,,,,,,,,,,,,,,,,,,,,,,,,,,,,,,,,,,,,,,,,,,,,,,40.0,80.0,40.0,40.0,40.0,out_of_sample_extension,,40.0,,30.0,89.02434843160124,1.3785431431229636,1530.7335589540137,0.7555815363827388,6.5,,,
2015,Liaoning,,pre_rps,9.9,7.7,,,,,-1.0,-1.0,,,,,,,,,,,,,,,,,,,,,,,,,,,,,,,,,,,,,,,,,,,,,,,,,,,,,,,,,,,,,,,,,,,,,,,,,,,,,,,,,,,,,,,,,,,,,,,,,,,,,,,,,,,,,,,,,,,,,,,,,,,,,,,,,,,,,,,,,,,,,,,,,,,,,,,,,,,1021.0,7103.3,18374.0,73.5,168122.0,30498504.0,2059.95,4376.06,754.0,2105.0,17.01,415.92,315.0,,241.0,279915.0,,,,,,,,,,,,,,,,,,,,,main,,,,,87.51047547760956,1.3673630833047037,2301.8492411784,0.6847275534946468,5.0,,,
2016,Liaoning,,pre_rps,12.7,8.6,,,,,-1.0,-1.0,,,,,,,,,,,,,,,,,,,,,,,,,,,,,,,,,,,,,,,,,,,,,,,,,,,,,,,,,,,,,,,,,,,,,,,,,,,,,,,,,,,,,,,,,,,,,,,,,,,,,,,,,,,,,,,,,,,,,,,,,,,,,,,,,,,,,,,,,,,,,,,,,,,,,,,,,,,686.23,32677.9,16135.0,25.56,938261.0,955298007.0,10390.35,13446.09,16742.0,8353.0,21.81,79.25,479.95,,398.2,264812.0,,,,,,,,2877285.0,2076.0,330295565.0,1601.0,341.0,100.0,318.0,1097.0,,,,,,main,,,,,87.51047547760956,1.3673630833047037,2301.8492411784,0.6847275534946468,5.0,,,
2017,Liaoning,辽宁,pre-rps,12.2,9.2,,,,,,,,,21693.0,50221.0,4312.0,1902.3,8328.9,11461.8,8696.4,0.3839441294426773,0.5283639883833494,295.0,3193.0,711.0,223.0,150.0,12.0,2142.0,1072.0,2135.0,3061134.0,3061134.0,45.0,12.0,1349.0,1791.0,150.0,1051803.0,295.0,223.0,3193.0,4869.0,711.0,6.07,43.0,46.0,110.0,20.0,2135.0,2713.0,60811.0,1539.0,1072.0,4251.0,3807.0,2142.0,,,,,,,260.0,,,,,2135.5,768.57,0.1,4879.42,2392.77,12.27,7039.0,,,,0.59,2749477.0,4312.0,99595084.0,2996.0,0.6948051948051948,1829.27,187.0,34.53,1408.9,17587.17,494.67,2135.5,768.57,5.0,,111.0,6.07,1712.0,1822.0,3061134.0,6.39,60811.0,45955.0,2713.0,935.0,433.0,110.0,,46.0,20.0,43.0,1151852.0,65000.0,366517.0,1489875.0,2791288.0,154.4,2142.0,1539.0,4251.0,34.9,40.7,39.2,1063.25,23476.4,6626.0,36324.65,0.1,2289.67,,0.41,0.59,1000.1,42507812.0,18478602.0,63107145.0,4312.0,2996.0,1770.0,2392.77,4879.42,,1829.27,1408.9,34.53,17587.17,0.251,,,2670.0,743.0,,,551.0,113.0,743.0,89.36742934051144,2063.6704119850187,1520.8613728129203,2892.0,,15461860.0,53.46424619640388,,133.3148942055041,670.6864564007421,416.0,20038.7,14262.0,11.18,,377907471.0,5804.38,7530.32,14112.0,4252.0,12.01,6.14,403.0,,319.2,369011.0,assessed,,,,,,0.3839441294426773,3061134.0,2142.0,344669349.0,1336.0,512.0,198.0,463.0,671.0,,,,,,main,,,,,87.51047547760956,1.3673630833047037,2301.8492411784,0.6847275534946468,5.0,,,
2018,Liaoning,辽宁,binding,14.2,11.7,12.0,10.0,,,0.0,0.0,1.0,0.0,23510.5,54657.0,4291.0,2020.6,9049.0,12441.0,9112.8,0.384891856829927,0.5291678186342272,299.0,3383.0,761.0,302.0,165.0,32.0,2265.0,1235.0,2302.0,3028327.0,3028327.0,46.0,32.0,1381.0,1926.0,165.0,1353444.0,299.0,302.0,3383.0,5192.0,761.0,6.01,37.0,105.0,193.0,50.0,2302.0,2756.0,63001.0,1539.0,1235.0,4199.0,3859.0,2265.0,,,,11.0,,13.2,326.37,2.2,完成,完成,1.0,2302.38,,3.7,5337.72,2616.08,12.3,7728.7,-13.6,20.3,-7.9,0.65,3006014.0,4291.0,114601136.0,3015.0,0.7026334187835004,1982.69,,33.57,1453.8,17904.4,,2302.38,,5.0,45.0,118.0,6.01,1853.0,1972.0,3028327.0,-1.07,63001.0,46050.0,2756.0,958.0,461.0,193.0,,105.0,50.0,37.0,1197817.0,71500.0,281774.0,1584477.0,3809881.0,156.35000000000002,2265.0,1539.0,4199.0,32.12,39.9,39.2,1460.3,26489.9,6621.0,35637.8,3.7,2599.27,20.3,0.42,0.65,,49714244.0,20574337.0,76085821.0,4291.0,3015.0,1782.0,2616.08,5337.72,,1982.69,1453.8,33.57,17904.4,0.251,,,2868.0,946.0,7.032348804500699,35.42600896860986,632.0,130.0,946.0,80.54968287526427,2203.626220362622,1374.2071881606764,3353.0,7.8220140515222525,18055375.0,53.848419325976735,8.378278707417142,142.6171285170456,781.4029363784665,,10930.3,29594.0,34.32,,53900873.0,3513.86,7726.21,,4257.0,19.33,6.15,,13.2,242.0,987539.0,assessed,,,,,,0.384891856829927,3028327.0,2502.0,361065890.0,2803.0,541.0,119.0,520.0,860.0,,,,,,main,,,,,87.51047547760956,1.3673630833047037,2301.8492411784,0.6847275534946468,5.0,,,
2019,Liaoning,辽宁,binding,15.4,12.5,12.0,10.0,,,0.0,0.0,0.4,0.0,24855.3,58019.0,4277.0,2178.0,9475.9,13201.4,9572.9,0.3812426323560769,0.5311301814904669,302.0,3446.0,832.0,343.0,183.0,42.0,2300.0,1396.0,2401.0,3029323.0,3029323.0,44.0,42.0,1395.0,1992.0,183.0,1236800.0,302.0,343.0,3446.0,5370.0,832.0,5.67,34.0,2.0,113.0,78.0,2401.0,2793.0,64163.0,1439.0,1396.0,4070.0,3804.0,2300.0,,,,11.0,,13.2,371.0,3.4,完成,完成,1.0,2401.0,,0.3,5745.09,2652.4,12.48,8052.2,-11.8,-7.3,8.2,0.65,3102482.0,4277.0,105320038.0,3046.0,0.7121814355856909,2072.94,,43.58,1476.74,18710.78,,2401.0,,5.0,53.5,116.0,5.67,1934.0,2050.0,3029323.0,0.03,64163.0,46850.0,2793.0,971.0,499.0,113.0,,2.0,78.0,34.0,1184202.0,60000.0,177969.0,1511063.0,4229908.0,147.95,2300.0,1439.0,4070.0,26.31,40.8,,1354.04,,7610.0,41229.16,0.3,2833.95,-7.3,0.42,0.65,,43758090.0,20027471.0,78033269.0,4277.0,3046.0,1807.0,2652.4,5745.09,,2072.94,1476.74,43.58,18710.78,0.251,,,2920.0,1051.0,9.329829172141913,13.576158940397342,666.0,163.0,1051.0,78.87725975261655,2280.821917808219,1550.9039010466222,3653.0,4.300608166811459,20817990.0,56.98874897344648,5.719997447948777,146.97066621605856,854.1033434650456,,131.7,,0.34,,702863.0,221.99,2187.75,48.0,125.0,10.4,,,1.3,920.9,,assessed,,,,,,0.3812426323560769,3029323.0,2612.0,419355898.0,1437.0,624.0,218.0,568.0,525.0,,,,,,main,,,,,87.51047547760956,1.3673630833047037,2301.8492411784,0.6847275534946468,5.0,,,
2020,Liaoning,辽宁,binding,17.2,13.6,15.0,12.5,,,0.0,0.0,1.0,0.0,25011.4,58629.0,4255.0,2284.8,9357.5,13369.1,8785.9,0.3741293969949703,0.5345202587620045,305.0,3643.0,981.0,400.0,194.0,51.0,2244.0,1453.0,2423.0,2455168.0,2455168.0,57.0,51.0,1410.0,2039.0,194.0,1112644.0,305.0,400.0,3643.0,5776.0,981.0,5.01,56.0,98.0,302.0,147.0,2423.0,2805.0,66842.0,1844.0,1453.0,3951.0,3710.0,2244.0,,,,13.8,,16.6,418.0,2.2,完成,完成,1.0,2423.0,,2.6,6014.17,2655.75,13.09,7906.0,6.0,-7.0,-2.6,0.66,3353222.0,4255.0,94828320.0,3070.0,0.7215041128084606,2135.26,,56.55,1506.84,,,2423.0,,5.0,65.0,102.0,5.01,1942.0,2045.0,2455168.0,-18.95,66842.0,48280.0,2805.0,951.0,560.0,302.0,0.1,98.0,147.0,56.0,1632208.0,115000.0,126962.0,1921192.0,6069896.0,150.35000000000002,2244.0,1844.0,3951.0,20.64,41.7,,1341.22,,7755.0,42923.57,2.6,2978.86,-7.0,0.43,0.66,,36584898.0,15780338.0,72272106.0,4255.0,3070.0,1805.0,2655.75,6014.17,,2135.26,1506.84,56.55,,0.251,,,979.0,313.0,17.908653846153854,16.618075801749278,193.86,50.99,2135.0,,,,2423.0,0.9162848812994673,2455168.0,,0.6280350669676249,96.87582462397148,569.4477085781433,,12401.4,,10.24,,70684462.0,3008.66,8403.13,835.0,3905.0,24.11,0.03,,44.0,459.3,33508.0,assessed,1.0,1.0,2.2,1.0999999999999996,15.0,0.3741293969949703,2455168.0,2766.0,473048532.0,1979.0,729.0,274.0,606.0,692.0,,,,,,main,,,,,87.51047547760956,1.3673630833047037,2301.8492411784,0.6847275534946468,5.0,1018.0,104.0,982.0
2021,Liaoning,辽宁,binding,19.1,14.0,15.5,13.5,,,0.0,0.0,2.0,0.4,27569.5,64992.0,4229.0,2461.9,10883.3,14224.2,9492.8,0.3947587007381345,0.5159397159904968,305.0,3737.0,1087.0,478.0,227.0,55.0,2292.0,1394.0,2576.0,2230978.0,2230978.0,78.42,55.09,1496.78,2258.0,227.22,1154246.0,305.0,478.0,3737.0,6164.0,1087.0,,,109.0,377.0,,2576.0,2854.0,68023.0,2554.0,1394.0,3787.0,3701.0,2292.0,98.0,99.6,,14.9,,17.1,492.0,3.6,完成,完成,1.0,2576.0,,2.6,5879.21,2765.59,13.16,9386.5,9.8,-3.7,25.4,0.67,3672792.0,4229.0,119220000.0,3079.0,0.7280681012059589,2257.58,,,,,,2576.0,,5.0,,,,,2212.0,2230978.0,-9.13,68023.0,,,,,,,,,,,,,,,150.39999999999998,,,,16.33,41.8,,1841.96,,8499.0,45261.05,2.6,2900.72,-3.7,0.42,0.67,,45274000.0,20457180.0,92274876.0,4229.0,3079.0,1833.0,2765.59,5879.21,,2257.58,,,,0.251,0.5,1.0,1081.0,354.0,10.805300713557585,19.500000000000007,227.22,55.09,2258.0,12.50265721877768,2101.9426456984274,1556.214689265537,2576.0,6.314486174164258,2230978.0,8.660628881987579,10.227736152314538,93.43658753332488,609.1274532986522,,45730.7,,8.86,,798910000.0,10015.16,14585.26,19723.0,6289.0,15.8,0.94,,-29.5,668.4,98229.0,assessed,1.0,1.0,3.6000000000000014,0.5,15.5,0.3947587007381345,2230978.0,3006.0,472949028.0,1450.0,360.0,154.0,336.0,1110.0,,,,,,main,,,,,87.51047547760956,1.3673630833047037,2301.8492411784,0.6847275534946468,5.0,1293.0,308.0,1223.0
2022,Liaoning,辽宁,binding,21.6,16.5,18.1,14.8,3.5,1.6999999999999993,1.0,1.0,1.5,0.7,28826.1,68422.0,4197.0,2598.0,11363.6,14864.5,9142.2,0.3942121896475763,0.5156611543011368,305.0,3835.0,1173.0,601.0,255.26,75.97,2276.0,1523.0,2551.0,2146268.0,2146268.0,79.7,75.97,1394.12,2257.0,255.26,1424538.0,305.0,601.0,3835.0,6580.0,1173.0,,,140.0,465.0,,2551.0,2917.0,70099.0,2598.0,1523.0,3402.0,3435.0,2276.0,98.5,99.3,14.75,,16.9,,551.0,3.5,完成,完成,1.0,2551.0,,3.6,6261.43,2525.07,13.11,9929.6,55.2,1.0,16.9,0.67,3756732.0,4197.0,118660000.0,3064.0,0.7300452704312604,2256.78,,,,,,2551.0,,5.0,,,,,2185.0,2146268.0,-3.8,70099.0,,,,,,,,,,,,,,,150.0,,,,13.05,40.9,,1639.15,,8923.0,47292.14,3.6,2362.0,1.0,0.43,0.67,,43729230.0,19710880.0,93230000.0,4197.0,3064.0,1792.0,2525.07,6261.43,,,,,,0.251,2.6000000000000014,1.3000000000000007,1166.0,423.0,7.911683532658698,25.73221757322175,255.26,75.97,2257.0,14.675675675675675,2189.1938250428816,1795.9810874704492,2551.0,-0.9704968944099335,2146268.0,8.41343786750294,4.557935399626389,88.49618921741062,607.8151060281153,,5329.0,,0.65,,124400000.0,1846.69,2729.83,3870.0,1160.0,1.52,,,-4.5,245.6,51454.0,assessed,1.0,1.0,3.5,1.6999999999999993,18.1,0.3942121896475763,2146268.0,3104.0,468193449.0,7749.0,2832.0,1300.0,1572.0,3310.0,,,,,,main,,,,,87.51047547760956,1.3673630833047037,2301.8492411784,0.6847275534946468,5.0,1487.0,567.0,1350.0
2023,Liaoning,辽宁,binding,25.3,20.8,19.2,16.0,6.100000000000001,4.800000000000001,1.0,1.0,2.0,0.7000000000000028,30209.4,72107.0,4182.0,2651.0,11734.5,15823.9,9836.5,0.3884386978887366,0.5238071593609935,334.0,3856.0,1429.0,958.0,331.24,110.86,2512.0,1533.0,2663.0,2710222.0,2710222.0,,,,,,1462695.0,334.0,958.0,3856.0,7244.0,1429.0,,,21.0,666.0,,2663.0,2966.0,72922.0,2113.0,1533.0,3243.0,3344.0,2512.0,98.0,99.3,,,,,,6.1,完成,完成,1.0,2663.0,,4.0,6574.78,2755.29,13.24,10220.2,9.4,14.0,25.4,0.68,3922250.0,4182.0,109060000.0,3074.0,0.7350549976087997,2362.91,,65.24,1354.64,,,2663.0,,5.0,,,,,2295.0,2710222.0,26.28,72922.0,,,,,,,,,,,,,,,152.4,,,,13.1,41.1,39.2,,,,,4.0,1742.8,14.0,0.43,0.68,,40623410.0,19064910.0,84900000.0,4182.0,3074.0,1847.0,2755.29,6574.78,,2362.91,1354.64,65.24,,0.251,1.099999999999998,1.1999999999999993,1421.0,575.0,21.82438192668372,59.40099833610648,331.24,110.86,2363.0,18.7092678798138,2331.0344827586205,1928.0,2663.0,4.390435123480985,2710223.0,10.177330078858429,4.798776109151093,88.15137010334531,636.7766618842659,,7202.8,,18.73,,36770000.0,2149.44,6730.08,,2473.0,32.93,0.23,,33.1,346.6,103109.0,assessed,1.0,1.0,6.100000000000001,4.800000000000001,19.2,0.3884386978887366,2710222.0,3357.0,457068699.0,3072.0,3325.0,1434.0,2044.0,1569.0,,,,,,main,,,,,87.51047547760956,1.3673630833047037,2301.8492411784,0.6847275534946468,5.0,2803.0,814.0,2470.0
2024,Liaoning,辽宁,binding,27.0,23.4,25.4,21.0,1.6000000000000014,2.3999999999999986,1.0,1.0,4.700000000000003,2.799999999999997,32612.7,78236.0,4155.0,2565.7,11503.3,18543.7,10228.9,0.3527245520916697,0.568603642139412,456.0,4011.0,1755.0,1214.0,365.9,150.23,2373.0,1451.0,2734.0,2708480.0,,,,,,,,,,,,,,,,,,,,,,,,,,95.3,97.2,17.7,,20.2,,,1.6,完成,完成,1.0,2734.0,,5.3,6853.17,2905.83,,,,,,,,4155.0,107250000.0,,,2379.37,,77.71,1271.78,,,2734.0,,5.0,,,,,,,,,,,,,,,,,,,,,,,,,,,,,,,,,,5.3,1393.67,,,,,38793360.0,18737600.0,77990000.0,4155.0,,,2905.83,6853.17,,2379.37,1271.78,77.71,,0.251,6.199999999999999,5.0,1745.0,604.0,22.813156053184038,26.72233820459291,365.9,150.23,2379.0,21.69525010508617,2096.8481375358165,2487.251655629139,2734.0,2.6661659782200475,2708480.0,9.906656912948062,7.9554708137202335,83.83237205137875,658.0024067388688,,,,,,99190000.0,3937.05,9974.11,,,,2.11,,,,,assessed,1.0,1.0,1.6000000000000014,2.3999999999999986,25.4,0.3527245520916697,2708480.0,3519.0,489862658.0,1498.0,1562.0,166.0,1300.0,707.0,,,25.4,,,main,,,,,87.51047547760956,1.3673630833047037,2301.8492411784,0.6847275534946468,5.0,2720.0,120.0,2315.0
2025,Liaoning,,,,,,,,,,,,,,,,,,,,,,,,,,,,,,,,,,,,,,,,,,,,,,,,,,,,,,,,,,,,,,,,,,,,,,,,,,,,,,,,,,,,,,,,,,,,,,,,,,,,,,,,,,,,,,,,,,,,,,,,,,,,,,,,,,,,,,,,,,,,,,,,,,,,,,,,,,,,,,,,,,,,,,,,,,,,,,,,,,,,,,,,,,,,,,,,,,,,28.4,80.0,26.5,28.4,28.4,out_of_sample_extension,28.4,28.4,25.1,25.1,87.51047547760956,1.3673630833047037,2301.8492411784,0.6847275534946468,5.0,,,
2026,Liaoning,,,,,,,,,,,,,,,,,,,,,,,,,,,,,,,,,,,,,,,,,,,,,,,,,,,,,,,,,,,,,,,,,,,,,,,,,,,,,,,,,,,,,,,,,,,,,,,,,,,,,,,,,,,,,,,,,,,,,,,,,,,,,,,,,,,,,,,,,,,,,,,,,,,,,,,,,,,,,,,,,,,,,,,,,,,,,,,,,,,,,,,,,,,,,,,,,,,,30.4,80.0,30.4,30.4,30.4,out_of_sample_extension,,29.4,,26.8,87.51047547760956,1.3673630833047037,2301.8492411784,0.6847275534946468,5.0,,,
2015,Ningxia,,pre_rps,15.6,13.4,,,,,-1.0,-1.0,,,,,,,,,,,,,,,,,,,,,,,,,,,,,,,,,,,,,,,,,,,,,,,,,,,,,,,,,,,,,,,,,,,,,,,,,,,,,,,,,,,,,,,,,,,,,,,,,,,,,,,,,,,,,,,,,,,,,,,,,,,,,,,,,,,,,,,,,,,,,,,,,,,,,,,,,,,224.0,3815.1,4539.0,18.59,93008.0,114282803.0,2667.11,3232.35,5614.0,1193.0,1.66,20.54,158.0,,167.8,240072.0,,,,,,,,,,,,,,,,,,,,,main,,,,,974.7981643015202,1.3262507912588262,2082.783259889856,0.9694097592887247,5.5,,,
2016,Ningxia,,pre_rps,21.1,19.1,,,,,-1.0,-1.0,,,,,,,,,,,,,,,,,,,,,,,,,,,,,,,,,,,,,,,,,,,,,,,,,,,,,,,,,,,,,,,,,,,,,,,,,,,,,,,,,,,,,,,,,,,,,,,,,,,,,,,,,,,,,,,,,,,,,,,,,,,,,,,,,,,,,,,,,,,,,,,,,,,,,,,,,,,374.39,4087.5,7461.0,45.17,181089.0,19902360.0,1812.29,5018.86,683.0,2088.0,23.81,0.02,351.76,,315.8,127174.0,,,,,,,,3845668.0,479.0,,1447.0,541.0,116.0,481.0,553.0,,,,,,main,,,,,974.7981643015202,1.3262507912588262,2082.783259889856,0.9694097592887247,5.5,,,
2017,Ningxia,宁夏,pre-rps,23.0,21.0,,,,,,,,,3200.3,45718.0,705.0,250.6,1406.0,1543.7,1253.7,0.4393338124550823,0.4823610286535637,43.0,2583.0,942.0,620.0,155.0,76.0,1650.0,1326.0,978.0,5270707.0,5270707.0,16.0,76.0,1158.0,1404.0,155.0,410310.0,43.0,620.0,2583.0,4188.0,942.0,3.52,93.0,432.0,525.0,,978.0,644.0,17618.0,3716.0,1326.0,5020.0,3643.0,1650.0,,,,,,,225.0,,,,,978.3,548.61,0.2,1372.78,417.59,3.46,1129.2,,,,0.14,291101.0,705.0,5039517.0,430.0,0.6099290780141844,1380.94,124.0,15.45,1144.39,11058.2,368.29,978.3,548.61,5.5,,25.0,3.52,680.0,705.0,5270707.0,37.06,17618.0,13216.0,644.0,268.0,62.0,525.0,,432.0,,93.0,891327.0,,751588.0,981331.0,2737402.0,161.05,1650.0,3716.0,5020.0,14.81,40.4,12.6,146.04,4067.16,1223.0,9495.5,0.2,652.84,,0.18,0.14,,636586.0,363282.0,1658130.0,705.0,430.0,1388.0,417.59,1372.78,,1380.94,1144.39,15.45,11058.2,0.3,,,162.0,791.0,,,18.0,113.0,791.0,16.561314791403287,1111.111111111111,1428.571428571429,687.0,,546983.0,7.961906841339156,,214.6673749336,974.468085106383,278.0,13431.6,11777.0,17.37,,46337190.0,3248.32,6801.26,2915.0,3535.0,26.95,1.27,260.0,,492.6,174632.0,assessed,,,,,,0.4393338124550823,5270707.0,,,597.0,251.0,,101.0,244.0,,,,,,main,,,,,974.7981643015202,1.3262507912588262,2082.783259889856,0.9694097592887247,5.5,,,
2018,Ningxia,宁夏,binding,25.2,22.3,20.0,18.0,,,0.0,0.0,2.3,2.5,3510.2,49614.0,710.0,279.4,1488.1,1742.7,1330.1,0.4239359580650675,0.4964674377528346,43.0,2845.0,1011.0,816.0,187.0,97.0,1888.0,1383.0,1065.0,7304220.0,7304220.0,20.0,97.0,1310.0,1614.0,187.0,316278.0,43.0,816.0,2845.0,4715.0,1011.0,3.51,187.0,101.0,372.0,84.0,1065.0,658.0,18547.0,4711.0,1383.0,4865.0,3649.0,1888.0,,,,19.8,,22.2,268.31,5.2,完成,完成,1.0,1064.85,,-18.2,1419.06,436.52,3.54,1191.0,-21.2,0.4,-17.0,0.14,369910.0,710.0,3776564.0,441.0,0.6211267605633802,1609.97,,19.76,1367.77,12711.22,,1064.85,,5.5,29.5,25.0,3.51,684.0,708.0,7304220.0,38.58,18547.0,14017.0,658.0,274.0,62.0,372.0,,101.0,84.0,187.0,442925.0,,415910.0,513747.0,2348075.0,156.0,1888.0,4711.0,4865.0,13.06,40.5,12.6,174.2,4305.6,1250.0,9657.0,-18.2,449.57,0.4,0.19,0.14,,705565.0,362140.0,1294258.0,710.0,441.0,1371.0,436.52,1419.06,,1609.97,1367.77,19.76,12711.22,0.3,,,267.0,962.0,7.32484076433122,31.612903225806456,38.0,131.0,962.0,17.56756756756757,1423.2209737827716,1361.7463617463618,738.0,8.895705521472387,1571707.0,21.296842818428185,9.683467174952344,210.2444305167797,1039.43661971831,,9763.5,4421.0,1.11,,515679700.0,7108.15,8351.54,,2206.0,1.31,14.54,,28.0,427.1,80827.0,assessed,,,,,,0.4239359580650675,7304220.0,494.0,,877.0,249.0,68.0,234.0,643.0,,,,,,main,,,,,974.7981643015202,1.3262507912588262,2082.783259889856,0.9694097592887247,5.5,,,
2019,Ningxia,宁夏,binding,25.7,21.3,20.0,18.0,,,0.0,0.0,1.9,0.0,3748.5,52537.0,717.0,280.0,1587.1,1881.4,1399.1,0.4233960250766973,0.5019074296385221,43.0,3219.0,1116.0,918.0,186.0,115.0,1811.0,1371.0,1084.0,9124350.0,9124350.0,22.0,115.0,1381.0,1703.0,186.0,308371.0,43.0,918.0,3219.0,5296.0,1116.0,3.5,123.0,367.0,600.0,110.0,1084.0,668.0,19041.0,5161.0,1371.0,4603.0,3476.0,1811.0,,,,19.8,,22.0,280.0,5.7,完成,完成,1.0,1084.0,,-10.3,1438.29,423.58,3.66,1272.5,-11.2,10.8,-26.0,0.16,415733.0,717.0,3489611.0,456.0,0.6359832635983264,1765.97,,21.87,1443.87,13724.01,,1084.0,,5.5,41.0,25.0,3.5,701.0,727.0,9124350.0,24.92,19041.0,16308.0,668.0,277.0,76.0,600.0,,367.0,110.0,123.0,696243.0,,224150.0,816102.0,2510017.0,167.5,1811.0,5161.0,4603.0,12.5,41.3,,218.32,,1196.0,10581.4,-10.3,403.09,10.8,0.19,0.16,,556895.0,260189.0,1410238.0,717.0,456.0,3059.0,423.58,1438.29,,1765.97,1443.87,21.87,13724.01,0.3,,,462.0,1122.0,10.385756676557856,12.5,66.0,158.0,1122.0,19.96434937611408,1428.571428571429,1408.1996434937612,716.0,1.7840375586854362,2452393.0,34.25129888268156,6.788786963705773,191.00973722822465,998.60529986053,,4243.3,183.0,0.19,,416456752.0,5817.1,7408.19,8586.0,1913.0,2.24,29.73,,-15.4,193.6,7308.0,assessed,,,,,,0.4233960250766973,9124350.0,1279.0,73686806.0,877.0,494.0,283.0,492.0,643.0,,,,,,main,,,,,974.7981643015202,1.3262507912588262,2082.783259889856,0.9694097592887247,5.5,,,
2020,Ningxia,宁夏,binding,26.7,21.4,22.0,20.0,,,0.0,0.0,2.2,2.5,3956.3,55021.0,721.0,338.1,1629.3,1989.0,1301.6,0.4118241791572934,0.5027424613906933,43.0,3326.0,1377.0,1197.0,194.0,136.0,1653.0,1393.0,1038.0,10871084.0,10871084.0,22.0,136.0,1415.0,1768.0,194.0,385720.0,43.0,1197.0,3326.0,5943.0,1377.0,3.49,282.0,133.0,676.0,260.0,1038.0,729.0,32268.0,5312.0,1393.0,4411.0,3281.0,1653.0,,,,22.0,,24.1,277.0,4.7,完成,完成,1.0,1038.0,,4.0,1480.36,419.44,3.69,1306.5,-15.3,0.2,51.8,0.17,453491.0,721.0,1782446.0,468.0,0.6490984743411928,1882.36,,22.5,1529.99,,,1038.0,,5.5,42.5,25.0,3.49,704.0,729.0,10871084.0,19.14,32268.0,23608.0,729.0,331.0,146.0,676.0,0.04,133.0,260.0,282.0,832602.0,,81737.0,737296.0,1711061.0,152.0,1653.0,5312.0,4411.0,7.16,42.0,,194.61,,1241.0,10657.48,4.0,433.27,0.2,0.2,0.17,,302588.0,167237.0,688400.0,721.0,468.0,3153.0,419.44,1480.36,,1882.36,1529.99,22.5,,0.3,,,1377.0,1173.0,23.38709677419355,30.3921568627451,194.2,135.67,1882.0,,,,1038.0,-4.243542435424352,10871084.0,,5.543550753634796,262.3663523999697,1439.6671289875171,,4666.2,,17.74,,7910689.0,1786.8,5739.5,344.0,2051.0,20.67,5.04,,36.6,233.8,154911.0,assessed,1.0,1.0,4.699999999999999,1.3999999999999986,22.0,0.4118241791572934,10871084.0,1279.0,79729877.0,258.0,1103.0,778.0,1103.0,393.0,,,,,,main,,,,,974.7981643015202,1.3262507912588262,2082.783259889856,0.9694097592887247,5.5,689.0,107.0,689.0
2021,Ningxia,宁夏,binding,28.8,26.2,24.0,22.0,,,0.0,0.0,2.4,2.5,4588.2,63461.0,725.0,364.6,2099.2,2124.4,1334.6,0.4575214681138572,0.4630138180550107,43.0,3333.0,1455.0,1384.0,281.0,183.0,2018.0,1475.0,1158.0,10470979.0,10470979.0,20.72,183.33,1597.68,2083.0,281.16,433170.0,43.0,1384.0,3333.0,6214.0,1455.0,,,10.0,276.0,,1158.0,764.0,33743.0,4894.0,1475.0,4529.0,3323.0,2018.0,97.6,97.5,,24.2,,26.4,334.0,4.8,完成,完成,1.0,1158.0,,2.2,1427.89,460.01,3.76,1762.2,-2.8,-3.9,-9.0,0.17,517577.0,725.0,3030000.0,479.0,0.6606896551724138,2082.89,,,,,,1158.0,,5.5,,,,,850.0,10470979.0,-3.68,33743.0,,,,,,,,,,,,,,,155.9,,,,6.03,42.0,,458.91,,1383.0,12133.9,2.2,466.95,-3.9,0.2,0.17,,530200.0,300810.0,812657.0,725.0,479.0,3268.0,460.01,1427.89,,2082.89,,,,0.3,2.0,2.0,1455.0,1358.0,5.664488017429203,15.622389306599826,281.16,183.33,2083.0,22.299087854056648,1932.371134020619,1350.0000000000002,1158.0,11.560693641618492,10470979.0,90.42296200345424,15.971994034830516,252.38655681966785,1597.2413793103449,,18113.7,,6.0,,125610000.0,4353.92,9784.29,1563.0,5579.0,27.16,2.93,,7.5,224.9,75012.0,assessed,1.0,1.0,4.800000000000001,4.199999999999999,24.0,0.4575214681138572,10470979.0,1385.0,83526086.0,812.0,107.0,65.0,107.0,530.0,,,,,,main,,,,,974.7981643015202,1.3262507912588262,2082.783259889856,0.9694097592887247,5.5,307.0,108.0,307.0
2022,Ningxia,宁夏,binding,31.0,28.9,25.4,23.3,5.600000000000001,5.599999999999998,1.0,1.0,1.5,2.6,5104.6,70263.0,728.0,407.5,2439.1,2258.0,1336.6,0.4778239235199623,0.442346119186616,43.0,3304.0,1457.0,1584.0,274.75,220.77,1887.0,1552.0,1250.0,9864448.0,9864448.0,18.45,220.77,1721.16,2235.0,274.75,455350.0,43.0,1584.0,3304.0,6387.0,1457.0,,,123.0,333.0,,1250.0,765.0,32607.0,4358.0,1552.0,4918.0,3447.0,1887.0,98.5,97.4,23.25,,25.4,,388.0,5.6,完成,完成,1.0,1250.0,,10.2,1587.85,460.15,3.83,2084.0,19.1,26.6,17.1,0.17,597053.0,728.0,3220000.0,483.0,0.6634615384615384,2235.13,,,,,,1250.0,,5.5,,,,,913.0,9864448.0,-5.79,32607.0,,,,,,,,,,,,,,,154.95000000000002,,,,5.48,42.2,,416.29,,1476.0,13420.55,10.2,419.95,26.6,0.2,0.17,,506520.0,353670.0,1160000.0,728.0,483.0,3103.0,460.15,1587.85,,,,,,0.3,1.3999999999999986,1.3000000000000007,1457.0,1492.0,0.13745704467353903,14.45086705202312,274.75,220.77,2235.0,22.17091722595078,1885.7240905971173,1479.6916890080429,1250.0,7.9447322970638945,9864448.0,78.915584,11.254958371474654,244.8771696117228,1717.032967032967,,4198.3,,10.26,,39690000.0,1290.66,5451.99,630.0,2052.0,16.9,,,0.5,988.8,39899.0,assessed,1.0,1.0,5.600000000000001,5.599999999999998,25.4,0.4778239235199623,9864448.0,1385.0,88463869.0,635.0,24.0,22.0,24.0,645.0,,,,,,main,,,,,974.7981643015202,1.3262507912588262,2082.783259889856,0.9694097592887247,5.5,497.0,195.0,492.0
2023,Ningxia,宁夏,binding,34.3,32.7,26.5,24.5,7.799999999999997,8.200000000000003,1.0,1.0,2.200000000000003,3.5999999999999943,5315.0,72957.0,729.0,428.1,2487.2,2399.6,1351.7,0.4679586077140168,0.4514769520225776,43.0,3313.0,1464.0,2137.0,293.71,282.01,2015.0,1491.0,1387.0,9077120.0,9077120.0,,,,,,537373.0,43.0,2137.0,3313.0,6956.0,1464.0,,,10.0,599.0,,1387.0,955.0,32475.0,4093.0,1491.0,4912.0,3253.0,2015.0,97.8,96.4,,,,,,7.8,完成,完成,1.0,1387.0,,5.5,1751.38,502.31,3.87,2130.1,-9.2,5.7,35.1,0.17,668838.0,729.0,2930000.0,491.0,0.6735253772290809,2314.28,,17.05,1721.51,,,1387.0,,5.5,,,,,1006.0,9077120.0,-7.98,32475.0,,,,,,,,,,,,,,,154.4,,,,5.31,42.4,12.6,,,,,5.5,436.22,5.7,0.2,0.17,,421600.0,285200.0,1080000.0,729.0,491.0,3239.0,502.31,1751.38,,2314.28,1721.51,17.05,,0.3,1.1000000000000014,1.1999999999999993,1464.0,2013.0,0.48043925875085325,34.91161616161615,293.71,282.01,2314.0,24.879861711322388,2006.215846994536,1400.9438648782912,1387.0,10.959999999999992,9077123.0,65.44428983417447,4.12177251890451,260.9595484477893,1902.606310013717,,6434.7,,8.73,,50680000.0,2179.69,7566.98,,1539.0,22.79,417.27,,72.4,2442.8,214876.0,assessed,1.0,1.0,7.799999999999997,8.200000000000003,26.5,0.4679586077140168,9077120.0,1517.0,91852956.0,574.0,63.0,36.0,63.0,412.0,,,,,,main,,,,,974.7981643015202,1.3262507912588262,2082.783259889856,0.9694097592887247,5.5,755.0,177.0,722.0
2024,Ningxia,宁夏,binding,34.5,31.1,34.3,30.0,0.2000000000000028,1.1000000000000014,1.0,1.0,2.4000000000000057,4.700000000000003,5502.8,75484.0,729.0,451.2,2335.4,2716.2,1418.8,0.4244021225557898,0.4936032565239514,43.0,3335.0,1509.0,2624.0,276.47,336.59,1856.0,1425.0,1390.0,9693160.0,,,,,,,,,,,,,,,,,,,,,,,,,,97.6,95.3,26.2,,27.5,,,0.2,完成,完成,1.0,1390.0,,7.9,1769.5,516.53,,,,,,,,729.0,2900000.0,,,2368.02,,19.84,1735.12,,,1390.0,,5.5,,,,,,,,,,,,,,,,,,,,,,,,,,,,,,,,,,7.9,422.52,,,,,395610.0,257820.0,910000.0,729.0,,,516.53,1769.5,,2368.02,1735.12,19.84,,0.3,7.799999999999997,5.5,1509.0,2449.0,3.073770491803285,22.788956481048196,276.47,336.59,2368.0,25.889358108108105,1832.140490390988,1374.3977133523886,1390.0,0.21629416005768398,9693160.0,69.73496402877699,3.533396048918158,252.5986770371447,1906.721536351166,,,,,,146940000.0,5635.08,13445.33,,,,656.68,,,,,assessed,1.0,1.0,0.2000000000000028,1.1000000000000014,34.3,0.4244021225557898,9693160.0,1385.0,94704517.0,502.0,69.0,42.0,55.0,601.0,,,34.300000000000004,,,main,,,,,974.7981643015202,1.3262507912588262,2082.783259889856,0.9694097592887247,5.5,1189.0,649.0,1172.0
2025,Ningxia,,,,,,,,,,,,,,,,,,,,,,,,,,,,,,,,,,,,,,,,,,,,,,,,,,,,,,,,,,,,,,,,,,,,,,,,,,,,,,,,,,,,,,,,,,,,,,,,,,,,,,,,,,,,,,,,,,,,,,,,,,,,,,,,,,,,,,,,,,,,,,,,,,,,,,,,,,,,,,,,,,,,,,,,,,,,,,,,,,,,,,,,,,,,,,,,,,,,34.2,80.0,35.4,34.2,34.2,out_of_sample_extension,34.2,34.2,30.0,30.0,974.7981643015202,1.3262507912588262,2082.783259889856,0.9694097592887247,5.5,,,
2026,Ningxia,,,,,,,,,,,,,,,,,,,,,,,,,,,,,,,,,,,,,,,,,,,,,,,,,,,,,,,,,,,,,,,,,,,,,,,,,,,,,,,,,,,,,,,,,,,,,,,,,,,,,,,,,,,,,,,,,,,,,,,,,,,,,,,,,,,,,,,,,,,,,,,,,,,,,,,,,,,,,,,,,,,,,,,,,,,,,,,,,,,,,,,,,,,,,,,,,,,,35.2,80.0,35.2,35.2,35.2,out_of_sample_extension,,35.2,,30.0,974.7981643015202,1.3262507912588262,2082.783259889856,0.9694097592887247,5.5,,,
2015,Qinghai,,pre_rps,70.0,13.5,,,,,-1.0,-1.0,,,,,,,,,,,,,,,,,,,,,,,,,,,,,,,,,,,,,,,,,,,,,,,,,,,,,,,,,,,,,,,,,,,,,,,,,,,,,,,,,,,,,,,,,,,,,,,,,,,,,,,,,,,,,,,,,,,,,,,,,,,,,,,,,,,,,,,,,,,,,,,,,,,,,,,,,,,722.0,4044.5,7713.0,58.37,173333.0,24491279.0,1808.1,4712.83,664.0,2002.0,23.6,,621.0,,317.5,215878.0,,,,,,,,,,,,,,,,,,,,,main,,,,,1465.675563571727,1.2679537913323808,94.56093027284705,0.8338367673907886,2.8000000000000007,,,
2016,Qinghai,,pre_rps,62.4,18.3,,,,,-1.0,-1.0,,,,,,,,,,,,,,,,,,,,,,,,,,,,,,,,,,,,,,,,,,,,,,,,,,,,,,,,,,,,,,,,,,,,,,,,,,,,,,,,,,,,,,,,,,,,,,,,,,,,,,,,,,,,,,,,,,,,,,,,,,,,,,,,,,,,,,,,,,,,,,,,,,,,,,,,,,,262.23,12480.5,11686.0,21.78,274787.0,39388773.0,3102.06,6422.98,2577.0,3447.0,26.02,1.31,244.57,,480.5,369051.0,,,,,,,,333344.0,,,1113.0,105.0,101.0,103.0,139.0,,,,,,main,,,,,1465.675563571727,1.2679537913323808,94.56093027284705,0.8338367673907886,2.8000000000000007,,,
2017,Qinghai,青海,pre-rps,64.9,18.5,,,,,,,,,2465.1,42211.0,586.0,238.4,975.7,1251.0,842.9,0.3958054439982151,0.5074844833880978,1191.0,399.0,162.0,791.0,18.0,113.0,1664.0,1518.0,687.0,546983.0,546983.0,332.0,113.0,153.0,616.0,18.0,503117.0,1191.0,791.0,399.0,2543.0,162.0,3.49,85.0,27.0,226.0,110.0,687.0,575.0,30760.0,2816.0,1518.0,4306.0,2578.0,1664.0,,,,,,,446.0,,,,,687.01,409.84,5.8,1530.44,246.2,8.09,683.2,,,,0.23,83276.0,586.0,655751.0,325.0,0.5546075085324232,626.59,117.0,334.22,161.19,1747.01,348.77,687.01,409.84,2.8000000000000007,,23.0,3.49,639.0,663.0,546983.0,64.09,30760.0,29159.0,575.0,206.0,106.0,226.0,4.0,27.0,110.0,85.0,255346.0,,,183224.0,373900.0,159.25,1664.0,2816.0,4306.0,5.03,32.6,5.8,101.11,2080.59,569.0,6466.92,5.8,408.59,,0.07,0.23,,14254.0,13408.0,167933.0,586.0,325.0,2777.0,246.2,1530.44,,626.59,161.19,334.22,1747.01,0.3,,,1282.0,786.0,,,188.0,73.0,786.0,33.20610687022901,1466.4586583463338,928.7531806615776,1164.0,,3642321.0,31.291417525773195,,472.1917974930024,1986.3481228668943,133.0,8977.4,4578.0,1.38,,476196649.0,6642.26,7547.62,22048.0,2197.0,1.33,1.71,124.0,,433.3,448240.0,assessed,,,,,,0.3958054439982151,546983.0,,,1738.0,142.0,25.0,117.0,930.0,,,,,,main,,,,,1465.675563571727,1.2679537913323808,94.56093027284705,0.8338367673907886,2.8000000000000007,,,
2018,Qinghai,青海,binding,78.2,18.5,70.0,19.0,,,0.0,0.0,1.6,3.0,2748.0,46854.0,587.0,268.1,1093.7,1386.2,899.9,0.3979985443959243,0.5044395924308588,1192.0,379.0,267.0,962.0,38.0,131.0,1524.0,1464.0,738.0,1571707.0,1571707.0,517.0,131.0,120.0,805.0,38.0,609456.0,1192.0,962.0,379.0,2800.0,267.0,3.74,208.0,,321.0,112.0,738.0,591.0,31708.0,4360.0,1464.0,3156.0,2971.0,1524.0,,,,20.9,,77.0,577.45,8.2,完成,未完成,1.0,738.34,,7.3,1647.43,272.89,8.21,777.5,7.4,7.6,27.6,0.23,67716.0,587.0,727175.0,336.0,0.5724020442930153,811.03,,517.9,124.36,1639.64,,738.34,,2.8000000000000007,5.5,27.0,3.74,684.0,711.0,1571707.0,187.34,31708.0,30068.0,591.0,208.0,102.0,321.0,1.0,,112.0,208.0,389913.0,,,412152.0,789846.0,169.2,1524.0,4360.0,3156.0,4.65,33.9,5.8,62.7,2177.9,586.0,6337.5,7.3,351.82,7.6,0.06,0.23,,4711.0,2861.0,254462.0,587.0,336.0,2804.0,272.89,1647.43,,811.03,124.36,517.9,1639.64,0.3,,,1282.0,839.0,64.81481481481481,21.618204804045504,230.0,95.0,839.0,38.73659117997616,1794.071762870515,1132.300357568534,1290.0,7.423580786026207,6102744.0,47.308093023255815,11.476207861750032,469.43231441048033,2197.6149914821126,,4139.9,276.0,0.27,,412487938.0,5785.92,7471.43,,1909.0,2.23,17.28,,-42.4,181.7,19384.0,assessed,,,,,,0.3979985443959243,1571707.0,,,144.0,234.0,168.0,234.0,93.0,,,,,,main,,,,,1465.675563571727,1.2679537913323808,94.56093027284705,0.8338367673907886,2.8000000000000007,,,
2019,Qinghai,青海,binding,81.8,19.7,69.5,23.0,,,0.0,0.0,2.5,7.2,2941.1,49976.0,590.0,301.9,1153.9,1485.3,957.7,0.3923362007412193,0.5050151303933902,1192.0,393.0,462.0,1122.0,66.0,158.0,1743.0,1487.0,716.0,2452393.0,2452393.0,554.0,158.0,104.0,883.0,66.0,1257703.0,1192.0,1122.0,393.0,3168.0,462.0,3.7,142.0,,338.0,195.0,716.0,622.0,34553.0,4649.0,1487.0,2667.0,2925.0,1743.0,,,,25.3,,76.5,586.0,12.3,完成,未完成,1.0,716.0,,5.0,1863.67,282.25,8.38,821.9,-13.3,2.6,41.1,0.24,93712.0,590.0,544815.0,347.0,0.588135593220339,886.14,,554.04,107.37,1541.92,,716.0,,2.8000000000000007,8.5,26.0,3.7,664.0,690.0,2452393.0,56.03,34553.0,32818.0,622.0,212.0,121.0,338.0,,,195.0,142.0,552876.0,,,390711.0,1033834.0,157.85,1743.0,4649.0,2667.0,4.32,35.2,,-528.82,,585.0,6796.13,5.0,406.29,2.6,0.06,0.24,,5057.0,4250.0,258241.0,590.0,347.0,2958.0,282.25,1863.67,,886.14,107.37,554.04,1541.92,0.3,,,1297.0,924.0,73.03370786516854,16.632016632016633,228.0,118.0,924.0,37.44588744588744,1757.9028527370856,1277.0562770562772,1288.0,-2.981029810298108,7392640.0,57.39627329192547,7.02692867540029,437.9313862160416,2183.0508474576272,,4459.0,12204.0,23.37,,6568169.0,1767.47,5948.74,286.0,1981.0,20.47,3.23,,46.4,299.3,89572.0,assessed,,,,,,0.3923362007412193,2452393.0,,,1682.0,399.0,118.0,364.0,155.0,,,,,,main,,,,,1465.675563571727,1.2679537913323808,94.56093027284705,0.8338367673907886,2.8000000000000007,,,
2020,Qinghai,青海,binding,84.7,25.4,63.5,25.0,,,0.0,0.0,4.7,8.0,3009.8,50845.0,593.0,338.0,1143.2,1528.6,895.0,0.3798259020532926,0.507874277360622,1193.0,393.0,843.0,1601.0,82.0,167.0,1474.0,1376.0,742.0,2728866.0,2728866.0,599.0,167.0,101.0,948.0,82.0,762822.0,1193.0,1601.0,393.0,4030.0,843.0,3.7,457.0,0.2,836.0,379.0,742.0,692.0,40934.0,5024.0,1376.0,2572.0,2847.0,1474.0,,,,27.5,,70.7,629.0,21.2,完成,完成,1.0,742.0,,-12.2,1932.84,297.99,8.51,792.2,-11.5,-48.0,14.6,0.3,103699.0,593.0,332800.0,356.0,0.6003372681281619,951.95,,599.0,104.54,,,742.0,,2.8000000000000007,9.5,27.0,3.7,693.0,719.0,2728866.0,11.27,40934.0,28655.0,692.0,265.0,91.0,836.0,1.0,0.2,379.0,457.0,2060902.0,26786.0,546.0,2395535.0,7642409.0,156.29999999999998,1474.0,5024.0,2572.0,4.01,35.9,,103.18,,580.0,6802.81,-12.2,421.35,-48.0,0.06,0.3,,6433.0,6018.0,128596.0,593.0,356.0,2930.0,297.99,1932.84,,951.95,104.54,599.0,,0.3,,,843.0,1565.0,82.46753246753246,42.69162210338682,81.5,166.9,952.0,,,,742.0,3.6312849162011274,2728866.0,,2.335860732379058,246.5280085055485,1251.2647554806072,,17147.2,,6.68,,97266709.0,4168.84,10372.67,1455.0,5510.0,27.03,2.9,,8.9,239.0,144548.0,assessed,1.0,1.0,21.200000000000003,0.3999999999999986,63.5,0.3798259020532926,2728866.0,,,2553.0,591.0,263.0,579.0,931.0,,,,,,main,,,,,1465.675563571727,1.2679537913323808,94.56093027284705,0.8338367673907886,2.8000000000000007,898.0,225.0,895.0
2021,Qinghai,青海,binding,77.1,29.3,69.5,24.5,,,0.0,0.0,10.7,13.8,3385.1,57036.0,594.0,353.6,1364.7,1666.7,976.0,0.4031490945614605,0.4923635933945822,1193.0,393.0,896.0,1632.0,130.0,211.0,1519.0,1303.0,858.0,2969715.0,2969715.0,504.94,210.73,150.01,996.0,130.03,682325.0,1193.0,1632.0,393.0,4114.0,896.0,,,0.3,117.0,,858.0,716.0,44175.0,4234.0,1303.0,3656.0,2449.0,1519.0,89.3,86.2,,27.0,,77.0,662.0,7.6,完成,完成,1.0,858.0,,-2.9,1854.52,328.76,8.62,980.2,3.3,13.1,-18.5,0.3,138488.0,594.0,490000.0,362.0,0.6094276094276094,995.71,,,,,,858.0,,2.8000000000000007,,,,,830.0,2969715.0,8.87,44175.0,,,,,,,,,,,,,,,165.60000000000002,,,,4.08,34.8,,297.92,,633.0,6655.32,-2.9,442.51,13.1,0.06,0.3,,5250.0,5250.0,88578.0,594.0,362.0,2955.0,328.76,1854.52,,995.71,,,,0.3,6.0,-0.5,896.0,1595.0,6.287069988137595,1.9362898188632016,130.03,210.73,996.0,34.21285140562249,1451.227678571429,1321.191222570533,858.0,15.633423180592999,2969715.0,34.61206293706294,12.469267060934277,253.4637086053588,1444.4444444444443,,3751.0,,11.03,,30850000.0,1300.51,5104.81,560.0,2053.0,16.84,50.5,,33.1,1030.8,131055.0,assessed,1.0,1.0,7.599999999999994,4.800000000000001,69.5,0.4031490945614605,2969715.0,,,470.0,168.0,148.0,168.0,657.0,,,,,,main,,,,,1465.675563571727,1.2679537913323808,94.56093027284705,0.8338367673907886,2.8000000000000007,266.0,132.0,239.0
2022,Qinghai,青海,binding,75.3,33.2,70.0,26.0,5.299999999999997,7.200000000000003,1.0,1.0,7.3,8.9,3623.3,60946.0,595.0,379.2,1591.0,1653.0,874.8,0.4391024756437501,0.4562139486103828,1261.0,393.0,972.0,1842.0,155.79,255.94,1614.0,1498.0,922.0,2532162.0,2532162.0,426.78,255.94,159.54,998.0,155.79,678433.0,1261.0,1842.0,393.0,4468.0,972.0,,,14.0,370.0,,922.0,752.0,45939.0,3386.0,1498.0,4062.0,2298.0,1614.0,92.7,91.1,25.75,,70.0,,694.0,5.3,完成,完成,1.0,922.0,,-7.6,1975.1,329.1,8.77,1250.3,-13.3,41.0,16.0,0.3,149214.0,595.0,610000.0,366.0,0.6151260504201681,998.05,,,,,,922.0,,2.8000000000000007,,,,,895.0,2532162.0,-14.73,45939.0,,,,,,,,,,,,,,,325.1,,,,4.1,36.5,,831.44,,646.0,7774.63,-7.6,296.15,41.0,0.1,0.3,,13820.0,12610.0,70000.0,595.0,366.0,2893.0,329.1,1975.1,,,,,,0.3,0.5,1.5,971.0,1828.0,8.482142857142861,12.867647058823529,155.79,255.94,998.0,41.25551102204409,1604.4284243048403,1400.109409190372,922.0,7.459207459207451,2532162.0,27.46379609544468,7.036719742400521,254.46416250379488,1549.579831932773,,6228.2,,10.2,,36460000.0,1889.76,6835.4,312.0,1498.0,22.31,,,101.0,2188.6,76865.0,assessed,1.0,1.0,5.299999999999997,7.200000000000003,70.0,0.4391024756437501,2532162.0,,,911.0,122.0,40.0,95.0,1276.0,,,,,,main,,,,,1465.675563571727,1.2679537913323808,94.56093027284705,0.8338367673907886,2.8000000000000007,929.0,365.0,915.0
2023,Qinghai,青海,binding,72.0,35.2,70.0,27.2,2.0,8.000000000000004,1.0,1.0,5.799999999999997,8.599999999999994,3799.1,63903.0,594.0,387.0,1612.8,1799.2,1035.3,0.4245215972203943,0.4735858492800927,1305.0,397.0,1185.0,2561.0,160.99,289.99,1619.0,1431.0,1018.0,2583723.0,2583723.0,,,,,,904615.0,1305.0,2561.0,397.0,5448.0,1185.0,,,17.0,998.0,,1018.0,759.0,48263.0,3125.0,1431.0,4027.0,2139.0,1619.0,94.2,91.4,,,,,,2.0,完成,完成,1.0,1018.0,,-7.5,2188.72,381.34,8.94,1272.4,-21.4,26.4,7.4,0.3,151826.0,594.0,690000.0,373.0,0.6279461279461279,1009.71,,398.33,160.4,,,1018.0,,2.8000000000000007,,,,,990.0,2583723.0,2.04,48263.0,,,,,,,,,,,,,,,151.3,,,,3.92,36.6,5.8,,,,,-7.5,201.35,26.4,0.1,0.3,,13090.0,12440.0,180000.0,594.0,373.0,2944.0,381.34,2188.72,,1009.71,160.4,398.33,,0.3,0.0,1.1999999999999993,1185.0,2543.0,21.91358024691359,39.03365906623235,160.99,289.99,1010.0,44.65148514851485,1358.565400843882,1140.3460479748328,1018.0,10.412147505422986,2583722.0,25.380373280943022,4.85193056053872,267.9582006264642,1713.804713804714,,16705.2,,10.9,,135880000.0,5529.09,12732.79,,4978.0,41.83,602.0,,29.7,301.6,144298.0,assessed,1.0,1.0,2.0,8.000000000000004,70.0,0.4245215972203943,2583723.0,,,322.0,391.0,345.0,391.0,334.0,,,,,,main,,,,,1465.675563571727,1.2679537913323808,94.56093027284705,0.8338367673907886,2.8000000000000007,1946.0,423.0,1816.0
2024,Qinghai,青海,binding,77.2,33.4,70.0,30.0,7.200000000000003,3.3999999999999986,1.0,1.0,7.200000000000003,9.700000000000005,3950.8,66568.0,593.0,359.1,1662.4,1929.3,1028.3,0.4207755391313151,0.4883314771691809,1640.0,412.0,1267.0,3663.0,160.25,351.46,1331.0,1226.0,1054.0,3258487.0,,,,,,,,,,,,,,,,,,,,,,,,,,92.8,90.3,28.9,,70.0,,,7.2,完成,完成,1.0,1054.0,,4.3,2164.94,370.54,,,,,,,,593.0,840000.0,,,1153.5,,507.27,134.52,,,1054.0,,2.8000000000000007,,,,,,,,,,,,,,,,,,,,,,,,,,,,,,,,,,4.3,146.1,,,,,2990.0,2310.0,390000.0,593.0,,,370.54,2164.94,,1153.5,134.52,507.27,,0.3,0.0,2.8000000000000007,1267.0,3639.0,6.919831223628692,43.030066380320186,160.25,351.46,1154.0,44.342287694974,1264.7987371744275,965.814784281396,1054.0,3.5363457760314354,3258487.0,30.915436432637573,3.993050985759794,266.7814113597246,1777.4030354131537,,,,,,475060000.0,7711.5,13077.21,,,,8.6,,,,,assessed,1.0,1.0,7.200000000000003,3.3999999999999986,70.0,0.4207755391313151,3258487.0,,,1686.0,354.0,42.0,344.0,1638.0,,,70.0,,,main,,,,,1465.675563571727,1.2679537913323808,94.56093027284705,0.8338367673907886,2.8000000000000007,2257.0,315.0,2132.0
2025,Qinghai,,,,,,,,,,,,,,,,,,,,,,,,,,,,,,,,,,,,,,,,,,,,,,,,,,,,,,,,,,,,,,,,,,,,,,,,,,,,,,,,,,,,,,,,,,,,,,,,,,,,,,,,,,,,,,,,,,,,,,,,,,,,,,,,,,,,,,,,,,,,,,,,,,,,,,,,,,,,,,,,,,,,,,,,,,,,,,,,,,,,,,,,,,,,,,,,,,,,70.0,80.0,70.0,70.0,70.0,out_of_sample_extension,70.0,70.0,30.0,30.0,1465.675563571727,1.2679537913323808,94.56093027284705,0.8338367673907886,2.8000000000000007,,,
2026,Qinghai,,,,,,,,,,,,,,,,,,,,,,,,,,,,,,,,,,,,,,,,,,,,,,,,,,,,,,,,,,,,,,,,,,,,,,,,,,,,,,,,,,,,,,,,,,,,,,,,,,,,,,,,,,,,,,,,,,,,,,,,,,,,,,,,,,,,,,,,,,,,,,,,,,,,,,,,,,,,,,,,,,,,,,,,,,,,,,,,,,,,,,,,,,,,,,,,,,,,70.0,80.0,70.0,70.0,70.0,out_of_sample_extension,,70.0,,30.0,1465.675563571727,1.2679537913323808,94.56093027284705,0.8338367673907886,2.8000000000000007,,,
2015,Shaanxi,,pre_rps,13.4,2.7,,,,,-1.0,-1.0,,,,,,,,,,,,,,,,,,,,,,,,,,,,,,,,,,,,,,,,,,,,,,,,,,,,,,,,,,,,,,,,,,,,,,,,,,,,,,,,,,,,,,,,,,,,,,,,,,,,,,,,,,,,,,,,,,,,,,,,,,,,,,,,,,,,,,,,,,,,,,,,,,,,,,,,,,,127.0,7888.6,4728.0,17.08,224147.0,449240723.0,5519.5,6191.56,21409.0,2176.0,1.32,1.88,117.0,,428.8,211726.0,,,,,,,,,,,,,,,,,,,,,main,,,,,408.3268949584085,1.3388503995401568,290.7524265839138,0.9465062600764867,2.0,,,
2016,Shaanxi,,pre_rps,10.1,3.8,,,,,-1.0,-1.0,,,,,,,,,,,,,,,,,,,,,,,,,,,,,,,,,,,,,,,,,,,,,,,,,,,,,,,,,,,,,,,,,,,,,,,,,,,,,,,,,,,,,,,,,,,,,,,,,,,,,,,,,,,,,,,,,,,,,,,,,,,,,,,,,,,,,,,,,,,,,,,,,,,,,,,,,,,182.26,3635.5,848.0,1.5,166419.0,282348960.0,5081.26,6406.77,9696.0,1904.0,2.2,21.68,155.49,,178.6,98770.0,,,,,,,,3576075.0,734.0,29822655.0,1354.0,919.0,298.0,919.0,532.0,,,,,,main,,,,,408.3268949584085,1.3388503995401568,290.7524265839138,0.9465062600764867,2.0,,,
2017,Shaanxi,陕西,pre-rps,16.0,7.7,,,,,,,,,21473.5,55216.0,3904.0,1741.1,10114.1,9618.3,8611.2,0.4710037953756956,0.4479148718187533,326.0,3144.0,364.0,535.0,54.0,52.0,1893.0,1270.0,1495.0,3986355.0,3986355.0,93.0,52.0,1427.0,1604.0,54.0,1002003.0,326.0,535.0,3144.0,4192.0,364.0,6.25,203.0,126.0,532.0,132.0,1495.0,1873.0,57486.0,3105.0,1270.0,4711.0,4156.0,1893.0,,,,,,,240.0,,,,,1494.75,1799.47,13.0,4833.19,2006.69,17.44,8232.9,,,,0.5,1963697.0,3904.0,40202798.0,2267.0,0.5806864754098361,1814.03,438.0,142.13,1586.05,20069.6,1003.96,1494.75,1799.47,2.0,,73.0,6.25,1096.0,1169.0,3986355.0,11.47,57486.0,38998.0,1873.0,321.0,109.0,532.0,70.0,126.0,132.0,203.0,733985.0,84685.0,235854.0,845518.0,1842902.0,164.0,1893.0,3105.0,4711.0,18.58,39.9,43.1,2274.43,23081.68,6271.0,32602.7,13.0,3101.97,,0.16,0.5,951.11,27799589.0,16083973.0,16749599.0,3904.0,2267.0,4101.0,2006.69,4833.19,,1814.03,1586.05,142.13,20069.6,0.241,,,1.0,79.0,,,0.1,6.0,79.0,7.721518987341772,1000.0,759.493670886076,58.0,,92736.0,15.98896551724138,,2.701003562530561,14.85655737704918,137.0,3821.4,13410.0,35.89,,8162313.0,1613.84,4612.52,288.0,1816.0,19.44,4.15,107.0,,290.1,53360.0,assessed,,,,,,0.4710037953756956,3986355.0,996.0,34138029.0,1523.0,763.0,234.0,763.0,429.0,,,,,,main,,,,,408.3268949584085,1.3388503995401568,290.7524265839138,0.9465062600764867,2.0,,,
2018,Shaanxi,陕西,binding,20.3,10.6,17.5,9.0,,,0.0,0.0,2.2,2.9,23941.9,61115.0,3931.0,1830.2,11215.3,10896.4,9510.3,0.4684381774211737,0.4551184325387709,385.0,3937.0,405.0,716.0,72.0,71.0,1959.0,1274.0,1594.0,4332756.0,4332756.0,102.0,71.0,1761.0,2005.0,72.0,1143586.0,385.0,716.0,3937.0,5443.0,405.0,5.99,155.0,389.0,607.0,59.0,1594.0,1891.0,44327.0,2868.0,1274.0,4428.0,3829.0,1959.0,,,,9.9,,19.2,324.11,2.8,完成,完成,1.0,1594.17,,10.4,5302.44,2243.14,17.71,9088.1,7.3,8.6,-16.7,0.5,2165554.0,3931.0,53304882.0,2345.0,0.5965403205291274,1855.59,,136.11,1639.69,19395.89,,1594.17,,2.0,54.5,75.0,5.99,1184.0,1259.0,4332756.0,8.69,44327.0,54929.0,1891.0,306.0,47.0,607.0,4.0,389.0,59.0,155.0,710747.0,107317.0,310773.0,721209.0,1990441.0,163.55,1959.0,2868.0,4428.0,14.72,38.8,43.1,2436.3,23060.4,6426.0,32432.5,10.4,3534.67,8.6,0.16,0.5,,36695070.0,19644892.0,21892584.0,3931.0,2345.0,4450.0,2243.14,5302.44,,1855.59,1639.69,136.11,19395.89,0.241,,,1.0,98.0,11.263736263736268,33.831775700934585,0.1,8.4,98.0,8.673469387755102,1000.0,857.1428571428571,69.0,6.622073578595322,88280.0,12.794202898550724,11.495098609914557,2.881976785468154,17.552785550750446,,17323.4,22333.0,12.27,,82813633.0,3766.02,9217.73,,5153.0,26.86,2.9,,-1.0,244.8,338292.0,assessed,,,,,,0.4684381774211737,4332756.0,1195.0,41283501.0,916.0,549.0,37.0,476.0,647.0,,,,,,main,,,,,408.3268949584085,1.3388503995401568,290.7524265839138,0.9465062600764867,2.0,,,
2019,Shaanxi,陕西,binding,22.4,11.7,18.5,10.5,,,0.0,0.0,0.6,0.0,25793.2,65506.0,3944.0,1991.1,11779.5,12022.6,10154.2,0.4566901353845199,0.4661151001039033,391.0,4380.0,532.0,939.0,83.0,94.0,1931.0,1273.0,1912.0,5449729.0,5449729.0,129.0,94.0,1917.0,2223.0,83.0,469445.0,391.0,939.0,4380.0,6242.0,532.0,5.9,182.0,430.0,740.0,117.0,1912.0,1935.0,62763.0,3697.0,1273.0,4383.0,3790.0,1931.0,,,,11.6,,20.4,379.0,3.9,完成,完成,1.0,1912.0,,2.5,5718.52,2287.9,18.01,9459.9,-1.8,8.3,4.8,0.54,2408037.0,3944.0,51033133.0,2417.0,0.6128296146044625,2193.2,,154.98,1860.45,21548.81,,1912.0,,2.0,87.5,79.0,5.9,1264.0,1343.0,5449729.0,22.45,62763.0,58702.0,1935.0,310.0,90.0,740.0,11.0,430.0,117.0,182.0,1307869.0,113023.0,494737.0,1285420.0,2812057.0,158.7,1931.0,3697.0,4383.0,14.33,39.3,,2360.44,,7037.0,38238.67,2.5,3903.65,8.3,0.19,0.54,,33317833.0,15978660.0,22498123.0,3944.0,2417.0,5140.0,2287.9,5718.52,,2193.2,1860.45,154.98,21548.81,0.241,,,1.0,110.0,31.358024691358022,31.145251396648057,0.1,13.0,110.0,11.90909090909091,1000.0,1181.8181818181818,78.0,19.949811794228367,173084.0,22.19025641025641,7.732469018749555,3.02405285113906,19.77687626774848,,3334.0,14143.0,13.49,,27108645.0,1262.76,5011.56,419.0,2103.0,16.87,45.66,,16.2,825.1,31850.0,assessed,,,,,,0.4566901353845199,5449729.0,1333.0,49168212.0,2442.0,720.0,277.0,665.0,1265.0,,,,,,main,,,,,408.3268949584085,1.3388503995401568,290.7524265839138,0.9465062600764867,2.0,,,
2020,Shaanxi,陕西,binding,24.9,13.6,17.0,12.0,,,0.0,0.0,3.3,2.9,26014.1,65867.0,3955.0,2267.7,11222.0,12524.4,9501.1,0.4313814431404508,0.4814466001130156,392.0,4993.0,892.0,1089.0,95.0,119.0,1748.0,1392.0,1741.0,6040000.0,6040000.0,128.0,119.0,2084.0,2426.0,95.0,557477.0,392.0,1089.0,4993.0,7366.0,892.0,5.22,139.0,584.0,1096.0,344.0,1741.0,1977.0,65416.0,3515.0,1392.0,4234.0,3646.0,1748.0,,,,13.2,,18.8,434.0,7.9,完成,完成,1.0,1741.0,,4.1,5930.32,2257.31,18.07,8740.2,-1.7,3.2,22.1,0.56,2684020.0,3955.0,54595811.0,2478.0,0.6265486725663717,2379.41,,128.11,2037.87,,,1741.0,,2.0,105.0,98.0,5.22,1781.0,1879.0,6040000.0,10.84,65416.0,61718.0,1977.0,291.0,136.0,1096.0,29.0,584.0,344.0,139.0,2071443.0,178779.0,290961.0,2024111.0,4382971.0,161.20000000000002,1748.0,3515.0,4234.0,9.37,40.8,,2037.07,,7205.0,39183.43,4.1,4404.39,3.2,0.21,0.56,,34696009.0,16377574.0,24563606.0,3955.0,2478.0,4985.0,2257.31,5930.32,,2379.41,2037.87,128.11,,0.241,,,892.0,926.0,67.66917293233084,15.974440894568698,94.9,118.53,2379.0,,,,1741.0,-8.943514644351469,6040000.0,,0.8564272754059132,66.92524438669798,440.2022756005057,,3683.0,,14.48,,21373811.0,1477.22,5533.16,300.0,1464.0,20.92,369.83,,45.6,2215.6,64729.0,assessed,1.0,1.0,7.899999999999999,1.5999999999999996,17.0,0.4313814431404508,6040000.0,1488.0,53015378.0,1212.0,949.0,285.0,900.0,1233.0,,,,,,main,,,,,408.3268949584085,1.3388503995401568,290.7524265839138,0.9465062600764867,2.0,1456.0,211.0,1446.0
2021,Shaanxi,陕西,binding,26.7,17.9,25.0,15.0,,,0.0,0.0,2.3,2.0,30121.7,76171.0,3954.0,2409.9,14019.0,13692.9,10076.9,0.4654119787395797,0.4545858965463436,349.0,4952.0,1021.0,1314.0,176.0,141.0,2119.0,1365.0,2217.0,7403519.0,7403519.0,141.35,140.73,2281.76,2740.0,175.93,725004.0,349.0,1314.0,4952.0,7636.0,1021.0,,,13.0,385.0,,2217.0,1980.0,65771.0,4261.0,1365.0,4662.0,3908.0,2119.0,97.7,98.0,,16.5,,27.6,525.0,1.7,完成,完成,1.0,2217.0,,-3.0,6069.22,2775.42,18.34,11538.1,-11.3,-0.2,-3.1,0.56,3196867.0,3954.0,73150000.0,2516.0,0.6363176530096105,2739.75,,,,,,2217.0,,2.0,,,,,2202.0,7403519.0,22.57,65771.0,,,,,,,,,,,,,,,157.45000000000002,,,,8.11,41.8,,3710.31,,7569.0,44142.93,-3.0,4441.0,-0.2,0.22,0.56,,44742290.0,22688420.0,29178703.0,3954.0,2516.0,5328.0,2775.42,6069.22,,2739.75,,,,0.241,8.0,3.0,1021.0,1141.0,14.461883408071753,20.661157024793386,175.93,140.73,2740.0,11.55693430656934,1723.1145935357492,1233.3917616126205,2217.0,27.340608845491097,7403519.0,33.39431213351376,15.789898555014403,73.60142355843129,560.6980273141123,,15546.1,,13.58,,145490000.0,4773.15,11215.69,1837.0,4841.0,39.89,522.21,,24.2,291.8,81009.0,assessed,1.0,1.0,1.6999999999999993,2.8999999999999986,25.0,0.4654119787395797,7403519.0,1725.0,55776415.0,1297.0,374.0,97.0,269.0,559.0,,,,,,main,,,,,408.3268949584085,1.3388503995401568,290.7524265839138,0.9465062600764867,2.0,834.0,83.0,797.0
2022,Shaanxi,陕西,binding,21.5,17.3,21.5,17.3,0.0,0.0,1.0,1.0,4.2,2.2,32838.2,83030.0,3956.0,2575.0,15937.2,14326.0,10158.5,0.4853250178146184,0.4362602091466646,350.0,5080.0,1164.0,1516.0,200.3,168.61,1931.0,1375.0,2376.0,13099770.0,13099770.0,87.3,168.61,2395.88,2852.0,200.3,1412499.0,350.0,1516.0,5080.0,8110.0,1164.0,,,193.0,595.0,,2376.0,2227.0,74534.0,2852.0,1375.0,4825.0,3840.0,1931.0,95.8,97.8,16.25,,25.89,,511.0,0.0,完成,完成,1.0,2372.0,,8.1,6760.98,3311.57,18.56,13266.0,12.8,6.6,12.1,0.56,3544104.0,3956.0,71450000.0,2532.0,0.6400404448938322,2852.09,,,,,,2372.0,,2.0,,,,,1861.0,13099770.0,5.03,74534.0,,,,,,,,,,,,,,,159.2,,,,6.72,42.6,,4665.77,,7772.0,47399.09,8.1,4254.79,6.6,0.23,0.56,,39850250.0,24604290.0,21480000.0,3956.0,2532.0,5321.0,3311.57,6760.98,,,,,,0.241,-3.5,2.3000000000000007,1164.0,1274.0,14.005876591576882,15.372907153729077,200.3,168.61,2852.0,12.935133239831698,1720.7903780068727,1323.4693877551022,2376.0,7.171853856562915,13099770.0,55.13371212121212,9.018415295285443,72.35475756892887,600.6066734074823,,28297.0,,14.59,,481240000.0,7104.1,12128.63,11013.0,6559.0,29.18,,,21.1,213.4,291917.0,assessed,1.0,1.0,0.0,0.0,21.5,0.4853250178146184,13099770.0,1725.0,60164140.0,1087.0,373.0,137.0,349.0,837.0,,,,,,main,,,,,408.3268949584085,1.3388503995401568,290.7524265839138,0.9465062600764867,2.0,1260.0,391.0,1246.0
2023,Shaanxi,陕西,binding,25.9,20.2,23.0,18.5,2.8999999999999986,1.6999999999999993,1.0,1.0,3.200000000000003,3.5,33786.1,85448.0,3952.0,2649.8,16068.9,15067.4,10439.3,0.4756068323955709,0.4459644646763018,353.0,5676.0,1285.0,2292.0,220.16,196.28,1858.0,1197.0,2450.0,9824895.0,9824895.0,,,,,,1485650.0,353.0,2292.0,5676.0,9607.0,1285.0,,,609.0,1515.0,,2450.0,2124.0,75898.0,3636.0,1197.0,4768.0,3700.0,1858.0,96.8,96.5,,,,,,2.9,完成,完成,1.0,2450.0,,0.2,7175.08,3437.6,18.78,13258.7,8.0,9.4,1.9,0.56,3765593.0,3952.0,57540000.0,2575.0,0.6515688259109311,3103.75,,126.58,2560.73,,,2450.0,,2.0,,,,,1902.0,9824895.0,20.0,75898.0,,,,,,,,,,,,,,,169.7,,,,6.13,43.0,43.1,,,,,0.2,3278.4,9.4,0.24,0.56,,27667400.0,16590720.0,16240000.0,3952.0,2575.0,5413.0,3437.6,7175.08,,3103.75,2560.73,126.58,,0.241,1.5,1.1999999999999993,1285.0,1933.0,10.395189003436434,51.18733509234828,220.16,196.28,3104.0,13.416237113402063,1713.307392996109,1015.4164511122608,2450.0,3.114478114478114,9824899.0,40.10162857142857,2.8865772179961224,72.51502836965498,619.9392712550607,,3705.0,,5.5,,23800000.0,1074.84,4406.85,,1514.0,11.05,19.27,,7.9,449.8,21554.0,assessed,1.0,1.0,2.8999999999999986,1.6999999999999993,23.0,0.4756068323955709,9824895.0,2117.0,82167209.0,1503.0,427.0,173.0,386.0,947.0,,,,,,main,,,,,408.3268949584085,1.3388503995401568,290.7524265839138,0.9465062600764867,2.0,2347.0,242.0,2048.0
2024,Shaanxi,陕西,binding,26.6,22.4,26.2,20.5,0.4000000000000021,1.8999999999999984,1.0,1.0,5.599999999999994,5.5,35538.8,89915.0,3953.0,2622.0,14519.0,18397.8,10936.0,0.4085393991918691,0.5176820826814635,507.0,6262.0,1495.0,3433.0,222.23,273.12,1799.0,1148.0,2600.0,10564321.0,,,,,,,,,,,,,,,,,,,,,,,,,,94.4,94.5,20.2,,26.0,,,0.4,完成,完成,1.0,2600.0,,5.2,7297.72,3393.08,,,,,,,,3953.0,63820000.0,,,3374.06,,88.85,2789.85,,,2600.0,,2.0,,,,,,,,,,,,,,,,,,,,,,,,,,,,,,,,,,5.2,3294.52,,,,,34550860.0,21732320.0,18000000.0,3953.0,,,3393.08,7297.72,,3374.06,2789.85,88.85,,0.241,3.2,2.0,1494.0,2785.0,16.342412451361877,49.78184991273997,222.23,273.12,3374.0,14.68138707765264,1487.4832663989291,980.6822262118492,2600.0,6.1224489795918435,10564321.0,40.63200384615385,5.187636335652845,73.15947640325503,657.72830761447,,,,,,2900000.0,516.53,1769.5,,,,4.86,,,,,assessed,1.0,1.0,0.4000000000000021,1.8999999999999984,26.2,0.4085393991918691,10564321.0,2117.0,88186484.0,1648.0,1990.0,360.0,570.0,1676.0,,,26.200000000000003,,,main,,,,,408.3268949584085,1.3388503995401568,290.7524265839138,0.9465062600764867,2.0,3238.0,298.0,2459.0
2025,Shaanxi,,,,,,,,,,,,,,,,,,,,,,,,,,,,,,,,,,,,,,,,,,,,,,,,,,,,,,,,,,,,,,,,,,,,,,,,,,,,,,,,,,,,,,,,,,,,,,,,,,,,,,,,,,,,,,,,,,,,,,,,,,,,,,,,,,,,,,,,,,,,,,,,,,,,,,,,,,,,,,,,,,,,,,,,,,,,,,,,,,,,,,,,,,,,,,,,,,,,30.1,80.0,27.3,30.1,30.1,out_of_sample_extension,30.1,30.1,24.1,24.1,408.3268949584085,1.3388503995401568,290.7524265839138,0.9465062600764867,2.0,,,
2026,Shaanxi,,,,,,,,,,,,,,,,,,,,,,,,,,,,,,,,,,,,,,,,,,,,,,,,,,,,,,,,,,,,,,,,,,,,,,,,,,,,,,,,,,,,,,,,,,,,,,,,,,,,,,,,,,,,,,,,,,,,,,,,,,,,,,,,,,,,,,,,,,,,,,,,,,,,,,,,,,,,,,,,,,,,,,,,,,,,,,,,,,,,,,,,,,,,,,,,,,,,31.1,80.0,31.1,31.1,31.1,out_of_sample_extension,,31.1,,25.8,408.3268949584085,1.3388503995401568,290.7524265839138,0.9465062600764867,2.0,,,
2015,Shandong,,pre_rps,6.4,6.0,,,,,-1.0,-1.0,,,,,,,,,,,,,,,,,,,,,,,,,,,,,,,,,,,,,,,,,,,,,,,,,,,,,,,,,,,,,,,,,,,,,,,,,,,,,,,,,,,,,,,,,,,,,,,,,,,,,,,,,,,,,,,,,,,,,,,,,,,,,,,,,,,,,,,,,,,,,,,,,,,,,,,,,,,286.0,7115.7,17336.0,96.88,260045.0,95947125.0,2127.39,4481.61,6257.0,2952.0,12.04,6.59,149.0,,321.0,189950.0,,,,,,,,,,,,,,,,,,,,,main,,,,,709.6182686642761,1.364741122518405,2143.695907435183,0.84129815633556,3.8000000000000007,,,
2016,Shandong,,pre_rps,6.1,5.6,,,,,-1.0,-1.0,,,,,,,,,,,,,,,,,,,,,,,,,,,,,,,,,,,,,,,,,,,,,,,,,,,,,,,,,,,,,,,,,,,,,,,,,,,,,,,,,,,,,,,,,,,,,,,,,,,,,,,,,,,,,,,,,,,,,,,,,,,,,,,,,,,,,,,,,,,,,,,,,,,,,,,,,,,208.68,597.4,1962.0,5.62,27275.0,1529204.0,238.51,1524.8,88.0,312.0,7.86,60.81,206.63,,447.1,96249.0,,,,,,,,,6259.0,701623968.0,2977.0,948.0,493.0,922.0,2839.0,,,,,,main,,,,,709.6182686642761,1.364741122518405,2143.695907435183,0.84129815633556,3.8000000000000007,,,
2017,Shandong,山东,pre-rps,7.3,6.9,,,,,,,,,63012.1,62993.0,10033.0,4832.7,26925.6,31253.8,25527.9,0.4273084058458613,0.4959968006144851,108.0,10335.0,1061.0,1052.0,166.0,73.0,1784.0,1154.0,5430.0,22761.0,22761.0,7.0,73.0,4615.0,4860.0,166.0,5361236.0,108.0,1052.0,10335.0,12556.0,1061.0,6.01,645.0,821.0,1657.0,191.0,5430.0,6317.0,101893.0,616.0,1154.0,4660.0,4240.0,1784.0,,,,,,,399.0,,,,,5430.16,3382.51,3.2,9258.4,6098.63,27.06,22515.8,,,,0.57,15636785.0,10033.0,264550956.0,6099.0,0.6078939499651151,5162.74,656.0,6.26,4913.85,38164.71,2592.49,5430.16,3382.51,3.8000000000000007,,216.0,6.01,3387.0,3603.0,22761.0,,101893.0,86394.0,6317.0,2843.0,1833.0,1657.0,,821.0,191.0,645.0,1749801.0,112126.0,407115.0,1840172.0,6402842.0,153.39999999999998,1784.0,616.0,4660.0,41.63,42.1,17.5,8128.17,140856.78,38147.0,107932.86,3.2,6637.25,,1.03,0.57,1891.3,84151275.0,50818701.0,158991674.0,10033.0,6099.0,1554.0,6098.63,9258.4,-6.9,5162.74,4913.85,6.26,38164.71,0.256,,,169.0,449.0,,,31.0,30.0,449.0,13.585746102449887,1834.319526627219,668.1514476614699,1294.0,,5109.0,0.0394822256568779,,20.535738374058315,128.97438453104755,77.0,528.3,1099.0,0.97,,10374055.0,674.11,1443.97,343.0,564.0,3.07,1.1,70.0,,494.8,34253.0,assessed,,,,,,0.4273084058458613,22761.0,6401.0,676956124.0,6538.0,842.0,296.0,840.0,3517.0,,,,,,main,,,,,709.6182686642761,1.364741122518405,2143.695907435183,0.84129815633556,3.8000000000000007,,,
2018,Shandong,山东,binding,9.9,9.4,9.5,9.0,,,0.0,0.0,1.4,0.0,66648.9,66284.0,10077.0,4950.5,27523.7,34174.7,27480.3,0.4129655553204929,0.5127571497804165,108.0,10367.0,1146.0,1361.0,214.0,137.0,1971.0,1227.0,5917.0,119924.0,119924.0,5.0,137.0,4824.0,5218.0,214.0,4415406.0,108.0,1361.0,10367.0,13107.0,1146.0,5.83,393.0,145.0,758.0,94.0,5917.0,6396.0,105715.0,442.0,1227.0,4707.0,4256.0,1971.0,,,,9.9,,10.4,583.6,0.4,完成,完成,1.0,6083.87,,4.1,10100.96,6485.4,27.56,22613.0,7.4,2.4,-21.4,0.63,14184975.0,10077.0,292397074.0,6193.0,0.6145678277265059,5825.61,,4.64,5524.79,42319.48,,6083.87,,3.8000000000000007,386.5,233.0,5.83,3766.0,3999.0,119924.0,426.88,105715.0,88148.0,6396.0,2890.0,1968.0,758.0,,145.0,94.0,393.0,1493591.0,152230.0,540894.0,1187077.0,6466892.0,152.64999999999998,1971.0,442.0,4707.0,34.13,41.8,17.5,4872.2,92703.6,38333.0,102275.6,4.1,7552.97,2.4,1.12,0.63,,85767259.0,51575761.0,190664704.0,10077.0,6193.0,1622.0,6485.4,10100.96,,5825.61,5524.79,4.64,42319.48,0.256,,,225.0,536.0,8.01131008482563,29.372623574144498,41.0,52.0,536.0,17.350746268656717,1822.2222222222224,970.1492537313432,1429.0,8.96869244935543,2185.0,0.0152904128761371,5.771589900987273,21.44071395026775,141.8080778009328,,14781.0,8559.0,10.85,,187407290.0,3007.41,4832.69,,2749.0,10.89,,,-4.9,476.1,164162.0,assessed,,,,,,0.4129655553204929,119924.0,6927.0,772393822.0,2736.0,641.0,251.0,510.0,1634.0,,,,,,main,,,,,709.6182686642761,1.364741122518405,2143.695907435183,0.84129815633556,3.8000000000000007,,,
2019,Shandong,山东,binding,11.6,11.1,10.0,10.0,,,0.0,0.0,0.1,0.0,70540.5,69901.0,10106.0,5117.0,28171.8,37251.7,29577.3,0.3993705743509048,0.5280895372162091,108.0,10713.0,1354.0,1619.0,225.0,167.0,1863.0,1284.0,6219.0,72757.0,72757.0,5.0,167.0,4680.0,5285.0,225.0,3108897.0,108.0,1619.0,10713.0,14044.0,1354.0,5.53,256.0,214.0,808.0,213.0,6219.0,6513.0,111322.0,473.0,1284.0,4443.0,4061.0,1863.0,,,,11.0,,11.0,727.0,1.6,完成,完成,1.0,6219.0,,-8.2,10739.76,6526.71,28.03,22755.1,7.9,-31.1,-10.8,0.66,12109485.0,10106.0,296995532.0,6252.0,0.6186423906590145,5897.22,,5.23,5292.91,43132.99,,6219.0,,3.8000000000000007,511.0,234.0,5.53,3996.0,4230.0,72757.0,-39.33,111322.0,92993.0,6513.0,2928.0,2051.0,808.0,,214.0,213.0,256.0,1682583.0,153307.0,658181.0,1632246.0,7438833.0,153.20000000000002,1863.0,473.0,4443.0,28.15,41.8,,3652.74,,27129.0,95643.28,-8.2,8614.89,-31.1,1.16,0.66,,74885510.0,45678261.0,187711974.0,10106.0,6252.0,1665.0,6526.71,10739.76,,5897.22,5292.91,5.23,43132.99,0.256,,,286.0,630.0,18.15008726003491,18.956649522409986,51.0,56.0,630.0,16.984126984126984,1783.2167832167831,888.8888888888889,1536.0,5.1039378063207685,2368.0,0.0154166666666666,5.83895608179581,21.77472515788802,151.98891747476748,,5458.6,49036.0,35.24,,15939467.0,2059.69,5100.91,314.0,1605.0,20.61,22.07,,6.1,752.5,254401.0,assessed,,,,,,0.3993705743509048,72757.0,7484.0,827685763.0,5812.0,940.0,367.0,882.0,3609.0,,,,,,main,,,,,709.6182686642761,1.364741122518405,2143.695907435183,0.84129815633556,3.8000000000000007,,,
2020,Shandong,山东,binding,12.4,11.4,11.5,11.0,,,0.0,0.0,3.2,1.0,72798.2,71825.0,10165.0,5364.4,28456.7,38977.2,29921.2,0.3908984013340989,0.5354143371676772,108.0,11135.0,1795.0,2272.0,259.0,206.0,1798.0,1225.0,6940.0,70635.0,70635.0,9.0,206.0,5116.0,5781.0,259.0,2470763.0,108.0,2272.0,11135.0,15560.0,1795.0,4.33,647.0,621.0,1708.0,440.0,6940.0,6667.0,121596.0,794.0,1225.0,4377.0,3969.0,1798.0,,,,12.1,,12.6,860.0,0.9,完成,完成,1.0,6940.0,,3.6,11233.52,6559.93,28.68,22986.5,-0.7,7.6,20.1,0.69,13656187.0,10165.0,320210390.0,6409.0,0.6304968027545499,5806.43,,8.66,5141.56,,,6940.0,,3.8000000000000007,792.0,187.0,4.33,4130.0,4316.0,70635.0,-2.92,121596.0,93809.0,6667.0,2972.0,1113.0,1708.0,,621.0,440.0,647.0,2623554.0,264984.0,270502.0,2839714.0,15331899.0,140.1,1798.0,794.0,4377.0,19.33,41.6,,4431.32,,29628.0,101462.91,3.6,9450.49,7.6,1.23,0.69,,70705082.0,43784694.0,174007335.0,10165.0,6409.0,1665.0,6559.93,11233.52,,5806.43,5141.56,8.66,,0.256,,,1795.0,836.0,32.570162481536194,40.33353922174181,259.24,206.45,5806.0,,,,6940.0,11.593503778742553,70635.0,,3.2005727206356527,95.33202744023892,682.7348745696016,,2265.4,,8.58,,5529729.0,874.55,4163.4,113.0,1306.0,15.6,3.9,,-6.9,438.7,33844.0,assessed,1.0,1.0,0.9000000000000004,0.4000000000000003,11.5,0.3908984013340989,70635.0,8312.0,1097873610.0,4094.0,1060.0,347.0,975.0,2627.0,,,,,,main,,,,,709.6182686642761,1.364741122518405,2143.695907435183,0.84129815633556,3.8000000000000007,2469.0,379.0,2446.0
2021,Shandong,山东,binding,15.8,14.9,13.0,12.5,,,0.0,0.0,1.5,0.9,82875.2,81510.0,10170.0,6029.0,32834.5,44011.7,34863.4,0.3961921057204085,0.5310599552097611,168.0,11599.0,1942.0,3343.0,409.0,310.0,2250.0,1211.0,7383.0,96742.0,96742.0,12.36,310.45,5281.04,6210.0,409.39,2682665.0,168.0,3343.0,11599.0,17334.0,1942.0,,,343.0,1650.0,,7383.0,7070.0,128202.0,974.0,1211.0,4553.0,4086.0,2250.0,98.5,99.1,,13.8,,14.3,1167.0,2.8,完成,完成,1.0,7383.0,,6.0,11713.16,7284.46,28.81,26894.1,-6.0,13.1,-6.9,0.72,15653402.0,10170.0,437990000.0,6503.0,0.6394296951819076,6210.32,,,,,,7383.0,,3.8000000000000007,,,,,4823.0,96742.0,36.96,128202.0,,,,,,,,,,,,,,,142.45,,,,16.53,43.0,,5394.75,,33057.0,111501.6,6.0,9819.75,13.1,1.25,0.72,,90804180.0,58192530.0,246160172.0,10170.0,6503.0,1716.0,7284.46,11713.16,,6210.32,,,,0.256,1.5,1.5,1942.0,1044.0,8.189415041782722,47.13908450704225,409.39,310.45,6210.0,11.591626409017712,2108.084449021628,2973.659003831417,7383.0,6.383285302593666,96742.0,0.1310334552349993,13.84237522356322,89.08575786242447,725.9587020648968,,6439.8,,7.43,,91690000.0,1800.15,5806.54,1453.0,2774.0,16.06,0.22,,1.6,534.0,119600.0,assessed,1.0,1.0,2.8000000000000007,2.4000000000000004,13.0,0.3961921057204085,96742.0,8447.0,1183471940.0,4171.0,312.0,209.0,266.0,2477.0,,,,,,main,,,,,709.6182686642761,1.364741122518405,2143.695907435183,0.84129815633556,3.8000000000000007,2409.0,178.0,2397.0
2022,Shandong,山东,binding,16.9,16.3,15.0,14.5,1.8999999999999984,1.8000000000000007,1.0,1.0,2.1,1.5,87576.9,86143.0,10163.0,6296.5,34562.3,46718.1,34724.3,0.3946508725474412,0.5334523144801883,228.0,11753.0,2302.0,4270.0,415.24,462.13,2070.0,1261.0,7559.0,16983.0,16983.0,28.08,462.13,5091.57,6204.0,415.24,2548658.0,228.0,4270.0,11753.0,18803.0,2302.0,,,431.0,1777.0,,7559.0,7226.0,130630.0,1257.0,1261.0,4416.0,3882.0,2070.0,97.9,98.5,13.75,,14.44,,1277.0,1.9,完成,完成,1.0,7559.0,,6.1,12128.63,7104.1,29.18,28297.0,9.2,11.2,21.1,0.73,17287025.0,10163.0,481240000.0,6559.0,0.6453803010921972,6203.58,,,,,,7559.0,,3.8000000000000007,,,,,5042.0,16983.0,-82.45,130630.0,,,,,,,,,,,,,,,143.6,,,,14.59,43.8,,4785.3,,35322.0,120624.15,6.1,9180.24,11.2,1.28,0.73,,89424210.0,58649370.0,268810000.0,10163.0,6559.0,1724.0,7104.1,12128.63,,,,,,0.256,2.0,2.0,2302.0,1213.0,18.537590113285262,27.72958420580318,415.24,462.13,6204.0,14.142005157962606,1803.822762814944,3809.810387469085,7559.0,2.3838548015711725,16983.0,0.0224672575737531,5.6732291445450445,86.3127148825775,743.7764439633967,,13400.2,,7.11,,112210000.0,3589.14,8379.78,1534.0,3686.0,23.8,,,22.7,491.0,106926.0,assessed,1.0,1.0,1.8999999999999984,1.8000000000000007,15.0,0.3946508725474412,16983.0,8267.0,1153142102.0,4469.0,356.0,148.0,320.0,3089.0,,,,,,main,,,,,709.6182686642761,1.364741122518405,2143.695907435183,0.84129815633556,3.8000000000000007,3262.0,999.0,3173.0
2023,Shandong,山东,binding,20.0,19.5,17.1,15.7,2.8999999999999986,3.8000000000000007,1.0,1.0,2.4000000000000057,0.7000000000000028,92068.7,90771.0,10123.0,6506.2,35987.9,49574.6,38152.6,0.3908809399937221,0.5384522644503507,407.0,11798.0,2591.0,5693.0,526.01,627.22,2188.0,1300.0,7966.0,13773.0,13773.0,,,,,,2749431.0,407.0,5693.0,11798.0,20754.0,2591.0,,,299.0,2210.0,,7966.0,7085.0,138049.0,1075.0,1300.0,4332.0,3694.0,2188.0,97.6,99.3,,,,,,2.9,完成,完成,1.0,7966.0,,5.2,12581.74,7464.78,29.34,29191.2,18.9,11.5,36.2,0.77,18693400.0,10123.0,464380000.0,6634.0,0.6553393262866739,6508.08,,37.89,5124.04,,,7966.0,,3.8000000000000007,,,,,5437.0,13773.0,-18.9,138049.0,,,,,,,,,,,,,,,148.65,,,,13.45,43.9,17.5,,,,,5.2,8541.23,11.5,1.3,0.77,,81648250.0,52642010.0,265390000.0,10123.0,6634.0,1746.0,7464.78,12581.74,,6508.08,5124.04,37.89,,0.256,2.1000000000000014,1.1999999999999993,2591.0,1626.0,12.554300608166802,33.3255269320843,526.01,627.22,6508.0,17.72019053472649,2030.142802006947,3857.441574415744,7966.0,5.384310093927769,13773.0,0.0172897313582726,5.128978075268709,86.5223468996521,786.9208732589153,,12263.3,,13.2,,24000000.0,3479.37,6345.61,,2252.0,14.65,145.92,,-7.6,200.7,213171.0,assessed,1.0,1.0,2.8999999999999986,3.8000000000000007,17.1,0.3908809399937221,13773.0,9427.0,1142677320.0,5344.0,4573.0,769.0,3314.0,2664.0,,,,,,main,,,,,709.6182686642761,1.364741122518405,2143.695907435183,0.84129815633556,3.8000000000000007,4746.0,687.0,4073.0
2024,Shandong,山东,binding,24.2,23.4,20.0,19.5,4.199999999999999,3.899999999999999,1.0,1.0,3.5999999999999943,1.5,98565.8,97575.0,10080.0,6616.9,39608.6,52340.3,40059.2,0.4018493229903273,0.5310188726718599,407.0,12122.0,2669.0,7613.0,580.03,821.79,2211.0,1269.0,8320.0,19950.0,,,,,,,,,,,,,,,,,,,,,,,,,,96.4,98.5,17.4,,18.1,,,4.2,完成,完成,1.0,8319.7,,3.3,13077.21,7711.5,,,,,,,,10080.0,475060000.0,,,6773.25,,54.53,5105.19,,,8319.7,,3.8000000000000007,,,,,,,,,,,,,,,,,,,,,,,,,,,,,,,,,,3.3,7544.15,,,,,77077480.0,51411200.0,253840000.0,10080.0,,,7711.5,13077.21,,6773.25,5105.19,54.53,,0.256,2.8999999999999986,3.8000000000000007,2669.0,2647.0,3.0104206869934425,33.72562796416651,580.03,821.79,6773.0,20.69717997932969,2173.2109404271264,3104.608991310918,8320.0,4.443886517700224,19950.0,0.0239783653846153,7.056795631957447,84.4106170700182,825.3968253968254,,,,,,63820000.0,3393.08,7297.72,,,,359.21,,,,,assessed,1.0,1.0,4.199999999999999,3.899999999999999,20.0,0.4018493229903273,19950.0,9227.0,1244229679.0,1949.0,1511.0,851.0,986.0,1458.0,,,21.0,,,main,,,,,709.6182686642761,1.364741122518405,2143.695907435183,0.84129815633556,3.8000000000000007,5777.0,1144.0,4365.0
2025,Shandong,,,,,,,,,,,,,,,,,,,,,,,,,,,,,,,,,,,,,,,,,,,,,,,,,,,,,,,,,,,,,,,,,,,,,,,,,,,,,,,,,,,,,,,,,,,,,,,,,,,,,,,,,,,,,,,,,,,,,,,,,,,,,,,,,,,,,,,,,,,,,,,,,,,,,,,,,,,,,,,,,,,,,,,,,,,,,,,,,,,,,,,,,,,,,,,,,,,,26.200000000000003,80.0,22.1,26.200000000000003,26.200000000000003,out_of_sample_extension,26.200000000000003,26.200000000000003,25.6,25.6,709.6182686642761,1.364741122518405,2143.695907435183,0.84129815633556,3.8000000000000007,,,
2026,Shandong,,,,,,,,,,,,,,,,,,,,,,,,,,,,,,,,,,,,,,,,,,,,,,,,,,,,,,,,,,,,,,,,,,,,,,,,,,,,,,,,,,,,,,,,,,,,,,,,,,,,,,,,,,,,,,,,,,,,,,,,,,,,,,,,,,,,,,,,,,,,,,,,,,,,,,,,,,,,,,,,,,,,,,,,,,,,,,,,,,,,,,,,,,,,,,,,,,,,28.3,80.0,28.3,28.3,28.3,out_of_sample_extension,,27.3,,27.3,709.6182686642761,1.364741122518405,2143.695907435183,0.84129815633556,3.8000000000000007,,,
2015,Shanghai,,pre_rps,29.8,1.6,,,,,-1.0,-1.0,,,,,,,,,,,,,,,,,,,,,,,,,,,,,,,,,,,,,,,,,,,,,,,,,,,,,,,,,,,,,,,,,,,,,,,,,,,,,,,,,,,,,,,,,,,,,,,,,,,,,,,,,,,,,,,,,,,,,,,,,,,,,,,,,,,,,,,,,,,,,,,,,,,,,,,,,,,296.0,4159.1,6047.0,42.12,220066.0,51090547.0,1515.16,4065.51,782.0,2309.0,11.8,0.16,240.0,,626.8,247152.0,,,,,,,,,,,,,,,,,,,,,main,,,,,50.58214062801667,1.42348321742488,241.15040328695216,0.8338111603826259,2.0,,,
2016,Shanghai,,pre_rps,32.6,2.0,,,,,-1.0,-1.0,,,,,,,,,,,,,,,,,,,,,,,,,,,,,,,,,,,,,,,,,,,,,,,,,,,,,,,,,,,,,,,,,,,,,,,,,,,,,,,,,,,,,,,,,,,,,,,,,,,,,,,,,,,,,,,,,,,,,,,,,,,,,,,,,,,,,,,,,,,,,,,,,,,,,,,,,,,311.99,8909.4,15729.0,27.2,240666.0,44412861.0,2672.79,5522.95,1431.0,3175.0,19.76,3.38,279.02,,471.2,415486.0,,,,,,,,597161.0,514.0,66451390.0,1414.0,40.0,28.0,38.0,2007.0,,,,,,main,,,,,50.58214062801667,1.42348321742488,241.15040328695216,0.8338111603826259,2.0,,,
2017,Shanghai,上海,pre-rps,33.3,2.7,,,,,,,,,32925.0,133489.0,2466.0,110.8,9525.9,23288.3,13699.5,0.2893211845102506,0.7073135914958238,,2271.0,71.0,58.0,17.0,3.0,2337.0,893.0,1527.0,1183856.0,1183856.0,,3.0,846.0,866.0,17.0,1006017.0,,58.0,2271.0,2400.0,71.0,6.03,29.0,6.0,36.0,,1527.0,1824.0,9880.0,,893.0,3731.0,3681.0,2337.0,,,,,,,509.0,,,,,1526.77,157.95,7.2,7547.62,6642.26,1.33,8977.4,,,,0.05,5399953.0,2466.0,476196649.0,2197.0,0.8909164639091647,859.25,124.0,,841.99,4577.84,144.69,1526.77,157.95,2.0,,82.0,6.03,1277.0,1358.0,1183856.0,98.25,9880.0,7290.0,1824.0,863.0,192.0,36.0,,6.0,,29.0,148309.0,,134603.0,143477.0,448358.0,149.55,2337.0,,3731.0,1.38,39.1,14.0,3243.8,37910.5,8122.0,42355.44,7.2,3856.53,,0.05,0.05,,317358055.0,129294574.0,273222487.0,2466.0,2197.0,3814.0,6642.26,7547.62,,859.25,841.99,,4577.84,0.107,,,570.0,94.0,,,108.0,6.0,94.0,121.27659574468086,1894.7368421052631,638.2978723404256,929.0,,1325393.0,14.266878363832078,,28.215641609719057,376.7234387672344,301.0,5887.3,42942.0,34.12,,17186875.0,1867.0,3756.42,473.0,2057.0,14.29,46.76,202.0,,202.9,515241.0,assessed,,,,,,0.2893211845102506,1183856.0,514.0,65040604.0,567.0,8.0,1.0,5.0,1000.0,,,,,,main,,,,,50.58214062801667,1.42348321742488,241.15040328695216,0.8338111603826259,2.0,,,
2018,Shanghai,上海,binding,32.1,3.3,31.5,2.5,,,0.0,0.0,0.0,0.0,36011.8,145767.0,2475.0,104.8,10360.8,25546.3,14874.8,0.2877056964661583,0.7093869231751814,,2365.0,71.0,89.0,18.0,6.0,2489.0,946.0,1567.0,1453069.0,1453069.0,,6.0,833.0,857.0,18.0,1650579.0,,89.0,2365.0,2525.0,71.0,5.3,32.0,96.0,128.0,,1567.0,1879.0,10097.0,,946.0,3571.0,3527.0,2489.0,,,,2.8,,34.9,503.23,0.6,完成,完成,1.0,1566.66,,5.2,8351.54,7108.15,1.31,9763.5,-0.2,14.8,28.0,0.05,5548768.0,2475.0,515679700.0,2206.0,0.8913131313131313,839.7,,,823.75,4420.62,,1566.66,,2.0,43.5,74.0,5.3,1326.0,1400.0,1453069.0,22.74,10097.0,7219.0,1879.0,901.0,227.0,128.0,,96.0,,32.0,355004.0,,178004.0,332595.0,741474.0,148.39999999999998,2489.0,,3571.0,1.11,36.2,14.0,3338.4,38445.7,8130.0,42661.8,5.2,4033.18,14.8,0.05,0.05,,332613672.0,134399288.0,304840596.0,2475.0,2206.0,3823.0,7108.15,8351.54,,839.7,823.75,,4420.62,0.107,,,598.0,215.0,0.0,53.448275862068975,125.0,20.0,215.0,67.44186046511628,2090.3010033444816,930.2325581395348,974.0,2.6195153896529044,1603410.0,16.46211498973306,9.375246772968882,27.046690251528663,393.5353535353535,,9088.1,19396.0,14.72,,53304882.0,2243.14,5302.44,,2345.0,17.71,444.48,,-16.7,243.4,167776.0,assessed,,,,,,0.2877056964661583,1453069.0,521.0,58210760.0,958.0,35.0,29.0,32.0,1058.0,,,,,,main,,,,,50.58214062801667,1.42348321742488,241.15040328695216,0.8338111603826259,2.0,,,
2019,Shanghai,上海,binding,34.5,4.2,32.0,3.0,,,0.0,0.0,0.0,0.0,37987.6,153299.0,2481.0,107.1,10193.6,27686.9,15469.0,0.2683401952215986,0.7288404637302699,,2475.0,81.0,109.0,17.0,8.0,2065.0,867.0,1569.0,1377287.0,1377287.0,,8.0,812.0,837.0,17.0,1148080.0,,109.0,2475.0,2664.0,81.0,2.23,20.0,114.0,146.0,11.0,1569.0,1932.0,10308.0,,867.0,3253.0,3206.0,2065.0,,,,3.3,,35.2,542.0,2.5,完成,完成,1.0,1569.0,,5.1,8179.28,7165.1,1.3,9565.1,-0.9,21.1,-17.9,0.05,5906504.0,2481.0,493905026.0,2214.0,0.8923821039903265,822.13,,,797.45,4238.28,,1569.0,,2.0,54.5,31.0,2.23,1380.0,1411.0,1377287.0,-5.22,10308.0,7393.0,1932.0,939.0,242.0,146.0,,114.0,11.0,20.0,110775.0,,42878.0,110775.0,512772.0,143.8,2065.0,,3253.0,0.75,36.8,,2927.07,,8776.0,45509.56,5.1,4231.38,21.1,0.06,0.05,,316694516.0,123670265.0,303602781.0,2481.0,2214.0,3830.0,7165.1,8179.28,,822.13,797.45,,4238.28,0.107,,,611.0,274.0,14.084507042253524,22.47191011235956,140.0,32.0,274.0,62.77372262773723,2291.3256955810148,1167.883211678832,996.0,0.12763241863433805,2085447.0,20.938222891566262,5.48653496909346,26.21908201623688,401.4510278113664,,39141.8,16834.0,12.04,,1036626724.0,12654.53,17297.85,19633.0,9073.0,22.03,112.08,,31.2,360.6,317016.0,assessed,,,,,,0.2683401952215986,1377287.0,615.0,62079242.0,432.0,35.0,2.0,32.0,659.0,,,,,,main,,,,,50.58214062801667,1.42348321742488,241.15040328695216,0.8338111603826259,2.0,,,
2020,Shanghai,上海,binding,35.6,4.8,32.5,4.0,,,0.0,0.0,0.0,0.0,38963.3,156803.0,2488.0,107.7,10258.6,28597.1,15189.2,0.2632887871407195,0.7339496397892374,,2450.0,82.0,137.0,19.0,10.0,2289.0,861.0,1576.0,1141226.0,1141226.0,,10.0,835.0,864.0,19.0,1000064.0,,137.0,2450.0,2669.0,82.0,4.29,28.0,1.0,30.0,1.0,1576.0,1979.0,10322.0,,861.0,3411.0,3357.0,2289.0,,,,4.4,,36.3,561.0,3.1,完成,完成,1.0,1576.0,,10.3,8102.11,7046.3,1.29,9625.5,-1.4,20.6,-4.6,0.05,6350087.0,2488.0,503831363.0,2222.0,0.8930868167202572,861.74,,,832.98,,,1576.0,,2.0,63.0,61.0,4.29,1356.0,1416.0,1141226.0,-17.14,10322.0,7140.0,1979.0,970.0,254.0,30.0,,1.0,1.0,28.0,177699.0,,137187.0,256778.0,698956.0,146.60000000000002,2289.0,,3411.0,0.54,37.3,,2882.67,,8804.0,49569.73,10.3,4698.75,20.6,0.05,0.05,,325290425.0,119145925.0,311514987.0,2488.0,2222.0,3830.0,7046.3,8102.11,,861.74,832.98,,,0.107,,,82.0,28.0,1.2345679012345734,25.688073394495415,18.93,9.83,862.0,,,,1576.0,0.44614404079030834,1141226.0,,2.5684697111689303,40.44831931586904,633.4405144694534,,22627.8,,5.15,,488542806.0,7248.24,10082.01,16967.0,4668.0,12.31,0.0,,28.2,255.2,505097.0,assessed,1.0,1.0,3.1000000000000014,0.7999999999999998,32.5,0.2632887871407195,1141226.0,836.0,63437855.0,182.0,2.0,2.0,2.0,363.0,,,,,,main,,,,,50.58214062801667,1.42348321742488,241.15040328695216,0.8338111603826259,2.0,160.0,132.0,160.0
2021,Shanghai,上海,binding,31.9,5.2,31.5,4.0,,,0.0,0.0,0.0,0.0,43653.2,175420.0,2489.0,96.1,11366.7,32190.4,16818.3,0.2603864092437668,0.7374121484793784,,2510.0,107.0,168.0,18.0,15.0,2189.0,1171.0,1750.0,906399.0,906399.0,,15.35,969.37,1003.0,18.34,923815.0,,168.0,2510.0,2786.0,107.0,,,60.0,117.0,,1750.0,2567.0,10507.0,,1171.0,3951.0,3860.0,2189.0,100.0,100.0,,4.4,,35.0,558.0,0.4,完成,完成,1.0,1750.0,,8.0,8430.86,7771.8,1.31,10676.7,-0.6,7.8,10.3,0.05,6983293.0,2489.0,628520000.0,2223.0,0.8931297709923665,1003.06,,,,,,1750.0,,2.0,,,,,1572.0,906399.0,-20.58,10507.0,,,,,,,,,,,,,,,148.75,,,,0.58,37.7,,3164.63,,9309.0,53642.41,8.0,5035.18,7.8,0.05,0.05,,387452940.0,141044640.0,402083965.0,2489.0,2223.0,3926.0,7771.8,8430.86,,1003.06,,,,0.107,-1.0,0.0,107.0,35.0,30.487804878048784,22.62773722627738,18.34,15.35,1003.0,3.358923230309072,1714.018691588785,4385.714285714285,1750.0,11.040609137055846,906399.0,5.179422857142857,12.03671146951104,40.08869911025996,703.0936118923262,,14132.3,,17.07,,82610000.0,4167.62,8848.21,1863.0,4554.0,20.72,5.28,,-6.5,244.0,95548.0,assessed,1.0,1.0,0.3999999999999986,1.2000000000000002,31.5,0.2603864092437668,906399.0,836.0,61130359.0,297.0,48.0,32.0,41.0,368.0,,,,,,main,,,,,50.58214062801667,1.42348321742488,241.15040328695216,0.8338111603826259,2.0,322.0,127.0,322.0
2022,Shanghai,上海,binding,29.8,6.0,29.8,5.2,0.0,0.7999999999999998,1.0,1.0,0.0,0.0,44809.1,180536.0,2475.0,100.0,11407.2,33302.0,14918.2,0.2545732898005093,0.7431972523438319,,2528.0,107.0,195.0,24.56,17.82,2296.0,1221.0,1746.0,603981.0,603981.0,,17.82,912.6,955.0,24.56,968169.0,,195.0,2528.0,2830.0,107.0,,,93.0,119.0,,1746.0,2686.0,10496.0,,1221.0,3627.0,3541.0,2296.0,100.0,100.0,5.25,,32.45,,520.0,0.0,完成,完成,1.0,1746.0,,-1.0,9393.0,7608.0,1.3,10736.9,-8.2,2.1,-7.2,0.05,7659941.0,2475.0,625850000.0,2211.0,0.8933333333333333,954.97,,,,,,1746.0,,2.0,,,,,1571.0,603981.0,-33.36,10496.0,,,,,,,,,,,,,,,151.65,,,,0.67,38.1,,2545.31,,9432.0,56317.54,-1.0,4979.54,2.1,0.05,0.05,,382647440.0,140452720.0,393240000.0,2475.0,2211.0,3905.0,7608.0,9393.0,,,,,,0.107,-1.6999999999999993,1.2000000000000002,107.0,36.0,0.0,16.07142857142858,24.56,17.82,955.0,4.437696335078534,2295.3271028037384,4950.0,1746.0,-0.22857142857143353,603981.0,3.459226804123712,2.64791584580284,38.96529945926162,705.4545454545455,,214.9,,0.27,,690000.0,179.63,2592.98,50.0,136.0,12.09,,,40.2,871.2,,assessed,1.0,1.0,0.0,0.7999999999999998,29.8,0.2545732898005093,603981.0,828.0,54169612.0,444.0,232.0,230.0,232.0,665.0,,,,,,main,,,,,50.58214062801667,1.42348321742488,241.15040328695216,0.8338111603826259,2.0,203.0,21.0,203.0
2023,Shanghai,上海,binding,30.3,7.5,30.0,6.0,0.3000000000000007,1.5,1.0,1.0,0.0,0.0,47218.7,190321.0,2487.0,96.1,11613.0,35509.6,16385.8,0.2459406972237694,0.7520240921499322,,2557.0,107.0,289.0,24.06,23.45,2249.0,1131.0,1849.0,425587.0,425587.0,,,,,,1036527.0,,289.0,2557.0,2954.0,107.0,,,154.0,249.0,,1849.0,2763.0,10537.0,,1131.0,3764.0,3658.0,2249.0,100.0,100.0,,,,,,0.3,完成,完成,1.0,1849.0,,13.8,9638.51,8312.5,1.3,10846.2,4.2,6.7,-8.6,0.05,8110336.0,2487.0,599220000.0,2225.0,0.8946521913952553,1006.63,,,959.05,,,1849.0,,2.0,,,,,1668.0,425587.0,-29.54,10537.0,,,,,,,,,,,,,,,145.6,,,,0.64,37.8,14.0,,,,,13.8,6062.04,6.7,0.05,0.05,,351603960.0,124451790.0,376230000.0,2487.0,2225.0,3923.0,8312.5,9638.51,,1006.63,959.05,,,0.107,0.1999999999999993,0.7999999999999998,107.0,54.0,0.0,48.20512820512821,24.06,23.45,1007.0,4.717974180734856,2248.598130841121,4342.592592592592,1849.0,5.899198167239406,425587.0,2.3017144402379666,5.377479128123519,39.15821485979072,743.4660233212707,,14567.1,,6.53,,87980000.0,3360.51,9581.12,,4017.0,24.28,0.04,,33.3,469.0,78664.0,assessed,1.0,1.0,0.3000000000000007,1.5,30.0,0.2459406972237694,425587.0,928.0,51000942.0,423.0,302.0,298.0,300.0,1077.0,,,,,,main,,,,,50.58214062801667,1.42348321742488,241.15040328695216,0.8338111603826259,2.0,370.0,20.0,258.0
2024,Shanghai,上海,binding,31.3,8.8,31.3,8.0,0.0,0.8000000000000007,1.0,1.0,0.0,0.0,53926.7,217140.0,2480.0,99.7,11637.6,42189.4,15872.3,0.2158040451205062,0.7823471490004025,,2542.0,107.0,411.0,25.55,35.09,2396.0,1178.0,1984.0,508823.0,,,,,,,,,,,,,,,,,,,,,,,,,,100.0,100.0,7.7,,31.0,,,0.0,完成,完成,1.0,1984.0,,4.8,9874.84,8374.17,,,,,,,,2480.0,599920000.0,,,1078.02,,,1017.26,,,1984.0,,2.0,,,,,,,,,,,,,,,,,,,,,,,,,,,,,,,,,,4.8,6228.91,,,,,334243060.0,120926740.0,370920000.0,2480.0,,,8374.17,9874.84,,1078.02,1017.26,,,0.107,1.3000000000000007,2.0,107.0,45.0,0.0,42.214532871972324,25.55,35.09,1078.0,5.625231910946197,2387.85046728972,7797.777777777779,1984.0,7.3012439156300735,508823.0,2.5646320564516127,14.206236088668266,36.79068068322371,800.0,,,,,,789470000.0,10038.16,15293.91,,,,1.38,,,,,assessed,1.0,1.0,0.0,0.8000000000000007,31.3,0.2158040451205062,508823.0,1410.0,48570136.0,175.0,45.0,45.0,45.0,128.0,,,31.3,,,main,,,,,50.58214062801667,1.42348321742488,241.15040328695216,0.8338111603826259,2.0,134.0,12.0,132.0
2025,Shanghai,,,,,,,,,,,,,,,,,,,,,,,,,,,,,,,,,,,,,,,,,,,,,,,,,,,,,,,,,,,,,,,,,,,,,,,,,,,,,,,,,,,,,,,,,,,,,,,,,,,,,,,,,,,,,,,,,,,,,,,,,,,,,,,,,,,,,,,,,,,,,,,,,,,,,,,,,,,,,,,,,,,,,,,,,,,,,,,,,,,,,,,,,,,,,,,,,,,,33.1,80.0,32.4,33.1,33.1,out_of_sample_extension,33.1,33.1,10.7,10.7,50.58214062801667,1.42348321742488,241.15040328695216,0.8338111603826259,2.0,,,
2026,Shanghai,,,,,,,,,,,,,,,,,,,,,,,,,,,,,,,,,,,,,,,,,,,,,,,,,,,,,,,,,,,,,,,,,,,,,,,,,,,,,,,,,,,,,,,,,,,,,,,,,,,,,,,,,,,,,,,,,,,,,,,,,,,,,,,,,,,,,,,,,,,,,,,,,,,,,,,,,,,,,,,,,,,,,,,,,,,,,,,,,,,,,,,,,,,,,,,,,,,,34.1,80.0,34.1,34.1,34.1,out_of_sample_extension,,34.1,,12.4,50.58214062801667,1.42348321742488,241.15040328695216,0.8338111603826259,2.0,,,
2015,Shanxi,,pre_rps,8.8,7.0,,,,,-1.0,-1.0,,,,,,,,,,,,,,,,,,,,,,,,,,,,,,,,,,,,,,,,,,,,,,,,,,,,,,,,,,,,,,,,,,,,,,,,,,,,,,,,,,,,,,,,,,,,,,,,,,,,,,,,,,,,,,,,,,,,,,,,,,,,,,,,,,,,,,,,,,,,,,,,,,,,,,,,,,,509.0,17803.3,13826.0,53.78,433822.0,346783826.0,4809.94,6645.98,12291.0,3969.0,11.8,,482.0,,336.9,586017.0,,,,,,,,,,,,,,,,,,,,,main,,,,,515.903188717773,1.341195375184226,1222.8333919337,1.0451067609174782,5.0,,,
2016,Shanxi,,pre_rps,12.1,10.0,,,,,-1.0,-1.0,,,,,,,,,,,,,,,,,,,,,,,,,,,,,,,,,,,,,,,,,,,,,,,,,,,,,,,,,,,,,,,,,,,,,,,,,,,,,,,,,,,,,,,,,,,,,,,,,,,,,,,,,,,,,,,,,,,,,,,,,,,,,,,,,,,,,,,,,,,,,,,,,,,,,,,,,,,566.54,10755.9,28106.0,55.18,288795.0,46675380.0,2849.87,6049.53,1542.0,3973.0,18.84,7.78,502.3,,245.2,248465.0,,,,,,,,8020671.0,3734.0,153220872.0,1257.0,1150.0,295.0,1149.0,1055.0,,,,,,main,,,,,515.903188717773,1.341195375184226,1222.8333919337,1.0451067609174782,5.0,,,
2017,Shanxi,山西,pre-rps,14.1,12.0,,,,,,,,,14484.3,41242.0,3510.0,719.2,6635.3,7129.8,6058.5,0.4581029114282361,0.4922433255317827,244.0,6366.0,872.0,590.0,165.0,56.0,1992.0,1374.0,1991.0,9344846.0,9344846.0,42.0,56.0,2503.0,2766.0,165.0,842368.0,244.0,590.0,6366.0,8073.0,872.0,5.89,280.0,46.0,423.0,96.0,1991.0,2822.0,71853.0,1721.0,1374.0,3996.0,3584.0,1992.0,,,,,,,280.0,,,,,1990.61,1182.02,6.3,3756.42,1867.0,14.29,5887.3,,,,0.53,1122323.0,3510.0,17186875.0,2057.0,0.586039886039886,2823.94,202.0,42.22,2589.12,42942.29,730.19,1990.61,1182.02,5.0,,95.0,5.89,1513.0,1608.0,9344846.0,16.51,71853.0,67475.0,2822.0,1449.0,650.0,423.0,,46.0,96.0,280.0,866505.0,,97103.0,1064471.0,2176372.0,159.9,1992.0,1721.0,3996.0,34.12,40.6,20.5,1031.59,17852.4,3835.0,35714.23,6.3,1166.28,,0.26,0.53,655.4,10172837.0,6159772.0,6932558.0,3510.0,2057.0,3454.0,1867.0,3756.42,,2823.94,2589.12,42.22,42942.29,0.281,,,1181.0,868.0,,,263.0,77.0,868.0,39.1705069124424,2226.92633361558,887.0967741935484,3442.0,,4363207.0,12.67637129575828,,237.6366134366176,980.6267806267806,205.0,110.1,,0.3,,863450.0,185.83,1681.94,32.0,116.0,8.93,,205.0,,940.8,694.0,assessed,,,,,,0.4581029114282361,9344846.0,3690.0,180401756.0,1959.0,1171.0,521.0,1105.0,1164.0,,,,,,main,,,,,515.903188717773,1.341195375184226,1222.8333919337,1.0451067609174782,5.0,,,
2018,Shanxi,山西,binding,16.4,14.5,15.0,12.5,,,0.0,0.0,1.1,0.0,15958.1,45517.0,3502.0,740.8,7074.5,8142.9,6523.3,0.4433171868831502,0.5102675130497991,223.0,6628.0,1043.0,864.0,212.0,94.0,2196.0,1265.0,2161.0,11061722.0,11061722.0,43.0,94.0,2739.0,3088.0,212.0,982932.0,223.0,864.0,6628.0,8758.0,1043.0,5.68,329.0,297.0,822.0,196.0,2161.0,2856.0,76998.0,1850.0,1265.0,4318.0,3758.0,2196.0,,,,13.8,,16.5,355.25,1.4,完成,完成,1.0,2160.53,,5.7,4283.91,2292.7,14.33,6260.2,16.8,14.6,5.9,0.54,1312531.0,3502.0,20762372.0,2096.0,0.5985151342090235,3180.52,,43.18,2853.44,48940.14,,2160.53,,5.0,98.5,100.0,5.68,1658.0,1758.0,11061722.0,18.37,76998.0,63582.0,2856.0,1458.0,745.0,822.0,,297.0,196.0,329.0,524306.0,,39981.0,434162.0,1535445.0,161.0,2196.0,1850.0,4318.0,28.19,41.3,20.5,1355.9,19252.1,3875.0,37707.0,5.7,1376.59,14.6,0.27,0.54,,12221365.0,7713630.0,8146419.0,3502.0,2096.0,3514.0,2292.7,4283.91,,3180.52,2853.44,43.18,48940.14,0.281,,,1391.0,1234.0,19.610091743119273,46.440677966101696,283.0,126.0,1234.0,33.14424635332253,2034.50754852624,1021.0696920583468,3666.0,8.538422903063791,4375859.0,11.936331151118384,10.175155168009509,229.72659652464893,1046.8303826384922,,10785.6,10922.0,22.94,,46474201.0,2860.84,7479.61,,3722.0,24.01,,,14.4,489.9,70505.0,assessed,,,,,,0.4433171868831502,11061722.0,3969.0,217399791.0,1205.0,965.0,216.0,899.0,363.0,,,,,,main,,,,,515.903188717773,1.341195375184226,1222.8333919337,1.0451067609174782,5.0,,,
2019,Shanxi,山西,binding,18.4,16.2,15.5,13.5,,,0.0,0.0,1.1,0.0,16961.6,48469.0,3497.0,825.3,7466.3,8670.0,6942.8,0.4401884256202245,0.5111546080558438,223.0,6687.0,1251.0,1088.0,224.0,128.0,1918.0,1307.0,2262.0,12652078.0,12652078.0,49.0,128.0,2852.0,3253.0,224.0,1071603.0,223.0,1088.0,6687.0,9249.0,1251.0,5.5,158.0,72.0,445.0,214.0,2262.0,2895.0,79269.0,2247.0,1307.0,4426.0,3740.0,1918.0,,,,14.9,,17.1,417.0,2.9,完成,完成,1.0,2262.0,,9.3,4710.76,2347.75,14.43,6582.7,13.9,0.1,4.1,0.59,1380813.0,3497.0,20981625.0,2143.0,0.6128109808407206,3361.67,,49.07,2960.8,51331.61,,2262.0,,5.0,128.0,103.0,5.5,1769.0,1872.0,12652078.0,14.38,79269.0,72492.0,2895.0,1472.0,809.0,445.0,,72.0,214.0,158.0,838833.0,,27061.0,694739.0,2282991.0,161.7,1918.0,2247.0,4426.0,22.86,42.3,,1164.69,,4798.0,41560.27,9.3,1656.5,0.1,0.28,0.59,,11925126.0,7292896.0,8125077.0,3497.0,2143.0,3804.0,2347.75,4710.76,,3361.67,2960.8,49.07,51331.61,0.281,,,1639.0,1474.0,19.94247363374879,25.92592592592593,318.0,176.0,1474.0,33.51424694708277,1940.207443563148,1194.0298507462687,3856.0,4.673762147154092,4877294.0,12.648584024896264,6.288342597176344,227.33704367512505,1102.6594223620243,,37225.7,24902.0,28.46,,629515934.0,8802.36,12573.55,18130.0,6137.0,15.99,12.19,,-5.1,768.1,599923.0,assessed,,,,,,0.4401884256202245,12652078.0,3925.0,248934953.0,1379.0,1088.0,469.0,939.0,485.0,,,,,,main,,,,,515.903188717773,1.341195375184226,1222.8333919337,1.0451067609174782,5.0,,,
2020,Shanxi,山西,binding,18.8,16.8,17.0,16.0,,,0.0,0.0,3.0,3.0,17835.6,51051.0,3490.0,1166.6,7703.2,8965.8,6582.9,0.4319002444549104,0.5026912467200431,223.0,6878.0,1974.0,1309.0,266.0,159.0,1680.0,1277.0,2342.0,11154399.0,11154399.0,47.0,159.0,2924.0,3395.0,266.0,1324875.0,223.0,1309.0,6878.0,10383.0,1974.0,5.19,220.0,284.0,1225.0,720.0,2342.0,2950.0,86612.0,2142.0,1277.0,4403.0,3557.0,1680.0,,,,17.6,,18.8,440.0,1.8,完成,完成,1.0,2342.0,,10.6,5110.87,2296.57,14.43,6768.5,-1.6,25.9,20.4,0.63,1561790.0,3490.0,21842015.0,2182.0,0.625214899713467,3503.54,,46.76,3032.5,,,2342.0,,5.0,155.5,100.0,5.19,1817.0,1916.0,11154399.0,5.27,86612.0,78353.0,2950.0,1504.0,950.0,1225.0,0.1,284.0,720.0,220.0,2063158.0,53934.0,218824.0,1735978.0,5457344.0,154.6,1680.0,2142.0,4403.0,16.05,43.9,,1086.28,,5480.0,49185.03,10.6,1830.36,25.9,0.29,0.63,,12630438.0,8362096.0,7772058.0,3490.0,2182.0,4015.0,2296.57,5110.87,,3503.54,3032.5,46.76,,0.281,,,1974.0,1033.0,57.793764988009585,20.3125,265.66,158.63,3504.0,,,,2342.0,3.536693191865603,11154399.0,,5.152815772096964,131.310412882101,671.0601719197708,,4296.4,,1.02,,106321816.0,1923.11,3151.35,3869.0,1175.0,1.64,36.31,,8.3,200.6,74511.0,assessed,1.0,1.0,1.8000000000000007,0.8000000000000007,17.0,0.4319002444549104,11154399.0,3999.0,278214505.0,2740.0,1004.0,463.0,922.0,688.0,,,,,,main,,,,,515.903188717773,1.341195375184226,1222.8333919337,1.0451067609174782,5.0,1602.0,411.0,1585.0
2021,Shanxi,山西,binding,24.9,23.4,20.0,19.0,,,0.0,0.0,2.5,0.9,22870.4,65625.0,3480.0,1286.9,11578.1,10005.4,7462.8,0.5062482510144116,0.4374825101441164,224.0,7533.0,2123.0,1458.0,469.0,189.0,2348.0,1345.0,2608.0,12924738.0,12924738.0,38.54,189.5,3229.0,3926.0,469.11,1064315.0,224.0,1458.0,7533.0,11338.0,2123.0,,,655.0,953.0,,2608.0,2995.0,88415.0,1706.0,1345.0,4364.0,3601.0,2348.0,97.5,99.1,,20.9,,22.0,649.0,4.9,完成,完成,1.0,2608.0,,8.7,5046.62,2834.47,14.46,10543.6,8.2,24.5,-25.0,0.63,1862448.0,3480.0,32960000.0,2207.0,0.6341954022988506,3926.16,,,,,,2608.0,,5.0,,,,,2167.0,12924738.0,16.5,88415.0,,,,,,,,,,,,,,,158.65,,,,14.7,43.7,,3072.48,,6859.0,57084.36,8.7,1945.23,24.5,0.28,0.63,,16434890.0,12928160.0,11441941.0,3480.0,2207.0,4150.0,2834.47,5046.62,,3926.16,,,,0.281,3.0,3.0,2123.0,1106.0,7.548125633232017,11.382734912146674,469.11,189.5,3926.0,16.77559857361182,2209.6561469618464,1713.381555153707,2608.0,11.357813834329633,12924738.0,49.558044478527606,28.22893538765168,114.03386036099062,749.4252873563219,,6555.8,,17.31,,45800000.0,2278.29,6634.36,1193.0,2394.0,30.09,,,7.3,340.6,71485.0,assessed,1.0,1.0,4.899999999999999,4.399999999999999,20.0,0.5062482510144116,12924738.0,4258.0,274449325.0,1691.0,657.0,360.0,593.0,1697.0,,,,,,main,,,,,515.903188717773,1.341195375184226,1222.8333919337,1.0451067609174782,5.0,1675.0,155.0,1656.0
2022,Shanxi,山西,binding,24.8,23.4,21.4,20.3,3.400000000000002,3.099999999999998,1.0,1.0,1.7,0.5,25583.9,73506.0,3481.0,1335.3,13848.5,10400.0,7188.5,0.5412974566035671,0.4065056539464272,224.0,7842.0,2318.0,1696.0,466.42,219.11,2044.0,1393.0,2721.0,15380483.0,15380483.0,36.39,219.11,3576.88,4299.0,466.42,1135360.0,224.0,1696.0,7842.0,12080.0,2318.0,,,331.0,763.0,,2721.0,3055.0,91116.0,1577.0,1393.0,4489.0,3618.0,2044.0,98.3,99.5,20.25,,21.41,,675.0,3.4,完成,完成,1.0,2721.0,,5.9,5876.5,3453.99,14.55,12759.9,14.4,6.8,22.0,0.63,2023083.0,3481.0,27460000.0,2226.0,0.6394714162596955,4298.79,,,,,,2721.0,,5.0,,,,,2215.0,15380483.0,19.0,91116.0,,,,,,,,,,,,,,,153.75,,,,12.85,44.0,,3913.92,,7688.0,60891.67,5.9,1764.2,6.8,0.3,0.63,,12574810.0,12044090.0,8310000.0,3481.0,2226.0,3855.0,3453.99,5876.5,,,,,,0.281,1.3999999999999986,1.3000000000000007,2318.0,1261.0,9.185115402731991,16.32373113854595,466.42,219.11,4299.0,15.946266573621774,2012.1656600517688,1737.5892149088024,2721.0,4.332822085889565,15380483.0,56.52511209114296,11.864680985028686,106.35595042194504,781.6719333524849,,16240.8,,8.5,,91670000.0,3281.13,8623.87,2770.0,3779.0,30.22,,,35.0,604.9,252048.0,assessed,1.0,1.0,3.400000000000002,3.099999999999998,21.4,0.5412974566035671,15380483.0,4329.0,310071092.0,838.0,784.0,563.0,782.0,941.0,,,,,,main,,,,,515.903188717773,1.341195375184226,1222.8333919337,1.0451067609174782,5.0,1751.0,409.0,1624.0
2023,Shanxi,山西,binding,27.8,26.5,22.5,21.5,5.300000000000001,5.0,1.0,1.0,1.0999999999999943,1.0999999999999943,25698.2,73984.0,3466.0,1388.9,13329.7,10979.6,7486.6,0.5187016989516776,0.4272517141278377,225.0,8011.0,2500.0,2490.0,542.37,274.94,2270.0,1398.0,2885.0,16873664.0,16873664.0,,,,,,1037624.0,225.0,2490.0,8011.0,13226.0,2500.0,,,321.0,1298.0,,2885.0,3110.0,93020.0,1667.0,1398.0,4575.0,3665.0,2270.0,98.9,98.9,,,,,,5.3,完成,完成,1.0,2885.0,,-6.6,6345.61,3479.37,14.65,12263.3,-18.1,-11.7,-7.6,0.63,2175885.0,3466.0,24000000.0,2252.0,0.6497403346797461,4572.79,,38.15,3717.33,,,2885.0,,5.0,,,,,2345.0,16873664.0,9.71,93020.0,,,,,,,,,,,,,,,155.35,,,,13.2,42.9,20.5,,,,,-6.6,1760.08,-11.7,0.31,0.63,,10036950.0,9523180.0,7640000.0,3466.0,2252.0,3990.0,3479.37,6345.61,,4572.79,3717.33,38.15,,0.281,1.1000000000000014,1.1999999999999993,2500.0,1832.0,7.851596203623812,46.81603773584906,542.37,274.94,4573.0,17.872512573802755,2169.48,1500.764192139738,2885.0,6.027195883866221,16873667.0,58.48758058925476,0.4467653485199729,112.26467223385296,832.3716099249856,,10846.2,,0.64,,599220000.0,8312.5,9638.51,,2225.0,1.3,36.1,,-8.6,422.4,80711.0,assessed,1.0,1.0,5.300000000000001,5.0,22.5,0.5187016989516776,16873664.0,5512.0,331098444.0,780.0,11013.0,10794.0,10923.0,479.0,,,,,,main,,,,,515.903188717773,1.341195375184226,1222.8333919337,1.0451067609174782,5.0,2186.0,435.0,2022.0
2024,Shanxi,山西,binding,27.5,25.9,27.8,26.5,-0.3000000000000007,-0.6000000000000014,0.0,0.0,1.2999999999999972,1.7999999999999972,25494.7,73769.0,3446.0,1392.5,11021.5,13080.7,7670.9,0.4323055380137832,0.5130752666240435,226.0,8198.0,2616.0,3477.0,523.89,373.26,2058.0,1282.0,2972.0,15786463.0,,,,,,,,,,,,,,,,,,,,,,,,,,98.7,98.2,23.2,,23.5,,,-0.3,未完成,未完成,1.0,2971.7,,3.2,6318.08,3541.74,,,,,,,,3446.0,24510000.0,,,4629.49,,48.33,3684.01,,,2971.7,,5.0,,,,,,,,,,,,,,,,,,,,,,,,,,,,,,,,,,3.2,1670.92,,,,,9220120.0,8668100.0,7090000.0,3446.0,,,3541.74,6318.08,,4629.49,3684.01,48.33,,0.281,5.300000000000001,5.0,2616.0,2575.0,4.64,39.63855421686746,523.89,373.26,4629.0,19.381075826312376,2002.6376146788991,1449.5533980582525,2972.0,3.015597920277302,15786463.0,53.11730484522208,-0.7918842564848871,116.57324855754332,862.4492164828787,,,,,,507220000.0,6372.68,8396.48,,,,1.2,,,,,assessed,0.0,0.0,-0.3000000000000007,-0.6000000000000014,27.8,0.4323055380137832,15786463.0,6130.0,354060675.0,1212.0,7061.0,122.0,5313.0,634.0,,,27.800000000000004,,,main,,,,,515.903188717773,1.341195375184226,1222.8333919337,1.0451067609174782,5.0,2522.0,628.0,2183.0
2025,Shanxi,,,,,,,,,,,,,,,,,,,,,,,,,,,,,,,,,,,,,,,,,,,,,,,,,,,,,,,,,,,,,,,,,,,,,,,,,,,,,,,,,,,,,,,,,,,,,,,,,,,,,,,,,,,,,,,,,,,,,,,,,,,,,,,,,,,,,,,,,,,,,,,,,,,,,,,,,,,,,,,,,,,,,,,,,,,,,,,,,,,,,,,,,,,,,,,,,,,,29.4,80.0,28.9,29.4,29.4,out_of_sample_extension,29.4,29.4,28.1,28.1,515.903188717773,1.341195375184226,1222.8333919337,1.0451067609174782,5.0,,,
2026,Shanxi,,,,,,,,,,,,,,,,,,,,,,,,,,,,,,,,,,,,,,,,,,,,,,,,,,,,,,,,,,,,,,,,,,,,,,,,,,,,,,,,,,,,,,,,,,,,,,,,,,,,,,,,,,,,,,,,,,,,,,,,,,,,,,,,,,,,,,,,,,,,,,,,,,,,,,,,,,,,,,,,,,,,,,,,,,,,,,,,,,,,,,,,,,,,,,,,,,,,30.4,80.0,30.4,30.4,30.4,out_of_sample_extension,,30.4,,29.8,515.903188717773,1.341195375184226,1222.8333919337,1.0451067609174782,5.0,,,
2015,Sichuan,,pre_rps,79.1,1.4,,,,,-1.0,-1.0,,,,,,,,,,,,,,,,,,,,,,,,,,,,,,,,,,,,,,,,,,,,,,,,,,,,,,,,,,,,,,,,,,,,,,,,,,,,,,,,,,,,,,,,,,,,,,,,,,,,,,,,,,,,,,,,,,,,,,,,,,,,,,,,,,,,,,,,,,,,,,,,,,,,,,,,,,,444.0,3593.9,13433.0,45.63,148595.0,21012034.0,1165.88,4020.66,533.0,2134.0,16.32,35.82,128.0,,929.5,193396.0,,,,,,,,,,,,,,,,,,,,,main,,,,,175.53598034415168,1.291129739739532,69.99301119969144,1.0603869940587582,1.5,,,
2016,Sichuan,,pre_rps,83.1,2.3,,,,,-1.0,-1.0,,,,,,,,,,,,,,,,,,,,,,,,,,,,,,,,,,,,,,,,,,,,,,,,,,,,,,,,,,,,,,,,,,,,,,,,,,,,,,,,,,,,,,,,,,,,,,,,,,,,,,,,,,,,,,,,,,,,,,,,,,,,,,,,,,,,,,,,,,,,,,,,,,,,,,,,,,,672.75,2686.8,18985.0,41.24,93907.0,17637744.0,1298.95,4138.25,298.0,1224.0,18.21,291.21,453.67,,2376.6,146370.0,,,,,,,,13163359.0,,,1146.0,537.0,318.0,508.0,641.0,,,,,,main,,,,,175.53598034415168,1.291129739739532,69.99301119969144,1.0603869940587582,1.5,,,
2017,Sichuan,四川,pre-rps,83.5,3.3,,,,,,,,,37905.1,45835.0,8289.0,4262.5,14569.2,19073.5,17404.4,0.384359888247228,0.5031908634985793,7714.0,1662.0,210.0,135.0,35.0,16.0,2353.0,1492.0,2205.0,14291713.0,14291713.0,3164.0,16.0,354.0,3569.0,35.0,1503680.0,7714.0,135.0,1662.0,9721.0,210.0,8.43,30.0,23.0,780.0,126.0,2205.0,2875.0,95188.0,4236.0,1492.0,2123.0,3787.0,2353.0,,,,,,,1842.0,,,,,2205.18,1563.48,7.2,8694.76,3577.99,33.0,11437.8,,,,0.48,3010846.0,8289.0,68106058.0,4292.0,0.5177946676318012,3480.38,603.0,3041.2,384.45,7855.88,1246.66,2205.18,1563.48,1.5,,176.0,8.43,1911.0,2087.0,14291713.0,8.57,95188.0,84637.0,2875.0,420.0,557.0,780.0,602.0,23.0,126.0,30.0,3713675.0,3244269.0,236741.0,4276621.0,31458042.0,163.89999999999998,2353.0,4236.0,2123.0,22.32,40.0,38.0,2824.26,41631.26,13904.0,43253.61,7.2,5149.89,,0.37,0.48,1510.0,46386881.0,24233996.0,31448536.0,8289.0,4292.0,2962.0,3577.99,8694.76,,3480.38,384.45,3041.2,7855.88,0.119,,,33.0,12.0,,,7.0,0.2,12.0,60.0,2121.212121212121,166.66666666666666,997.0,,709999.0,7.121354062186559,,26.3025292111088,120.2798890095307,729.0,11437.8,7856.0,22.32,,68106058.0,3577.99,8694.76,1295.0,4292.0,33.0,356.39,603.0,,324.1,126934.0,assessed,,,,,,0.384359888247228,14291713.0,,,2530.0,659.0,168.0,633.0,1515.0,,,,,,main,,,,,175.53598034415168,1.291129739739532,69.99301119969144,1.0603869940587582,1.5,,,
2018,Sichuan,四川,binding,81.9,4.4,80.0,3.5,,,0.0,0.0,0.0,0.0,42902.1,51658.0,8321.0,4427.4,16056.9,22417.7,19340.7,0.3742683924563133,0.5225315310905527,7824.0,1575.0,253.0,181.0,55.0,22.0,2333.0,1461.0,2459.0,14058320.0,14058320.0,3249.0,22.0,435.0,3761.0,55.0,1399450.0,7824.0,181.0,1575.0,9833.0,253.0,8.41,48.0,30.0,280.0,47.0,2459.0,2956.0,97087.0,4220.0,1461.0,2713.0,3874.0,2333.0,,,,3.9,,88.0,2013.21,1.9,完成,完成,1.0,2459.49,,10.2,9707.5,3911.01,33.16,12360.1,17.2,-3.9,1.7,0.5,3423923.0,8321.0,89921137.0,4452.0,0.535031847133758,3687.0,,3156.91,453.47,7495.78,,2459.49,,1.5,7.0,190.0,8.41,2074.0,2265.0,14058320.0,-1.63,97087.0,86223.0,2956.0,458.0,564.0,280.0,155.0,30.0,47.0,48.0,3838915.0,3685850.0,,4130565.0,31572327.0,328.4,2333.0,4220.0,2713.0,19.17,40.5,38.0,2717.9,40646.7,14205.0,44075.9,10.2,5697.87,-3.9,0.42,0.5,,58880015.0,32612375.0,45450183.0,8321.0,4452.0,3068.0,3911.01,9707.5,,3687.0,453.47,3156.91,7495.78,0.119,,,50.0,43.0,20.47619047619047,34.074074074074076,8.0,2.0,43.0,23.25581395348837,1600.0,465.1162790697674,1119.0,11.519274376417243,632248.0,5.6501161751563895,13.18292261463496,26.08263931136238,134.47902896286504,,22613.0,42319.0,34.13,,292397074.0,6485.4,10100.96,,6193.0,27.56,4.8,,-21.4,212.1,675118.0,assessed,,,,,,0.3742683924563133,14058320.0,,,2042.0,666.0,189.0,603.0,589.0,,,,,,main,,,,,175.53598034415168,1.291129739739532,69.99301119969144,1.0603869940587582,1.5,,,
2019,Sichuan,四川,binding,81.1,5.6,80.0,3.5,,,0.0,0.0,0.0,0.0,46363.8,55619.0,8351.0,4807.5,17187.9,24368.3,21395.4,0.3707181033478705,0.5255889292939749,7846.0,1570.0,325.0,188.0,71.0,28.0,2553.0,1554.0,2636.0,13831273.0,13831273.0,3316.0,28.0,488.0,3903.0,71.0,1358159.0,7846.0,188.0,1570.0,9929.0,325.0,7.78,7.0,25.0,125.0,66.0,2636.0,3023.0,99723.0,4291.0,1554.0,3084.0,3988.0,2553.0,,,,3.9,,88.0,2139.0,1.1,完成,完成,1.0,2636.0,,8.6,10348.17,4070.83,33.71,13165.9,5.7,5.1,1.8,0.52,3878572.0,8351.0,98400662.0,4623.0,0.5535863968387019,3923.88,,3316.01,508.47,7713.47,,2636.0,,1.5,10.5,187.0,7.78,2218.0,2405.0,13831273.0,-1.62,99723.0,89002.0,3023.0,479.0,562.0,125.0,27.0,25.0,66.0,7.0,3718119.0,3431757.0,,3756384.0,20639085.0,158.1,2553.0,4291.0,3084.0,18.82,41.8,,3036.89,,14599.0,49024.52,8.6,6573.24,5.1,0.43,0.52,,66190517.0,35969920.0,51617172.0,8351.0,4623.0,3045.0,4070.83,10348.17,,3923.88,508.47,3316.01,7713.47,0.119,,,64.0,65.0,28.458498023715407,3.8674033149171283,11.0,3.0,65.0,21.53846153846154,1718.75,461.5384615384616,1160.0,7.198047986986578,593170.0,5.113534482758621,8.06883579125499,25.019519538950647,138.90552029697042,,3347.8,8731.0,9.84,,18904123.0,1116.95,3933.42,509.0,1509.0,10.67,10.33,,-41.4,427.8,67771.0,assessed,,,,,,0.3707181033478705,13831273.0,,,1986.0,633.0,105.0,577.0,626.0,,,,,,main,,,,,175.53598034415168,1.291129739739532,69.99301119969144,1.0603869940587582,1.5,,,
2020,Sichuan,四川,binding,81.8,6.1,80.0,6.0,,,0.0,0.0,0.0,0.0,48501.6,58009.0,8371.0,5556.9,17505.6,25439.2,20939.4,0.3609282992726013,0.5245022844607189,7892.0,1596.0,426.0,191.0,86.0,27.0,2537.0,1466.0,2865.0,14258572.0,14258572.0,3541.0,27.0,513.0,4167.0,86.0,1481069.0,7892.0,191.0,1596.0,10105.0,426.0,7.94,3.0,35.0,551.0,100.0,2865.0,3212.0,112379.0,4571.0,1466.0,3247.0,4223.0,2537.0,,,,6.6,,89.3,2344.0,1.8,完成,完成,1.0,2865.0,,2.8,11198.54,4260.89,39.44,13401.0,-0.2,2.0,-1.0,0.53,4276383.0,8371.0,116898171.0,4749.0,0.5673157328873492,4182.28,,3541.38,527.65,,,2865.0,,1.5,12.0,205.0,7.94,2372.0,2577.0,14258572.0,3.09,112379.0,101563.0,3212.0,711.0,1169.0,551.0,413.0,35.0,100.0,3.0,5085269.0,4361142.0,120187.0,4801455.0,28945983.0,163.85,2537.0,4571.0,3247.0,16.31,42.5,,3386.38,,15280.0,53091.09,2.8,7315.31,2.0,0.43,0.53,,82669330.0,44536833.0,51489117.0,8371.0,4749.0,3158.0,4260.89,11198.54,,4182.28,527.65,3541.38,,0.119,,,426.0,179.0,31.07692307692307,1.5957446808510634,86.22,27.02,4182.0,,,,2865.0,8.687405159332329,14258572.0,,4.6109249026179855,59.070216240288985,342.2530163660256,,1306.5,,7.16,,1782446.0,419.44,1480.36,108.0,468.0,3.69,0.0,,51.8,976.4,60458.0,assessed,1.0,1.0,1.7999999999999972,0.0999999999999996,80.0,0.3609282992726013,14258572.0,,,1075.0,734.0,250.0,628.0,718.0,,,,,,main,,,,,175.53598034415168,1.291129739739532,69.99301119969144,1.0603869940587582,1.5,2824.0,189.0,2795.0
2021,Sichuan,四川,binding,80.4,7.1,74.0,6.0,,,0.0,0.0,0.0,0.0,54088.0,64610.0,8372.0,5662.0,19949.7,28476.2,24317.4,0.3688378198491348,0.526479071143322,8887.0,1825.0,527.0,196.0,109.0,30.0,2377.0,1591.0,3275.0,14163367.0,14163367.0,3724.46,29.65,666.79,4530.0,109.43,1977263.0,8887.0,196.0,1825.0,11435.0,527.0,,,236.0,1360.0,,3275.0,3318.0,119123.0,4574.0,1591.0,3954.0,4321.0,2377.0,100.0,100.0,,6.6,,82.0,2633.0,6.4,完成,完成,1.0,3275.0,,5.9,11215.69,4773.15,39.89,15546.1,0.5,2.7,24.2,0.56,4801710.0,8372.0,145490000.0,4841.0,0.5782369804108934,4530.33,,,,,,3275.0,,1.5,,,,,2949.0,14163367.0,-0.62,119123.0,,,,,,,,,,,,,,,158.10000000000002,,,,13.58,43.1,,4546.72,,16453.0,61644.05,5.9,7831.88,2.7,0.46,0.56,,59201210.0,41016390.0,59254784.0,8372.0,4841.0,3382.0,4773.15,11215.69,,4530.33,,,,0.119,-6.0,0.0,527.0,179.0,23.708920187793424,2.617801047120416,109.43,29.65,4530.0,3.070198675496689,2076.470588235294,1656.4245810055866,3275.0,14.310645724258286,14163367.0,43.24692213740458,11.517970541178023,60.54947492974412,391.1849020544673,,7940.5,,5.06,,122270000.0,2285.45,4835.06,1499.0,2259.0,18.41,87.11,,-4.1,224.6,20657.0,assessed,1.0,1.0,6.400000000000006,1.0999999999999996,74.0,0.3688378198491348,14163367.0,,,2555.0,528.0,195.0,422.0,851.0,,,,,,main,,,,,175.53598034415168,1.291129739739532,69.99301119969144,1.0603869940587582,1.5,3670.0,495.0,3301.0
2022,Sichuan,四川,binding,74.2,7.7,74.0,7.3,0.2000000000000028,0.4000000000000003,1.0,1.0,0.0,0.0,56610.2,67610.0,8374.0,5965.5,20591.4,30053.3,24328.9,0.363740103373597,0.5308813606028596,9746.0,1840.0,598.0,206.0,134.71,30.28,2286.0,1573.0,3447.0,18918310.0,18918310.0,3886.56,30.28,794.61,4846.0,134.71,1856609.0,9746.0,206.0,1840.0,12390.0,598.0,,,34.0,852.0,,3447.0,3386.0,122676.0,4214.0,1573.0,4325.0,4091.0,2286.0,100.0,100.0,7.25,,70.0,,2558.0,0.2,完成,完成,1.0,3447.0,,6.0,11914.66,4880.55,40.54,16188.7,8.1,10.2,-7.6,0.59,5300775.0,8374.0,149580000.0,4886.0,0.5834726534511584,4846.17,,,,,,3447.0,,1.5,,,,,3163.0,18918310.0,12.79,122676.0,,,,,,,,,,,,,,,147.75,,,,12.22,43.5,,4602.33,,17523.0,68314.26,6.0,7215.77,10.2,0.49,0.59,,86357330.0,49106750.0,64760000.0,8374.0,4886.0,3670.0,4880.55,11914.66,,,,,,0.119,0.0,1.2999999999999998,598.0,183.0,13.472485768500952,5.102040816326525,134.71,30.28,4846.0,3.4046636401155594,2252.6755852842807,1654.6448087431695,3447.0,5.2519083969465585,18918310.0,54.88340586016825,4.663141547108407,60.89008694546213,411.6312395509912,,10974.3,,7.6,,95160000.0,2948.33,7289.07,1071.0,2811.0,21.07,,,7.2,596.6,72560.0,assessed,1.0,1.0,0.2000000000000028,0.4000000000000003,74.0,0.363740103373597,18918310.0,,,3819.0,459.0,263.0,426.0,1914.0,,,,,,main,,,,,175.53598034415168,1.291129739739532,69.99301119969144,1.0603869940587582,1.5,3345.0,202.0,2769.0
2023,Sichuan,四川,binding,76.0,9.4,70.0,8.0,6.0,1.4000000000000004,1.0,1.0,0.0,0.0,60132.9,71835.0,8368.0,6056.6,21306.7,32769.5,26603.6,0.3543268327321649,0.5449512662785264,9759.0,1845.0,770.0,574.0,167.01,52.26,2564.0,1565.0,3711.0,19314233.0,19314233.0,,,,,,2404444.0,9759.0,574.0,1845.0,12947.0,770.0,,,5.0,561.0,,3711.0,3656.0,127967.0,3995.0,1565.0,4923.0,3995.0,2564.0,100.0,100.0,,,,,,6.0,完成,完成,1.0,3711.0,,2.4,12732.79,5529.09,41.83,16705.2,8.5,21.6,29.7,0.65,5718223.0,8368.0,135880000.0,4978.0,0.594885277246654,5006.49,,3863.44,922.61,,,3711.0,,1.5,,,,,3477.0,19314233.0,2.09,127967.0,,,,,,,,,,,,,,,167.8,,,,10.9,44.2,38.0,,,,,2.4,5322.02,21.6,0.53,0.65,,63495500.0,36076550.0,56880000.0,8368.0,4978.0,3623.0,5529.09,12732.79,,5006.49,922.61,3863.44,,0.119,-4.0,0.7000000000000002,770.0,532.0,28.76254180602007,178.64077669902915,167.01,52.26,5006.0,4.380143827407111,2168.961038961039,982.3308270676692,3711.0,7.658833768494344,19314236.0,52.04590676367557,6.2227301793669865,61.713305029359965,443.4751434034417,,10220.2,,13.1,,109060000.0,2755.29,6574.78,,3074.0,13.24,8.32,,25.4,301.0,61548.0,assessed,1.0,1.0,6.0,1.4000000000000004,70.0,0.3543268327321649,19314233.0,,,1911.0,573.0,165.0,464.0,1475.0,,,,,,main,,,,,175.53598034415168,1.291129739739532,69.99301119969144,1.0603869940587582,1.5,2675.0,397.0,2132.0
2024,Sichuan,四川,binding,74.5,10.2,70.0,9.5,4.5,0.6999999999999993,1.0,1.0,0.4000000000000057,1.9000000000000057,64697.0,77333.0,8364.0,5619.9,22816.9,36260.2,27709.8,0.3526732305980185,0.5604618452169343,9770.0,2164.0,890.0,1082.0,191.28,96.06,2284.0,1298.0,4018.0,20297292.0,,,,,,,,,,,,,,,,,,,,,,,,,,99.6,98.1,9.7,,70.0,,,4.5,完成,完成,1.0,3999.69,,2.4,13445.33,5635.08,,,,,,,,8364.0,146940000.0,,,5307.27,,4045.43,974.49,,,3999.69,,1.5,,,,,,,,,,,,,,,,,,,,,,,,,,,,,,,,,,2.4,4793.53,,,,,75357020.0,38845660.0,70870000.0,8364.0,,,5635.08,13445.33,,5307.27,974.49,4045.43,,0.119,0.0,1.5,890.0,905.0,15.58441558441559,88.50174216027875,191.28,96.06,5307.0,5.414358394573206,2149.213483146068,1061.4364640883978,4018.0,8.272702775532203,20297292.0,50.51590841214535,7.590021435852923,62.10488894384593,480.3921568627451,,,,,,840000.0,370.54,2164.94,,,,59.46,,,,,assessed,1.0,1.0,4.5,0.6999999999999993,70.0,0.3526732305980185,20297292.0,,,2386.0,364.0,53.0,278.0,3263.0,,,70.0,,,main,,,,,175.53598034415168,1.291129739739532,69.99301119969144,1.0603869940587582,1.5,3275.0,471.0,2631.0
2025,Sichuan,,,,,,,,,,,,,,,,,,,,,,,,,,,,,,,,,,,,,,,,,,,,,,,,,,,,,,,,,,,,,,,,,,,,,,,,,,,,,,,,,,,,,,,,,,,,,,,,,,,,,,,,,,,,,,,,,,,,,,,,,,,,,,,,,,,,,,,,,,,,,,,,,,,,,,,,,,,,,,,,,,,,,,,,,,,,,,,,,,,,,,,,,,,,,,,,,,,,70.0,80.0,70.0,70.0,70.0,out_of_sample_extension,70.0,70.0,11.9,11.9,175.53598034415168,1.291129739739532,69.99301119969144,1.0603869940587582,1.5,,,
2026,Sichuan,,,,,,,,,,,,,,,,,,,,,,,,,,,,,,,,,,,,,,,,,,,,,,,,,,,,,,,,,,,,,,,,,,,,,,,,,,,,,,,,,,,,,,,,,,,,,,,,,,,,,,,,,,,,,,,,,,,,,,,,,,,,,,,,,,,,,,,,,,,,,,,,,,,,,,,,,,,,,,,,,,,,,,,,,,,,,,,,,,,,,,,,,,,,,,,,,,,,70.0,80.0,70.0,70.0,70.0,out_of_sample_extension,,70.0,,13.6,175.53598034415168,1.291129739739532,69.99301119969144,1.0603869940587582,1.5,,,
2015,Tianjin,,pre_rps,7.8,7.6,,,,,-1.0,-1.0,,,,,,,,,,,,,,,,,,,,,,,,,,,,,,,,,,,,,,,,,,,,,,,,,,,,,,,,,,,,,,,,,,,,,,,,,,,,,,,,,,,,,,,,,,,,,,,,,,,,,,,,,,,,,,,,,,,,,,,,,,,,,,,,,,,,,,,,,,,,,,,,,,,,,,,,,,,107.0,73.5,,0.54,5883.0,913839.0,137.13,1381.46,42.0,95.0,7.83,,106.0,,960.2,2950.0,,,,,,,,,,,,,,,,,,,,,main,,,,,9.695872943448425,1.381625267038939,77.12312943350844,0.996922652619059,3.5,,,
2016,Tianjin,,pre_rps,9.3,9.0,,,,,-1.0,-1.0,,,,,,,,,,,,,,,,,,,,,,,,,,,,,,,,,,,,,,,,,,,,,,,,,,,,,,,,,,,,,,,,,,,,,,,,,,,,,,,,,,,,,,,,,,,,,,,,,,,,,,,,,,,,,,,,,,,,,,,,,,,,,,,,,,,,,,,,,,,,,,,,,,,,,,,,,,,245.03,10540.1,11444.0,30.92,298757.0,26243470.0,2697.88,6339.16,765.0,3491.0,23.83,,215.34,,485.7,127037.0,,,,,,,,482111.0,989.0,79878126.0,813.0,82.0,75.0,82.0,754.0,,,,,,main,,,,,9.695872943448425,1.381625267038939,77.12312943350844,0.996922652619059,3.5,,,
2017,Tianjin,天津,pre-rps,11.0,10.4,,,,,,,,,12450.6,87280.0,1410.0,169.0,4564.1,7717.5,4210.4,0.3665767111625143,0.6198496458002024,1.0,1402.0,29.0,68.0,6.0,6.0,2095.0,1027.0,806.0,708948.0,708948.0,0.1,6.0,584.0,596.0,6.0,560443.0,1.0,68.0,1402.0,1499.0,29.0,6.72,11.0,0.2,22.0,11.0,806.0,1340.0,11725.0,,1027.0,4147.0,3996.0,2095.0,,,,,,,89.0,,,,,805.59,492.81,0.5,3282.54,2310.36,1.65,3942.5,,,,0.11,2411418.0,1410.0,112919165.0,1178.0,0.8354609929078014,611.0,123.0,0.07,603.41,3875.61,305.21,805.59,492.81,3.5,,49.0,6.72,683.0,732.0,708948.0,47.05,11725.0,11725.0,1340.0,835.0,130.0,22.0,,0.2,11.0,11.0,232713.0,,171465.0,305904.0,1056883.0,142.2,2095.0,,4147.0,2.51,36.8,12.1,1061.37,16144.06,4286.0,20739.07,0.5,2233.39,,0.12,0.11,406.81,59909327.0,27158560.0,79052826.0,1410.0,1178.0,3276.0,2310.36,3282.54,,611.0,603.41,0.07,3875.61,0.289,,,19.0,25.0,,,3.0,2.0,25.0,20.0,1578.9473684210527,800.0,1067.0,,53478.0,0.5011996251171509,,85.69868118805519,756.7375886524823,361.0,33782.6,26620.0,38.32,,590778136.0,8171.53,10621.03,21957.0,5911.0,15.85,2.94,332.0,,737.8,447999.0,assessed,,,,,,0.3665767111625143,708948.0,1014.0,88056694.0,289.0,156.0,33.0,156.0,424.0,,,,,,main,,,,,9.695872943448425,1.381625267038939,77.12312943350844,0.996922652619059,3.5,,,
2018,Tianjin,天津,binding,11.4,11.0,11.0,10.5,,,0.0,0.0,0.0,0.0,13362.9,95689.0,1383.0,175.3,4835.3,8352.3,4231.2,0.3618451084719634,0.6250364816020474,1.0,1529.0,52.0,128.0,8.0,8.0,1830.0,864.0,861.0,1719348.0,1719348.0,0.2,8.0,654.0,670.0,8.0,907221.0,1.0,128.0,1529.0,1709.0,52.0,6.71,61.0,229.0,319.0,28.0,861.0,1371.0,11998.0,,864.0,4471.0,4218.0,1830.0,,,,11.6,,12.1,98.2,0.4,完成,完成,1.0,855.14,,-5.6,3103.16,2106.24,1.63,4276.9,-31.6,-22.0,10.6,0.12,2528761.0,1383.0,122557291.0,1161.0,0.8394793926247288,711.47,,0.15,708.49,3832.89,,855.14,,3.5,16.5,53.0,6.71,731.0,784.0,1719348.0,142.52,11998.0,11998.0,1371.0,858.0,4.0,319.0,,229.0,28.0,61.0,226504.0,,163165.0,277470.0,1275473.0,141.45000000000002,1830.0,,4471.0,1.9,38.0,12.1,1200.7,17549.7,4292.0,20939.6,-5.6,2424.49,-22.0,0.12,0.12,,59464245.0,25223011.0,95689169.0,1383.0,1161.0,5016.0,2106.24,3103.16,,711.47,708.49,0.15,3832.89,0.289,,,19.0,40.0,79.3103448275862,88.23529411764706,3.0,3.0,40.0,15.0,1578.9473684210527,750.0,1142.0,6.823821339950364,68415.0,0.5990805604203152,7.327357717700345,85.4604913604083,825.7411424439624,,4276.9,3833.0,1.9,,122557291.0,2106.24,3103.16,,1161.0,1.63,33.94,,10.6,182.2,72449.0,assessed,,,,,,0.3618451084719634,1719348.0,1304.0,94896300.0,132.0,152.0,1.0,152.0,101.0,,,,,,main,,,,,9.695872943448425,1.381625267038939,77.12312943350844,0.996922652619059,3.5,,,
2019,Tianjin,天津,binding,12.6,12.0,13.5,13.5,,,0.0,0.0,0.0,0.0,14055.5,101557.0,1385.0,185.4,4947.2,8922.9,4312.5,0.3519760947671729,0.6348333392622105,1.0,1639.0,60.0,143.0,11.0,15.0,1965.0,1144.0,878.0,1566698.0,1566698.0,0.1,15.0,647.0,673.0,11.0,1223389.0,1.0,143.0,1639.0,1842.0,60.0,6.3,23.0,130.0,165.0,13.0,878.0,1423.0,12570.0,,1144.0,4028.0,3779.0,1965.0,,,,14.9,,14.9,112.0,-0.9,未完成,未完成,1.0,878.0,,13.1,3555.71,2410.41,1.61,4372.3,14.9,9.1,11.7,0.12,2134320.0,1385.0,106645671.0,1168.0,0.8433212996389892,732.98,,0.12,706.6,3766.11,,878.0,,3.5,20.5,51.0,6.3,757.0,808.0,1566698.0,-8.88,12570.0,12570.0,1423.0,879.0,130.0,165.0,,130.0,13.0,23.0,220385.0,,176049.0,261597.0,708366.0,86.63333333333333,1965.0,,4028.0,1.78,37.5,,1247.68,,4813.0,21644.51,13.1,2727.82,9.1,0.12,0.12,,53378939.0,21299703.0,95117194.0,1385.0,1168.0,4939.0,2410.41,3555.71,,732.98,706.6,0.12,3766.11,0.289,,,19.0,51.0,15.384615384615374,11.71875,3.0,5.0,51.0,15.68627450980392,1578.9473684210527,980.3921568627452,1166.0,1.9744483159117365,38514.0,0.3303087478559177,5.183006682681168,82.95684963181672,841.8772563176896,,5400.5,7533.0,23.58,,33692437.0,2073.56,6770.09,854.0,2294.0,26.24,,,11.0,319.8,119331.0,assessed,,,,,,0.3519760947671729,1566698.0,1489.0,99813901.0,1058.0,58.0,3.0,58.0,1282.0,,,,,,main,,,,,9.695872943448425,1.381625267038939,77.12312943350844,0.996922652619059,3.5,,,
2020,Tianjin,天津,binding,16.1,15.1,14.5,14.0,,,0.0,0.0,0.2,0.0,14008.0,101068.0,1387.0,210.3,4911.8,8885.9,3747.1,0.350642490005711,0.6343446601941747,1.0,1668.0,85.0,164.0,12.0,19.0,1769.0,1265.0,875.0,1873341.0,1873341.0,0.1,19.0,668.0,699.0,12.0,1044922.0,1.0,164.0,1668.0,1917.0,85.0,4.75,21.0,94.0,147.0,32.0,875.0,1437.0,14628.0,,1265.0,4015.0,3743.0,1769.0,,,,15.4,,15.9,141.0,1.6,完成,完成,1.0,875.0,,3.0,3151.35,1923.11,1.64,4296.4,26.7,0.6,8.3,0.12,2287717.0,1387.0,106321816.0,1175.0,0.8471521268925739,771.61,,0.1,741.04,,,875.0,,3.5,24.5,38.0,4.75,759.0,797.0,1873341.0,19.57,14628.0,14628.0,1437.0,878.0,119.0,147.0,,94.0,32.0,21.0,258206.0,,179820.0,295195.0,639701.0,90.7,1769.0,,4015.0,1.02,37.6,,971.15,,5120.0,21666.02,3.0,2608.54,0.6,0.14,0.12,,55103412.0,20266397.0,85191584.0,1387.0,1175.0,4449.0,1923.11,3151.35,,771.61,741.04,0.1,,0.289,,,84.0,134.0,41.66666666666667,14.685314685314687,11.64,18.83,772.0,,,,875.0,-0.3416856492027387,1873341.0,,-0.3379459997865597,62.46430611079384,630.8579668348955,,13174.7,,9.72,,62245676.0,2511.54,8442.88,2381.0,3613.0,28.96,1.01,,-19.9,477.9,198108.0,assessed,1.0,1.0,1.6000000000000014,1.0999999999999996,14.5,0.350642490005711,1873341.0,1489.0,101777451.0,808.0,66.0,31.0,66.0,501.0,,,,,,main,,,,,9.695872943448425,1.381625267038939,77.12312943350844,0.996922652619059,3.5,210.0,12.0,210.0
2021,Tianjin,天津,binding,19.5,18.4,17.0,16.0,,,0.0,0.0,0.0,0.1,15685.1,113660.0,1373.0,265.9,5672.7,9746.5,4029.3,0.3616617044201184,0.6213859012693576,1.0,1884.0,130.0,178.0,18.0,20.0,1883.0,1235.0,982.0,2260257.0,2260257.0,0.21,19.98,761.85,800.0,17.69,1027660.0,1.0,178.0,1884.0,2192.0,130.0,,,66.0,125.0,,982.0,1472.0,15673.0,,1235.0,3921.0,3655.0,1883.0,100.0,99.9,,17.6,,18.7,191.0,2.5,完成,完成,1.0,982.0,,4.8,3152.55,2141.06,1.53,5056.5,4.4,13.8,-3.7,0.12,2512635.0,1373.0,129680000.0,1165.0,0.8485069191551348,799.73,,,,,,982.0,,3.5,,,,,854.0,2260257.0,20.65,15673.0,,,,,,,,,,,,,,,14.9,,,,0.85,38.3,,1503.27,,5662.0,23497.33,4.8,2769.98,13.8,0.14,0.12,,66711070.0,27217370.0,100252158.0,1373.0,1165.0,4392.0,2141.06,3152.55,,799.73,,,,0.289,2.5,2.0,130.0,140.0,52.941176470588225,8.536585365853666,17.69,19.98,800.0,4.70875,1360.7692307692307,1427.142857142857,982.0,12.228571428571433,2260257.0,23.01687372708757,11.972444317532837,62.607187713180025,715.2221412964311,,10676.7,,0.58,,628520000.0,7771.8,8430.86,20833.0,2223.0,1.31,17.24,,10.3,425.2,110942.0,assessed,1.0,1.0,2.5,2.3999999999999986,17.0,0.3616617044201184,2260257.0,1550.0,99580326.0,616.0,57.0,22.0,57.0,366.0,,,,,,main,,,,,9.695872943448425,1.381625267038939,77.12312943350844,0.996922652619059,3.5,154.0,7.0,154.0
2022,Tianjin,天津,binding,21.1,19.4,18.4,17.5,2.700000000000003,1.8999999999999984,1.0,1.0,0.0,0.0,16132.2,117925.0,1363.0,273.2,5982.3,9876.7,3900.1,0.3708297690333618,0.6122351570151623,1.0,1896.0,145.0,221.0,25.51,23.52,1852.0,1343.0,991.0,2283602.0,2283602.0,0.14,23.52,715.72,765.0,25.51,921607.0,1.0,221.0,1896.0,2262.0,145.0,,,12.0,67.0,,991.0,1492.0,15941.0,,1343.0,3689.0,3430.0,1852.0,100.0,100.0,17.25,,18.42,,209.0,2.7,完成,完成,1.0,991.0,,-9.9,2729.83,1846.69,1.52,5329.0,11.9,-1.2,-4.5,0.13,2845710.0,1363.0,124400000.0,1160.0,0.851063829787234,764.89,,,,,,991.0,,3.5,,,,,862.0,2283602.0,1.03,15941.0,,,,,,,,,,,,,,,-3.0,,,,0.65,38.4,,1685.62,,5812.0,25797.4,-9.9,2127.94,-1.2,0.14,0.13,,59481950.0,24737590.0,107930000.0,1363.0,1160.0,4372.0,1846.69,2729.83,,,,,,0.289,1.3999999999999986,1.5,140.0,123.0,11.538461538461542,24.157303370786522,25.51,23.52,765.0,6.409150326797386,1822.142857142857,1912.19512195122,991.0,0.9164969450101923,2283602.0,23.0434106962664,2.85047592938521,61.42993516073443,727.0726338958181,,5115.5,,0.11,,545170000.0,5714.36,7469.15,12749.0,1913.0,2.24,,,29.8,182.9,3144.0,assessed,1.0,1.0,2.700000000000003,1.8999999999999984,18.4,0.3708297690333618,2283602.0,1567.0,105137714.0,501.0,66.0,14.0,64.0,491.0,,,,,,main,,,,,9.695872943448425,1.381625267038939,77.12312943350844,0.996922652619059,3.5,244.0,127.0,210.0
2023,Tianjin,天津,binding,23.2,21.2,19.5,18.7,3.6999999999999993,2.5,1.0,1.0,0.0,0.0,16737.3,122752.0,1364.0,268.5,5982.6,10486.2,4261.7,0.3574411643455037,0.6265168217095948,1.0,1907.0,171.0,490.0,31.91,38.61,2089.0,1307.0,1051.0,2409984.0,2409984.0,,,,,,874154.0,1.0,490.0,1907.0,2568.0,171.0,,,23.0,321.0,,1051.0,1513.0,16084.0,,1307.0,3826.0,3498.0,2089.0,100.0,100.0,,,,,,3.7,完成,完成,1.0,1051.0,,-16.4,3280.42,2027.51,1.52,5359.0,-16.7,-5.6,14.3,0.13,2959946.0,1364.0,113890000.0,1166.0,0.8548387096774194,837.45,,0.11,766.83,,,1051.0,,3.5,,,,,918.0,2409984.0,5.53,16084.0,,,,,,,,,,,,,,,-1.1,,,,0.63,38.2,12.1,,,,,-16.4,1232.04,-5.6,0.14,0.13,,52887960.0,22429150.0,95820000.0,1364.0,1166.0,4395.0,2027.51,3280.42,,837.45,766.83,0.11,,0.289,1.1000000000000014,1.1999999999999993,165.0,303.0,17.931034482758612,121.71945701357467,31.91,38.61,837.0,8.425328554360812,1933.939393939394,1274.2574257425742,1051.0,6.054490413723501,2409984.0,22.930390104662223,3.7508833265146535,62.793879538515775,770.5278592375366,,5682.8,,13.44,,10780000.0,2078.37,6203.7,,2162.0,21.98,10.5,,51.6,241.4,48809.0,assessed,1.0,1.0,3.6999999999999993,2.5,19.5,0.3574411643455037,2409984.0,1668.0,123550290.0,756.0,1835.0,1798.0,1833.0,643.0,,,,,,main,,,,,9.695872943448425,1.381625267038939,77.12312943350844,0.996922652619059,3.5,768.0,308.0,657.0
2024,Tianjin,天津,binding,29.0,27.2,24.2,22.2,4.800000000000001,5.0,1.0,1.0,1.0,1.0,18024.3,132143.0,1364.0,284.3,6214.3,11525.8,4128.3,0.344773444738492,0.6394589526361634,1.0,1894.0,219.0,724.0,36.81,79.43,1955.0,1468.0,1085.0,2202783.0,,,,,,,,,,,,,,,,,,,,,,,,,,99.0,99.0,20.4,,20.5,,,4.8,完成,完成,1.0,1085.3,,3.1,3620.68,2133.68,,,,,,,,1364.0,114060000.0,,,879.95,,0.14,763.57,,,1085.3,,3.5,,,,,,,,,,,,,,,,,,,,,,,,,,,,,,,,,,3.1,1262.23,,,,,50673940.0,23063370.0,92720000.0,1364.0,,,2133.68,3620.68,,879.95,763.57,0.14,,0.289,4.699999999999999,3.5,209.0,358.0,28.07017543859649,47.755102040816325,36.81,79.43,880.0,13.209090909090907,1761.244019138756,2218.715083798883,1085.0,3.2350142721217834,2202783.0,20.302147465437788,7.689412270796359,60.19651248592179,795.4545454545455,,,,,,115260000.0,4398.91,11460.99,,,,4.27,,,,,assessed,1.0,1.0,4.800000000000001,5.0,24.2,0.344773444738492,2202783.0,1590.0,123226944.0,447.0,233.0,151.0,233.0,334.0,,,25.2,,,main,,,,,9.695872943448425,1.381625267038939,77.12312943350844,0.996922652619059,3.5,566.0,189.0,538.0
2025,Tianjin,,,,,,,,,,,,,,,,,,,,,,,,,,,,,,,,,,,,,,,,,,,,,,,,,,,,,,,,,,,,,,,,,,,,,,,,,,,,,,,,,,,,,,,,,,,,,,,,,,,,,,,,,,,,,,,,,,,,,,,,,,,,,,,,,,,,,,,,,,,,,,,,,,,,,,,,,,,,,,,,,,,,,,,,,,,,,,,,,,,,,,,,,,,,,,,,,,,,29.7,80.0,25.3,29.7,29.7,out_of_sample_extension,29.7,29.7,28.9,28.9,9.695872943448425,1.381625267038939,77.12312943350844,0.996922652619059,3.5,,,
2026,Tianjin,,,,,,,,,,,,,,,,,,,,,,,,,,,,,,,,,,,,,,,,,,,,,,,,,,,,,,,,,,,,,,,,,,,,,,,,,,,,,,,,,,,,,,,,,,,,,,,,,,,,,,,,,,,,,,,,,,,,,,,,,,,,,,,,,,,,,,,,,,,,,,,,,,,,,,,,,,,,,,,,,,,,,,,,,,,,,,,,,,,,,,,,,,,,,,,,,,,,30.7,80.0,30.7,30.7,30.7,out_of_sample_extension,,30.7,,30.0,9.695872943448425,1.381625267038939,77.12312943350844,0.996922652619059,3.5,,,
2015,Tibet,,pre_rps,84.4,8.2,,,,,-1.0,-1.0,,,,,,,,,,,,,,,,,,,,,,,,,,,,,,,,,,,,,,,,,,,,,,,,,,,,,,,,,,,,,,,,,,,,,,,,,,,,,,,,,,,,,,,,,,,,,,,,,,,,,,,,,,,,,,,,,,,,,,,,,,,,,,,,,,,,,,,,,,,,,,,,,,,,,,,,,,,140.0,3458.9,1165.0,7.12,151733.0,319440570.0,4723.86,5737.7,9807.0,1897.0,2.19,16.88,135.0,,176.8,99958.0,,,,,,,,,,,,,,,,,,,,,main,,,,,74.92357860539856,1.244407203566513,,,,,,
2016,Tibet,,pre_rps,84.9,10.1,,,,,-1.0,-1.0,,,,,,,,,,,,,,,,,,,,,,,,,,,,,,,,,,,,,,,,,,,,,,,,,,,,,,,,,,,,,,,,,,,,,,,,,,,,,,,,,,,,,,,,,,,,,,,,,,,,,,,,,,,,,,,,,,,,,,,,,,,,,,,,,,,,,,,,,,,,,,,,,,,,,,,,,,,144.69,3501.7,13643.0,35.37,100720.0,5699617.0,1561.34,4262.36,257.0,1712.0,19.16,3.41,98.1,,283.1,56904.0,,,,,,,,90851.0,,,588.0,35.0,4.0,17.0,33.0,,,,,,main,,,,,74.92357860539856,1.244407203566513,,,,,,
2017,Tibet,西藏,pre-rps,83.8,14.0,,,,,,,,,1349.0,39158.0,349.0,118.2,469.6,761.2,618.8,0.3481097108969607,0.5642698295033358,158.0,40.0,1.0,79.0,0.1,6.0,1672.0,894.0,58.0,92736.0,92736.0,51.0,6.0,0.4,58.0,0.1,1474796.0,158.0,79.0,40.0,281.0,1.0,13.74,47.0,,48.0,,58.0,335.0,19708.0,3229.0,894.0,111.0,2180.0,1672.0,,,,,,,49.0,,,,,58.19,285.07,18.5,1681.94,185.83,8.93,110.1,,,,0.08,3186.0,349.0,863450.0,116.0,0.332378223495702,55.66,205.0,48.29,1.62,,284.43,58.19,285.07,,,8.0,13.74,50.0,58.0,92736.0,2.07,19708.0,19429.0,335.0,6.0,58.0,48.0,2.0,,,47.0,187146.0,158855.0,,196814.0,754854.0,200.0,1672.0,3229.0,111.0,0.3,34.8,12.1,26.6,214.98,116.0,1393.75,18.5,40.36,,0.06,0.08,,551.0,0.0,240892.0,349.0,116.0,1232.0,185.83,1681.94,,55.66,1.62,48.29,,,,,825.0,238.0,,,188.0,28.0,238.0,90.7563025210084,2278.787878787879,1176.470588235294,1538.0,,14346022.0,93.27712613784136,,1140.1037805782062,4406.8767908309455,329.0,16741.4,22669.0,13.98,,77630090.0,3407.22,8215.52,1184.0,4970.0,26.78,2.98,282.0,,244.9,504559.0,exempt,,,,,,0.3481097108969607,92736.0,,,2667.0,8.0,,8.0,123.0,,,,,,main,,,,,74.92357860539856,1.244407203566513,,,,,,
2018,Tibet,西藏,pre-rps,89.0,16.9,,,,,,,0.0,0.0,1548.4,44051.0,354.0,128.3,582.7,837.3,711.8,0.3763239473004391,0.5407517437354689,160.0,42.0,1.0,98.0,0.1,8.4,1863.0,900.0,69.0,88280.0,88280.0,57.0,8.4,1.0,67.0,0.1,936625.0,160.0,98.0,42.0,304.0,1.0,12.92,12.0,,13.0,,69.0,377.0,23415.0,3597.0,900.0,304.0,2276.0,1863.0,,,,,,,61.42,,不考核,不考核,0.0,69.02,,9.8,1970.68,230.35,9.78,127.0,6.1,50.6,-15.8,0.08,8625.0,354.0,723178.0,120.0,0.3389830508474576,66.64,,57.28,2.93,,,69.02,,,,9.0,12.92,60.0,69.0,88280.0,-4.81,23415.0,23131.0,377.0,6.0,54.0,13.0,1.0,,,12.0,158814.0,145293.0,,165238.0,834818.0,190.6,1863.0,3597.0,304.0,0.36,37.3,12.1,17.4,257.6,123.0,1570.0,9.8,92.6,50.6,0.06,0.08,,963.0,0.0,234104.0,354.0,120.0,1750.0,230.35,1970.68,,66.64,2.93,57.28,,,,,857.0,326.0,0.0,24.0506329113924,220.0,34.0,326.0,77.91411042944786,2567.0945157526253,1042.9447852760736,1679.0,18.965517241379317,15789781.0,94.04276950565811,14.78131949592292,1084.345130457246,4742.937853107344,,3266.7,13371.0,14.61,,26437359.0,1282.6,4676.75,,2111.0,16.71,43.54,,13.3,909.6,73141.0,exempt,,,,,,0.3763239473004391,88280.0,,,2306.0,8.0,,8.0,884.0,,,,,,main,,,,,74.92357860539856,1.244407203566513,,,,,,
2019,Tibet,西藏,pre-rps,88.7,20.9,,,,,,,0.0,24.1,1697.8,47491.0,361.0,138.2,635.6,924.0,787.8,0.3743668276593238,0.5442337142184003,170.0,42.0,1.0,110.0,0.1,13.0,2173.0,1210.0,78.0,173084.0,173084.0,68.0,13.0,1.0,84.0,0.1,889505.0,170.0,110.0,42.0,327.0,1.0,12.8,12.0,,26.0,,78.0,382.0,25171.0,4116.0,1210.0,297.0,2638.0,2173.0,,,,,,,69.0,,不考核,不考核,0.0,78.0,,-2.2,2187.75,221.99,10.4,131.7,-7.8,13.5,1.3,0.08,5574.0,361.0,702863.0,125.0,0.3462603878116344,85.51,,68.49,3.88,,,78.0,,,,10.0,12.8,67.0,77.0,173084.0,96.06,25171.0,24886.0,382.0,6.0,54.0,26.0,14.0,,,12.0,200152.0,200152.0,,204787.0,1011244.0,191.45,2173.0,4116.0,297.0,0.34,37.6,,6.94,,148.0,1726.29,-2.2,129.56,13.5,0.06,0.08,,731.0,0.0,61695.0,361.0,125.0,1671.0,221.99,2187.75,,85.51,3.88,68.49,,,,,863.0,375.0,0.0,12.244897959183664,242.0,48.0,375.0,77.33333333333333,2804.171494785632,1280.0,1812.0,13.043478260869556,16638387.0,91.82332781456954,9.648669594420037,1067.2635174932266,5019.390581717452,,3831.0,23702.0,23.86,,23707348.0,1577.63,5315.49,234.0,1421.0,19.42,342.03,,-3.5,2346.1,149567.0,exempt,,,,,,0.3743668276593238,173084.0,,,1532.0,7.0,,7.0,106.0,,,,,,main,,,,,74.92357860539856,1.244407203566513,,,,,,
2020,Tibet,西藏,pre-rps,87.1,21.6,,,,,,,0.0,25.4,1902.7,52280.0,366.0,150.3,714.9,1037.5,774.2,0.3757292268881063,0.5452777631786409,210.0,43.0,1.0,137.0,0.2,14.0,1890.0,1116.0,82.0,181361.0,181361.0,70.0,14.0,1.0,87.0,0.2,1063915.0,210.0,137.0,43.0,395.0,1.0,13.1,27.0,,66.0,,82.0,533.0,37340.0,3821.0,1116.0,313.0,2454.0,1890.0,,,,,,,72.0,,不考核,不考核,0.0,82.0,,5.4,2210.92,220.99,11.82,158.6,-6.4,36.8,20.3,0.08,8944.0,366.0,310532.0,131.0,0.3579234972677595,88.9,,70.24,4.12,,,82.0,,,,11.0,13.1,71.0,82.0,181361.0,4.78,37340.0,37165.0,533.0,6.0,54.0,66.0,39.0,,,27.0,242416.0,239661.0,,245198.0,1333656.0,196.6,1890.0,3821.0,313.0,0.57,38.1,,19.17,,167.0,2044.0,5.4,165.47,36.8,0.06,0.08,,21121.0,38.0,30211.0,366.0,131.0,1584.0,220.99,2210.92,,88.9,4.12,70.24,,,,,1.0,137.0,0.0,24.545454545454536,0.14,14.22,89.0,,,,82.0,5.128205128205132,181361.0,,12.068559312050889,43.09665212592631,224.04371584699453,,13401.0,,16.31,,116898171.0,4260.89,11198.54,1735.0,4749.0,39.44,463.34,,-1.0,283.3,244414.0,exempt,1.0,1.0,87.1,21.6,0.0,0.3757292268881063,181361.0,,,2137.0,7.0,,7.0,91.0,,,,,,main,,,,,74.92357860539856,1.244407203566513,,,,132.0,,132.0
2021,Tibet,西藏,pre-rps,94.1,20.8,,,,,,,0.0,19.8,2080.2,56831.0,366.0,164.1,757.3,1158.8,856.6,0.3640515335063936,0.5570618209787521,291.0,43.0,3.0,139.0,0.1,17.0,1929.0,1299.0,101.0,255412.0,255412.0,93.22,15.93,3.48,113.0,0.14,278668.0,291.0,139.0,43.0,480.0,3.0,,,,86.0,,101.0,533.0,37457.0,4470.0,1299.0,273.0,2923.0,1929.0,100.0,80.2,,,,,95.0,,不考核,不考核,0.0,101.0,,-14.2,2027.01,215.62,12.01,189.9,-18.5,-23.3,-37.6,0.12,24782.0,366.0,610000.0,134.0,0.366120218579235,112.77,,,,,,101.0,,,,,,,101.0,255412.0,40.83,37457.0,,,,,,,,,,,,,,,225.75,,,,0.22,38.2,,50.1,,186.0,2253.34,-14.2,141.97,-23.3,0.06,0.12,,6700.0,420.0,226192.0,366.0,134.0,1538.0,215.62,2027.01,,112.77,,,,,0.0,0.0,1.0,137.0,200.0,1.4598540145985384,0.14,15.93,113.0,14.221238938053096,1400.0000000000002,1162.7737226277372,101.0,23.17073170731707,255412.0,25.288316831683165,9.328848478477948,48.55302374771657,275.95628415300547,,26894.1,,16.53,,437990000.0,7284.46,11713.16,10582.0,6503.0,28.81,6.22,,-6.9,206.6,376918.0,exempt,0.0,0.0,94.1,20.8,0.0,0.3640515335063936,255412.0,,,1002.0,14.0,8.0,14.0,64.0,,,,,,main,,,,,74.92357860539856,1.244407203566513,,,,87.0,4.0,87.0
2022,Tibet,西藏,pre-rps,95.8,19.7,,,,,,,0.0,20.0,2150.2,58908.0,364.0,186.2,787.1,1176.8,781.6,0.3660589712584876,0.5472979257743465,292.0,43.0,3.0,178.0,0.9,18.57,3044.0,1392.0,119.0,225456.0,225456.0,105.57,18.57,3.19,128.0,0.9,560954.0,292.0,178.0,42.0,519.0,3.0,,,,43.0,,119.0,558.0,37234.0,3755.0,1392.0,277.0,2772.0,3044.0,100.0,80.0,,,,,114.0,,不考核,不考核,0.0,119.0,,-18.0,2592.98,179.63,12.09,214.9,-15.0,-46.4,40.2,0.12,17043.0,364.0,690000.0,136.0,0.3736263736263736,128.23,,,,,,119.0,,,,,,,118.0,225456.0,-11.73,37234.0,,,,,,,,,,,,,,,,,,,0.27,40.8,,62.74,,190.0,2382.81,-18.0,60.68,-46.4,0.06,0.12,,1080.0,3.0,20000.0,364.0,136.0,1516.0,179.63,2592.98,,,,,,,0.0,0.0,3.0,178.0,0.0,28.057553956834536,0.9,18.57,128.0,15.2109375,3000.0,1043.258426966292,119.0,17.821782178217816,225456.0,18.945882352941176,3.3650610518219493,55.34368895916659,326.9230769230769,,3528.8,,5.51,,23390000.0,851.0,4044.01,713.0,1496.0,10.98,,,35.8,442.5,12582.0,exempt,0.0,0.0,95.8,19.7,0.0,0.3660589712584876,225456.0,,,179.0,9.0,3.0,9.0,16.0,,,,,,main,,,,,74.92357860539856,1.244407203566513,,,,170.0,105.0,169.0
2023,Tibet,西藏,pre-rps,94.1,22.2,,,,,,,0.0,22.0,2392.7,65642.0,365.0,215.0,883.0,1294.7,963.4,0.369039160780708,0.5411041919170811,312.0,42.0,18.0,257.0,1.46,25.52,3472.0,1239.0,135.0,256973.0,256973.0,,,,,,546639.0,312.0,257.0,42.0,633.0,18.0,,,,114.0,,135.0,571.0,37518.0,3750.0,1239.0,213.0,2516.0,3472.0,100.0,78.0,,,,,,,不考核,不考核,0.0,135.0,,35.1,2809.02,236.62,12.27,252.3,34.8,38.2,48.0,0.12,11538.0,365.0,1540000.0,142.0,0.3890410958904109,163.02,,132.14,3.89,,,135.0,,,,,,,135.0,256973.0,13.98,37518.0,,,,,,,,,,,,,,,,,,,0.31,42.5,12.1,,,,,35.1,79.41,38.2,0.06,0.12,,2450.0,40.0,60000.0,365.0,142.0,1544.0,236.62,2809.02,,163.02,3.89,132.14,,,0.0,0.0,18.0,253.0,500.0,44.38202247191012,1.46,25.52,163.0,16.552147239263803,811.1111111111111,1008.695652173913,135.0,13.4453781512605,256973.0,19.03503703703704,11.278020649241927,56.42161574789986,369.8630136986301,,2130.1,,5.31,,2930000.0,502.31,1751.38,,491.0,3.87,2.23,,35.1,889.5,107027.0,exempt,0.0,0.0,94.1,22.2,0.0,0.369039160780708,256973.0,,,988.0,138.0,90.0,138.0,80.0,,,,,,main,,,,,74.92357860539856,1.244407203566513,,,,945.0,764.0,935.0
2024,Tibet,西藏,pre-rps,89.6,25.5,,,,,,,17.0,31.40000000000001,2764.9,75237.0,370.0,247.5,1016.1,1501.4,1032.8,0.36749972874245,0.5430214474302868,313.0,43.0,53.0,414.0,4.4,30.82,1844.0,1017.0,154.0,181506.0,,,,,,,,,,,,,,,,,,,,,,,,,,83.0,68.6,,,,,,,不考核,不考核,0.0,154.0,,19.6,2919.55,277.2,,,,,,,,370.0,1780000.0,,,171.63,,132.71,3.7,,,154.0,,,,,,,,,,,,,,,,,,,,,,,,,,,,,,,,,,,,19.6,45.25,,,,,1290.0,60.0,60000.0,370.0,,,277.2,2919.55,,171.63,3.7,132.71,,,0.0,0.0,53.0,409.0,194.44444444444446,61.08949416342413,4.4,30.82,172.0,20.47674418604651,830.188679245283,753.5452322738387,154.0,14.074074074074083,181506.0,11.786103896103898,15.55564843064321,55.69821693370465,416.2162162162162,,,,,,100510000.0,2595.36,5621.27,,,,98.92,,,,,exempt,0.0,0.0,89.6,25.5,0.0,0.36749972874245,181506.0,,,1187.0,117.0,34.0,106.0,232.0,,,,,,main,,,,,74.92357860539856,1.244407203566513,,,,1067.0,117.0,1016.0
2015,Xinjiang,,pre_rps,22.6,10.5,,,,,-1.0,-1.0,,,,,,,,,,,,,,,,,,,,,,,,,,,,,,,,,,,,,,,,,,,,,,,,,,,,,,,,,,,,,,,,,,,,,,,,,,,,,,,,,,,,,,,,,,,,,,,,,,,,,,,,,,,,,,,,,,,,,,,,,,,,,,,,,,,,,,,,,,,,,,,,,,,,,,,,,,,681.0,28802.6,27209.0,83.51,621303.0,545560447.0,8028.59,9687.58,20143.0,5612.0,15.88,0.37,578.0,,721.0,621741.0,,,,,,,,,,,,,,,,,,,,,main,,,,,1669.6473898990444,1.2727500711015305,2671.171273634589,0.6342795162809282,0.6999999999999993,,,
2016,Xinjiang,,pre_rps,22.9,11.1,,,,,-1.0,-1.0,,,,,,,,,,,,,,,,,,,,,,,,,,,,,,,,,,,,,,,,,,,,,,,,,,,,,,,,,,,,,,,,,,,,,,,,,,,,,,,,,,,,,,,,,,,,,,,,,,,,,,,,,,,,,,,,,,,,,,,,,,,,,,,,,,,,,,,,,,,,,,,,,,,,,,,,,,,173.27,3773.0,4230.0,2.67,91534.0,102655947.0,2723.5,3699.43,5864.0,1202.0,1.68,19.69,135.88,,175.0,103597.0,,,,,,,,3606551.0,1263.0,64353047.0,3483.0,1713.0,172.0,1650.0,1890.0,,,,,,main,,,,,1669.6473898990444,1.2727500711015305,2671.171273634589,0.6342795162809282,0.6999999999999993,,,
2017,Xinjiang,新疆,pre-rps,26.0,13.1,,,,,,,,,11159.9,45476.0,2480.0,1551.8,4096.2,5511.9,3249.8,0.367046299698026,0.493902275109992,702.0,5207.0,1836.0,934.0,318.0,107.0,1748.0,1156.0,2543.0,4399513.0,4399513.0,256.0,107.0,2349.0,3030.0,318.0,1380864.0,702.0,934.0,5207.0,8679.0,1836.0,7.8,21.0,462.0,560.0,30.0,2543.0,1830.0,78265.0,3755.0,1156.0,4719.0,3605.0,1748.0,,,,,,,521.0,,,,,2542.85,1344.37,16.5,4637.24,1466.52,18.53,3266.1,,,,0.59,400468.0,2480.0,20568530.0,1287.0,0.5189516129032258,3010.78,373.0,243.5,2368.88,20369.91,767.08,2542.85,1344.37,0.6999999999999993,,74.0,7.8,877.0,951.0,4399513.0,21.99,78265.0,75539.0,1830.0,430.0,159.0,560.0,47.0,462.0,30.0,21.0,411840.0,106858.0,297848.0,415066.0,1575262.0,155.70000000000002,1748.0,3755.0,4719.0,33.69,40.0,4.9,722.57,9730.75,2955.0,20365.22,16.5,1037.86,,0.14,0.59,,144825.0,69508.0,14136987.0,2480.0,1287.0,2436.0,1466.52,4637.24,,3010.78,2368.88,243.5,20369.91,0.214,,,942.0,620.0,,,155.0,76.0,620.0,37.25806451612903,1645.435244161359,1225.8064516129032,978.0,,5270707.0,53.89270961145194,,87.6351938637443,394.35483870967744,247.0,4347.8,7211.0,26.01,,23451109.0,1886.17,5712.97,1237.0,2172.0,24.25,0.04,222.0,,327.2,59617.0,assessed,,,,,,0.367046299698026,4399513.0,1523.0,73978073.0,1648.0,188.0,4.0,185.0,490.0,,,,,,main,,,,,1669.6473898990444,1.2727500711015305,2671.171273634589,0.6342795162809282,0.6999999999999993,,,
2018,Xinjiang,新疆,binding,26.8,14.7,21.0,11.5,,,0.0,0.0,22.9,15.5,12809.4,51238.0,2520.0,1692.1,4657.2,6460.1,3429.1,0.3635767483254485,0.5043249488656768,702.0,5377.0,1921.0,978.0,358.0,116.0,1941.0,1228.0,2686.0,4921421.0,4921421.0,254.0,116.0,2506.0,3235.0,358.0,1431238.0,702.0,978.0,5377.0,8978.0,1921.0,7.75,87.0,214.0,385.0,74.0,2686.0,1877.0,81047.0,3626.0,1228.0,4647.0,3641.0,1941.0,77.1,84.5,,12.7,,23.1,573.5,5.8,完成,完成,1.0,2686.48,,-25.2,5012.45,1531.42,18.9,3758.5,-41.7,-9.1,-16.3,0.6,448779.0,2520.0,19999747.0,1361.0,0.540079365079365,3283.25,,245.9,2572.95,21790.02,,2686.48,,0.6999999999999993,1.05,90.0,7.75,1072.0,1162.0,4921421.0,11.86,81047.0,78382.0,1877.0,430.0,124.0,385.0,10.0,214.0,74.0,87.0,953524.0,372971.0,515725.0,948755.0,3249497.0,155.79999999999998,1941.0,3626.0,4647.0,27.51,39.6,4.9,788.8,10328.2,3025.0,20947.6,-25.2,1033.44,-9.1,0.19,0.6,,167318.0,76687.0,19323037.0,2520.0,1361.0,2525.0,1531.42,5012.45,,3283.25,2572.95,245.9,21790.02,0.214,,,1011.0,816.0,4.629629629629628,4.7109207708779355,187.0,97.0,816.0,34.80392156862745,1849.6538081107813,1188.7254901960785,1065.0,5.623279591034214,7304220.0,68.58422535211268,14.78059839245871,83.14206754414727,422.6190476190476,,14849.6,11100.0,12.08,,52781547.0,3307.08,7258.27,,3609.0,27.5,5.13,,9.5,502.4,137434.0,assessed,,,,,,0.3635767483254485,4921421.0,1680.0,83995079.0,3032.0,233.0,40.0,228.0,718.0,,,,,,main,,,,,1669.6473898990444,1.2727500711015305,2671.171273634589,0.6342795162809282,0.6999999999999993,,,
2019,Xinjiang,新疆,binding,21.9,11.1,21.0,12.0,,,0.0,0.0,14.0,7.4,13597.1,53542.0,2559.0,1781.8,4784.4,7030.9,3625.2,0.3518691485684447,0.5170882026314434,773.0,5813.0,1956.0,1072.0,407.0,132.0,2113.0,1284.0,2868.0,6671026.0,6671026.0,290.0,132.0,2777.0,3606.0,407.0,1285633.0,773.0,1072.0,5813.0,9614.0,1956.0,7.85,96.0,298.0,469.0,65.0,2868.0,1946.0,85176.0,3762.0,1284.0,5069.0,3918.0,2113.0,86.0,93.0,,13.2,,23.1,631.0,0.9,完成,未完成,1.0,2868.0,,2.5,5315.49,1577.63,19.42,3831.0,-0.4,-1.7,-3.5,0.69,441347.0,2559.0,23707348.0,1421.0,0.5552950371238765,3670.49,,292.0,2829.19,23702.13,,2868.0,,0.6999999999999993,8.0,103.0,7.85,1209.0,1312.0,6671026.0,37.58,85176.0,82456.0,1946.0,434.0,128.0,469.0,10.0,298.0,65.0,96.0,1062274.0,377987.0,594125.0,1864852.0,3528122.0,150.15,2113.0,3762.0,5069.0,23.86,39.9,,680.95,,3182.0,23214.43,2.5,1074.04,-1.7,0.22,0.69,,174662.0,67388.0,20110856.0,2559.0,1421.0,3667.0,1577.63,5315.49,,3670.49,2829.19,292.0,23702.13,0.214,,,1116.0,918.0,1.8219677251431587,9.61145194274029,186.0,115.0,918.0,32.78867102396514,1666.6666666666667,1252.723311546841,1084.0,6.775874906924795,9124350.0,84.17297047970479,6.149390291504675,79.7228820851505,423.6029699101212,,9565.1,4238.0,0.75,,493905026.0,7165.1,8179.28,18386.0,2214.0,1.3,12.47,,-17.9,415.9,299377.0,assessed,,,,,,0.3518691485684447,6671026.0,1731.0,101631578.0,1868.0,296.0,80.0,292.0,1286.0,,,,,,main,,,,,1669.6473898990444,1.2727500711015305,2671.171273634589,0.6342795162809282,0.6999999999999993,,,
2020,Xinjiang,新疆,binding,20.5,10.9,20.0,10.5,,,0.0,0.0,10.0,5.0,13800.7,53606.0,2590.0,1981.3,4786.7,7032.8,3078.3,0.3468447252675589,0.5095973392653995,800.0,6337.0,2361.0,1266.0,434.0,157.0,2153.0,1396.0,3099.0,9599769.0,9599769.0,268.0,157.0,3193.0,4052.0,434.0,1640898.0,800.0,1266.0,6337.0,10763.0,2361.0,7.75,180.0,403.0,1062.0,399.0,3099.0,2083.0,99530.0,3430.0,1396.0,5260.0,4065.0,2153.0,,,,11.6,,22.1,652.0,0.5,完成,完成,1.0,3099.0,,16.2,5533.16,1477.22,20.92,3683.0,21.3,-3.2,45.6,0.78,391939.0,2590.0,21373811.0,1464.0,0.5652509652509653,4121.86,,268.2,3262.87,,,3099.0,,0.6999999999999993,9.0,106.0,7.75,1268.0,1375.0,9599769.0,41.78,99530.0,93178.0,2083.0,510.0,78.0,1062.0,70.0,403.0,399.0,180.0,1551472.0,340062.0,280491.0,1433572.0,5721922.0,170.55,2153.0,3430.0,5260.0,14.48,40.9,,671.79,,3633.0,24857.05,16.2,1260.89,-3.2,0.21,0.78,,144326.0,52525.0,14727014.0,2590.0,1464.0,3627.0,1477.22,5533.16,,4121.86,3262.87,268.2,,0.214,,,2361.0,1266.0,20.70552147239264,18.097014925373145,433.65,157.15,4122.0,,,,3099.0,8.054393305439334,9599769.0,,1.497378117392678,224.55382697979087,1196.5250965250966,,4255.1,,0.18,,336478080.0,5483.89,7116.18,10233.0,1916.0,2.23,19.98,,-10.3,185.4,5122.0,assessed,1.0,1.0,0.5,0.4000000000000003,20.0,0.3468447252675589,9599769.0,1801.0,104626601.0,3087.0,753.0,449.0,753.0,742.0,,,,,,main,,,,,1669.6473898990444,1.2727500711015305,2671.171273634589,0.6342795162809282,0.6999999999999993,1637.0,183.0,1637.0
2021,Xinjiang,新疆,binding,20.2,11.9,22.0,12.5,,,0.0,0.0,7.3,1.7,16311.6,62991.0,2589.0,2359.1,6295.9,7656.6,3610.0,0.3859768508300841,0.4693960126535717,934.0,6845.0,2408.0,1354.0,548.0,196.0,2309.0,1494.0,3460.0,11591510.0,11591510.0,275.63,184.26,3675.91,4684.0,547.75,1418251.0,934.0,1354.0,6845.0,11547.0,2408.0,,,228.0,500.0,,3460.0,2182.0,104844.0,3339.0,1494.0,5129.0,4006.0,2309.0,92.7,98.3,,13.8,,24.3,712.0,-1.8,未完成,未完成,1.0,3460.0,,15.0,5376.91,1618.61,21.73,5057.9,16.2,36.9,-16.3,0.78,541819.0,2589.0,24130000.0,1482.0,0.5724217844727694,4683.55,,,,,,3460.0,,0.6999999999999993,,,,,1633.0,11591510.0,20.75,104844.0,,,,,,,,,,,,,,,156.70000000000002,,,,13.33,41.0,,1936.85,,4082.0,28224.58,15.0,1501.43,36.9,0.24,0.78,,112100.0,44420.0,16732453.0,2589.0,1482.0,3518.0,1618.61,5376.91,,4683.55,,,,0.214,2.0,2.0,2407.0,1338.0,1.9906819144430266,6.951026856240117,547.75,184.26,4684.0,15.62788215200683,2275.654341503947,1377.1300448430493,3460.0,11.64891900613101,11591510.0,33.50147398843931,18.194004651937945,212.1189828097796,1336.423329470838,,5231.3,,14.31,,10050000.0,1969.39,5590.01,356.0,2093.0,20.72,5.22,,9.8,270.0,97800.0,assessed,0.0,0.0,-1.8000000000000007,-0.5999999999999996,22.0,0.3859768508300841,11591510.0,1537.0,166243598.0,4185.0,273.0,157.0,257.0,1295.0,,,,,,main,,,,,1669.6473898990444,1.2727500711015305,2671.171273634589,0.6342795162809282,0.6999999999999993,1002.0,97.0,948.0
2022,Xinjiang,新疆,binding,23.5,12.8,23.8,13.3,-0.3000000000000007,-0.5,0.0,0.0,4.6,2.8,18042.7,69717.0,2587.0,2653.9,7412.3,7976.4,3268.2,0.4108198883759082,0.4420846103964483,957.0,6924.0,2614.0,1578.0,587.68,196.75,2384.0,1413.0,3466.0,12159745.0,12159745.0,341.2,196.75,3667.81,4793.0,587.68,1368749.0,957.0,1578.0,6924.0,12073.0,2614.0,,,43.0,488.0,,3466.0,2228.0,105596.0,3597.0,1413.0,5152.0,3996.0,2384.0,95.4,97.2,13.75,,22.88,,815.0,-0.3,未完成,未完成,1.0,3487.0,,7.6,6835.4,1889.76,22.31,6228.2,-5.9,15.0,101.0,0.87,641190.0,2587.0,36460000.0,1498.0,0.5790490916119057,4793.44,,,,,,3487.0,,0.6999999999999993,,,,,1723.0,12159745.0,4.9,105596.0,,,,,,,,,,,,,,,157.54999999999998,,,,10.2,41.4,,2547.09,,4381.0,30442.72,7.6,1158.86,15.0,0.36,0.87,,215310.0,31620.0,23910000.0,2587.0,1498.0,3282.0,1889.76,6835.4,,,,,,0.214,1.8000000000000007,0.8000000000000007,2613.0,1563.0,8.554817275747517,16.543574593796162,587.68,196.75,4793.0,16.36615898184853,2249.062380405664,1258.7971849008318,3466.0,0.1734104046242857,12159745.0,35.08293421811887,10.612692807572532,192.09985201771352,1339.7758020873598,,17134.2,,5.89,,126450000.0,4250.35,10646.75,1514.0,5633.0,27.75,,,0.5,230.8,39216.0,assessed,0.0,0.0,-0.3000000000000007,-0.5,23.8,0.4108198883759082,12159745.0,1941.0,190300802.0,2603.0,668.0,584.0,640.0,1139.0,,,,,,main,,,,,1669.6473898990444,1.2727500711015305,2671.171273634589,0.6342795162809282,0.6999999999999993,1738.0,903.0,1693.0
2023,Xinjiang,新疆,pre-rps,22.5,13.4,23.5,12.8,-1.0,0.5999999999999996,0.0,1.0,4.200000000000003,3.0999999999999943,19125.9,73774.0,2598.0,2742.2,7710.3,8673.4,3888.5,0.4031339701661098,0.4534897704160326,1004.0,7199.0,3258.0,3007.0,642.59,262.38,2197.0,1235.0,3821.0,12304650.0,12304650.0,,,,,,1655548.0,1004.0,3007.0,7199.0,14468.0,3258.0,,,321.0,2443.0,,3821.0,2698.0,126320.0,3647.0,1235.0,5338.0,3843.0,2197.0,95.8,96.9,,,,,,-1.0,未完成,完成,0.0,3821.0,,12.4,7566.98,2179.69,22.79,6434.7,-0.7,1.5,72.4,0.87,811001.0,2598.0,50680000.0,1539.0,0.5923787528868361,5130.66,,350.26,3866.77,,,3821.0,,0.6999999999999993,,,,,1923.0,12304650.0,1.19,126320.0,,,,,,,,,,,,,,,154.9,,,,8.73,41.4,4.9,,,,,12.4,1238.01,1.5,0.4,0.87,,347010.0,114080.0,23420000.0,2598.0,1539.0,3322.0,2179.69,7566.98,,5130.66,3866.77,350.26,,0.214,-0.3000000000000007,-0.5,3257.0,2990.0,24.63657230298393,90.55766793409379,642.59,262.38,5131.0,17.63730267004483,1972.9505680073687,877.5250836120401,3821.0,10.242354298903633,12304650.0,32.20269562941638,6.003536056133507,199.7814481932876,1470.746728252502,,3963.6,,9.53,,42380000.0,1396.15,5776.44,,2055.0,16.93,59.45,,-8.5,937.8,69009.0,monitor_only,0.0,0.0,-1.0,0.5999999999999996,23.5,0.4031339701661098,12304650.0,3141.0,192291451.0,4693.0,1545.0,889.0,1475.0,1354.0,,,,,,main,,,,,1669.6473898990444,1.2727500711015305,2671.171273634589,0.6342795162809282,0.6999999999999993,4256.0,1754.0,4019.0
2024,Xinjiang,新疆,pre-rps,28.9,19.7,22.6,13.5,6.299999999999997,6.199999999999999,1.0,1.0,6.599999999999994,7.799999999999997,20534.1,78660.0,2623.0,2572.0,8135.9,9826.2,3965.0,0.3962141023955274,0.4785308340760005,1112.0,7708.0,4708.0,5680.0,749.49,450.18,1982.0,1078.0,4233.0,12326700.0,,,,,,,,,,,,,,,,,,,,,,,,,,93.4,92.2,,,,,,6.3,完成,完成,0.0,4233.0,,6.9,7649.11,2408.92,,,,,,,,2623.0,61170000.0,,,5478.02,,382.46,3887.41,,,4233.0,,0.6999999999999993,,,,,,,,,,,,,,,,,,,,,,,,,,,,,,,,,,6.9,1154.86,,,,,369260.0,118830.0,24370000.0,2623.0,,,2408.92,7649.11,,5478.02,3887.41,382.46,,0.214,-0.8999999999999986,0.6999999999999993,4705.0,5661.0,44.50583179864949,88.89258397073496,749.49,450.18,5478.0,21.89978094194962,1592.9649309245483,795.2305246422893,4233.0,10.782517665532577,12326700.0,29.120481927710845,7.362790770630379,206.1449004339124,1613.8009912314144,,,,,,61170000.0,2408.92,7649.11,,,,422.75,,,,,monitor_only,0.0,0.0,6.299999999999997,6.199999999999999,22.6,0.3962141023955274,12326700.0,3145.0,200626936.0,4455.0,2859.0,1863.0,2680.0,1439.0,,,23.6,,,main,,,,,1669.6473898990444,1.2727500711015305,2671.171273634589,0.6342795162809282,0.6999999999999993,8252.0,2840.0,7673.0
2025,Xinjiang,,,,,,,,,,,,,,,,,,,,,,,,,,,,,,,,,,,,,,,,,,,,,,,,,,,,,,,,,,,,,,,,,,,,,,,,,,,,,,,,,,,,,,,,,,,,,,,,,,,,,,,,,,,,,,,,,,,,,,,,,,,,,,,,,,,,,,,,,,,,,,,,,,,,,,,,,,,,,,,,,,,,,,,,,,,,,,,,,,,,,,,,,,,,,,,,,,,,29.7,80.0,24.7,29.7,29.7,out_of_sample_extension,29.7,29.7,21.4,21.4,1669.6473898990444,1.2727500711015305,2671.171273634589,0.6342795162809282,0.6999999999999993,,,
2026,Xinjiang,,,,,,,,,,,,,,,,,,,,,,,,,,,,,,,,,,,,,,,,,,,,,,,,,,,,,,,,,,,,,,,,,,,,,,,,,,,,,,,,,,,,,,,,,,,,,,,,,,,,,,,,,,,,,,,,,,,,,,,,,,,,,,,,,,,,,,,,,,,,,,,,,,,,,,,,,,,,,,,,,,,,,,,,,,,,,,,,,,,,,,,,,,,,,,,,,,,,30.7,80.0,30.7,30.7,30.7,out_of_sample_extension,,30.7,,23.1,1669.6473898990444,1.2727500711015305,2671.171273634589,0.6342795162809282,0.6999999999999993,,,
2015,Yunnan,,pre_rps,85.7,5.1,,,,,-1.0,-1.0,,,,,,,,,,,,,,,,,,,,,,,,,,,,,,,,,,,,,,,,,,,,,,,,,,,,,,,,,,,,,,,,,,,,,,,,,,,,,,,,,,,,,,,,,,,,,,,,,,,,,,,,,,,,,,,,,,,,,,,,,,,,,,,,,,,,,,,,,,,,,,,,,,,,,,,,,,,319.0,3196.0,12833.0,85.3,112803.0,12221418.0,1503.38,3939.5,239.0,1593.0,18.64,0.93,264.0,,277.1,107033.0,,,,,,,,,,,,,,,,,,,,,main,,,,,368.41074843940106,1.2924425162042297,465.3932041250607,1.2366186278886722,1.1000000000000014,,,
2016,Yunnan,,pre_rps,81.3,12.5,,,,,-1.0,-1.0,,,,,,,,,,,,,,,,,,,,,,,,,,,,,,,,,,,,,,,,,,,,,,,,,,,,,,,,,,,,,,,,,,,,,,,,,,,,,,,,,,,,,,,,,,,,,,,,,,,,,,,,,,,,,,,,,,,,,,,,,,,,,,,,,,,,,,,,,,,,,,,,,,,,,,,,,,,262.69,15536.8,23227.0,38.65,402055.0,71213099.0,3153.47,7453.74,832.0,4770.0,26.74,3.3,216.88,,239.4,651538.0,,,,,,,,12963351.0,,,3012.0,1156.0,475.0,838.0,560.0,,,,,,main,,,,,368.41074843940106,1.2924425162042297,465.3932041250607,1.2366186278886722,1.1000000000000014,,,
2017,Yunnan,云南,pre-rps,85.6,14.2,,,,,,,,,18486.0,39458.0,4693.0,2338.4,6317.8,9829.8,8194.8,0.3417613329005734,0.5317429406037001,6281.0,1613.0,825.0,238.0,188.0,28.0,2439.0,1282.0,1538.0,14346022.0,14346022.0,2502.0,28.0,240.0,2958.0,188.0,1200162.0,6281.0,238.0,1613.0,8957.0,825.0,4.64,6.0,,174.0,53.0,1538.0,2396.0,85915.0,4059.0,1282.0,1405.0,3394.0,2439.0,,,,,,,1317.0,,,,,1538.1,688.59,14.5,5712.97,1886.17,24.25,4347.8,,,,0.37,885588.0,4693.0,23451109.0,2172.0,0.4628169614319198,2955.06,222.0,2493.43,239.66,7211.26,520.04,1538.1,688.59,1.1000000000000014,,111.0,4.64,2275.0,2386.0,14346022.0,10.67,85915.0,85227.0,2396.0,490.0,1506.0,174.0,115.0,,53.0,6.0,1143641.0,885731.0,,1172771.0,8768086.0,166.85,2439.0,4059.0,1405.0,26.01,38.9,55.0,782.65,11684.53,4186.0,20241.46,14.5,2786.25,,0.14,0.37,,439028.0,310525.0,11727933.0,4693.0,2172.0,3000.0,1886.17,5712.97,,2955.06,239.66,2493.43,7211.26,0.287,,,363.0,135.0,,,63.0,6.0,135.0,51.11111111111111,1735.5371900826449,444.44444444444446,1385.0,,6268653.0,45.261032490974735,,74.92156226333441,295.12039207330065,192.0,3226.1,14469.0,18.37,,18951195.0,1243.31,4641.08,816.0,2104.0,16.6,40.54,162.0,,930.7,91220.0,assessed,,,,,,0.3417613329005734,14346022.0,,,1359.0,402.0,89.0,402.0,403.0,,,,,,main,,,,,368.41074843940106,1.2924425162042297,465.3932041250607,1.2366186278886722,1.1000000000000014,,,
2018,Yunnan,云南,binding,83.4,15.6,80.0,11.5,,,0.0,0.0,0.0,0.0,20880.6,44446.0,4703.0,2498.7,7267.5,11114.5,9197.3,0.3480503433809374,0.5322883442046685,6649.0,1508.0,857.0,326.0,220.0,34.0,2643.0,1182.0,1679.0,15789781.0,15789781.0,2699.0,34.0,290.0,3244.0,220.0,889584.0,6649.0,326.0,1508.0,9341.0,857.0,5.05,1.0,,393.0,0.4,1679.0,2514.0,91397.0,4241.0,1182.0,1928.0,3600.0,2643.0,,,,12.7,,88.0,1399.74,3.4,完成,完成,1.0,1679.08,,11.6,6075.03,1994.35,25.29,4911.7,10.3,14.3,16.3,0.38,1070172.0,4703.0,29857965.0,2231.0,0.4743780565596427,3240.99,,2698.48,291.89,7402.33,,1679.08,,1.1000000000000014,7.5,133.0,5.05,2495.0,2627.0,15789781.0,10.06,91397.0,90719.0,2514.0,493.0,1666.0,393.0,392.0,,0.4,1.0,827287.0,784609.0,,793838.0,8645696.0,171.39999999999998,2643.0,4241.0,1928.0,24.74,39.8,55.0,925.2,13227.4,4260.0,20562.1,11.6,3247.23,14.3,0.14,0.38,,586654.0,328537.0,16648750.0,4703.0,2231.0,3021.0,1994.35,6075.03,,3240.99,291.89,2698.48,7402.33,0.287,,,386.0,178.0,3.8787878787878816,36.97478991596639,68.0,16.0,178.0,47.19101123595505,1761.658031088083,898.876404494382,1482.0,9.167750325097535,6349901.0,42.846835357624826,12.95358649789029,70.97497198356369,315.11800978099086,,3758.5,21790.0,27.51,,19999747.0,1531.42,5012.45,,1361.0,18.9,321.85,,-16.3,2225.5,148555.0,assessed,,,,,,0.3480503433809374,15789781.0,,,1671.0,128.0,2.0,120.0,484.0,,,,,,main,,,,,368.41074843940106,1.2924425162042297,465.3932041250607,1.2366186278886722,1.1000000000000014,,,
2019,Yunnan,云南,binding,82.9,16.3,80.0,11.5,,,0.0,0.0,0.2,0.0,23223.8,49323.0,4714.0,3037.7,8060.4,12125.7,10260.9,0.3470749834221789,0.5221238556997563,6873.0,1509.0,863.0,375.0,242.0,48.0,2808.0,1350.0,1812.0,16638387.0,16638387.0,2854.0,48.0,318.0,3462.0,242.0,1208658.0,6873.0,375.0,1509.0,9620.0,863.0,4.2,33.0,,133.0,7.0,1812.0,2500.0,91813.0,4184.0,1350.0,2108.0,3620.0,2808.0,,,,12.7,,88.0,1503.0,2.9,完成,完成,1.0,1812.0,,8.5,6770.09,2073.56,26.24,5400.5,5.5,11.9,11.0,0.41,1297741.0,4714.0,33692437.0,2294.0,0.4866355536699194,3465.63,,2855.85,316.31,7532.73,,1812.0,,1.1000000000000014,13.5,122.0,4.2,2780.0,2902.0,16638387.0,5.37,91813.0,91072.0,2500.0,495.0,1729.0,133.0,92.0,,7.0,33.0,2562721.0,2386250.0,74197.0,2677215.0,12810885.0,164.05,2808.0,4184.0,2108.0,23.58,39.7,,950.8,,4366.0,21439.45,8.5,4151.41,11.9,0.15,0.41,,790614.0,343007.0,18963512.0,4714.0,2294.0,3133.0,2073.56,6770.09,,3465.63,316.31,2855.85,7532.73,0.287,,,457.0,510.0,0.7001166861143604,15.030674846625768,78.0,20.0,510.0,19.215686274509807,1706.7833698030634,392.15686274509807,1541.0,7.921381774865988,7177452.0,46.5765866320571,11.221899753838493,66.35434338910945,326.89859991514635,,13165.9,7713.0,18.82,,98400662.0,4070.83,10348.17,1460.0,4623.0,33.71,441.35,,1.8,302.0,123260.0,assessed,,,,,,0.3470749834221789,16638387.0,,,1220.0,247.0,42.0,171.0,318.0,,,,,,main,,,,,368.41074843940106,1.2924425162042297,465.3932041250607,1.2366186278886722,1.1000000000000014,,,
2020,Yunnan,云南,binding,80.6,15.1,80.0,15.0,,,0.0,0.0,0.6,0.5,24555.7,52047.0,4722.0,3611.8,8387.5,12556.5,9997.8,0.3415703889524631,0.5113476708055563,7480.0,1517.0,881.0,388.0,250.0,50.0,2857.0,1332.0,2025.0,16643040.0,16643040.0,2960.0,50.0,415.0,3674.0,250.0,1141576.0,7480.0,388.0,1517.0,10266.0,881.0,4.31,2.0,5.0,373.0,26.0,2025.0,2601.0,94441.0,4221.0,1332.0,2721.0,3754.0,2857.0,,,,16.5,,89.0,1634.0,0.6,完成,完成,1.0,2025.0,,7.7,6974.02,2116.69,29.25,5579.4,7.4,5.9,6.7,0.42,1451454.0,4722.0,39128383.0,2363.0,0.5004235493434985,3674.44,,2959.99,414.58,,,2025.0,,1.1000000000000014,20.5,130.0,4.31,2885.0,3015.0,16643040.0,0.03,94441.0,93482.0,2601.0,550.0,1821.0,373.0,340.0,5.0,26.0,2.0,2914095.0,2776455.0,9149.0,2625926.0,11775648.0,171.5,2857.0,4221.0,2721.0,17.66,40.5,,1115.02,,4401.0,24673.74,7.7,4505.19,5.9,0.16,0.42,,739304.0,330994.0,17314811.0,4722.0,2363.0,3138.0,2116.69,6974.02,,3674.44,414.58,2959.99,,0.287,,,881.0,350.0,2.085747392815751,3.4666666666666623,249.86,50.01,3674.0,,,,2025.0,11.754966887417218,16643040.0,,5.735064890328023,82.46557825677948,428.84371029224906,,22986.5,,19.33,,320210390.0,6559.93,11233.52,9926.0,6409.0,28.68,5.77,,20.1,219.5,519487.0,assessed,1.0,1.0,0.5999999999999943,0.0999999999999996,80.0,0.3415703889524631,16643040.0,,,2480.0,164.0,23.0,151.0,667.0,,,,,,main,,,,,368.41074843940106,1.2924425162042297,465.3932041250607,1.2366186278886722,1.1000000000000014,1498.0,5.0,1496.0
2021,Yunnan,云南,binding,77.5,15.0,75.0,15.0,,,0.0,0.0,0.1,0.2,27161.6,57717.0,4690.0,3831.3,9537.2,13793.1,11063.5,0.3511280631479737,0.5078161816682375,7823.0,1529.0,886.0,397.0,232.0,51.0,2617.0,1353.0,2139.0,16402367.0,16402367.0,3028.16,51.14,455.46,3770.0,235.48,1286850.0,7823.0,397.0,1529.0,10635.0,886.0,,,11.0,549.0,,2139.0,2622.0,97210.0,3876.0,1353.0,2998.0,3556.0,2617.0,99.9,99.8,,16.5,,83.0,1657.0,2.5,完成,完成,1.0,2139.0,,4.0,6634.36,2278.29,30.09,6555.8,7.5,0.4,7.3,0.47,1764956.0,4690.0,45800000.0,2394.0,0.5104477611940299,3770.23,,,,,,2139.0,,1.1000000000000014,,,,,2991.0,16402367.0,-1.45,97210.0,,,,,,,,,,,,,,,166.85000000000002,,,,17.31,42.5,,1357.21,,4569.0,25253.16,4.0,4309.93,0.4,0.17,0.47,,624490.0,366030.0,21830106.0,4690.0,2394.0,3099.0,2278.29,6634.36,,3770.23,,,,0.287,-5.0,0.0,886.0,350.0,0.567536889897835,2.319587628865971,235.48,51.14,3770.0,7.602652519893899,2657.787810383747,1461.142857142857,2139.0,5.629629629629629,16402367.0,76.68240766713417,10.61220001873291,78.75088360037701,456.0767590618337,,3839.5,,6.23,,23240000.0,1143.98,3696.84,642.0,1505.0,10.87,21.38,,32.8,461.7,39423.0,assessed,1.0,1.0,2.5,0.0,75.0,0.3511280631479737,16402367.0,,,1902.0,313.0,274.0,309.0,918.0,,,,,,main,,,,,368.41074843940106,1.2924425162042297,465.3932041250607,1.2366186278886722,1.1000000000000014,1723.0,240.0,1383.0
2022,Yunnan,云南,binding,81.7,12.1,73.1,15.0,8.600000000000009,-2.9000000000000004,1.0,0.0,0.1,0.5,28556.1,60868.0,4693.0,4001.9,10120.3,14433.9,11277.9,0.3544006359411824,0.5054576780442708,8146.0,1534.0,912.0,585.0,213.81,55.4,2395.0,1245.0,2390.0,18205775.0,18205775.0,3282.91,55.4,464.53,4017.0,213.81,1140250.0,8146.0,585.0,1534.0,11177.0,912.0,,,8.0,870.0,,2390.0,2694.0,99060.0,4220.0,1245.0,2988.0,3768.0,2395.0,99.9,99.5,16.25,,70.0,,1953.0,8.6,完成,未完成,1.0,2390.0,,7.5,6699.79,1949.46,31.61,6959.0,-1.6,40.3,76.4,0.5,1986681.0,4693.0,47230000.0,2427.0,0.5171532069038994,4016.65,,,,,,2390.0,,1.1000000000000014,,,,,3078.0,18205775.0,-1.94,99060.0,,,,,,,,,,,,,,,164.05,,,,18.46,43.1,,1361.96,,4895.0,27290.8,7.5,3152.02,40.3,0.18,0.5,,878550.0,558190.0,26150000.0,4693.0,2427.0,3290.0,1949.46,6699.79,,,,,,0.287,-1.9000000000000057,0.0,912.0,525.0,2.934537246049662,47.35516372795969,213.81,55.4,4017.0,6.701767488175254,2344.407894736842,1055.2380952380952,2390.0,11.734455352968688,18205775.0,76.17479079497909,5.134086357210177,83.69490231509205,509.269124227573,,2084.0,,5.48,,3220000.0,460.15,1587.85,109.0,483.0,3.83,,,17.1,912.6,41201.0,assessed,1.0,0.0,8.600000000000009,-2.9000000000000004,73.1,0.3544006359411824,18205775.0,,,1845.0,946.0,536.0,854.0,1043.0,,,,,,main,,,,,368.41074843940106,1.2924425162042297,465.3932041250607,1.2366186278886722,1.1000000000000014,2663.0,1211.0,2268.0
2023,Yunnan,云南,binding,75.1,17.8,70.0,17.0,5.099999999999994,0.8000000000000007,1.0,1.0,0.0,0.5999999999999943,30021.1,64107.0,4673.0,4206.6,10256.3,15558.2,12141.6,0.3416363824110375,0.5182421696739961,8220.0,1433.0,1531.0,2072.0,288.21,137.22,2352.0,1206.0,2512.0,18191482.0,18191482.0,,,,,,1450863.0,8220.0,2072.0,1433.0,13256.0,1531.0,,,2.0,2172.0,,2512.0,2750.0,99471.0,3838.0,1206.0,4317.0,3501.0,2352.0,100.0,99.4,,,,,,5.1,完成,完成,1.0,2513.0,,-10.6,6730.08,2149.44,32.93,7202.8,-21.5,11.8,33.1,0.52,2101472.0,4673.0,36770000.0,2473.0,0.5292103573721378,4151.01,,3078.76,646.82,,,2513.0,,1.1000000000000014,,,,,3194.0,18191482.0,0.14,99471.0,,,,,,,,,,,,,,,166.55,,,,18.73,43.7,55.0,,,,,-10.6,1718.5,11.8,0.18,0.52,,650850.0,399340.0,23720000.0,4673.0,2473.0,3341.0,2149.44,6730.08,,4151.01,646.82,3078.76,,0.287,-3.0999999999999943,2.0,1530.0,1935.0,67.87280701754386,254.18803418803418,288.21,137.22,4151.0,10.248855697422307,1883.7254901960785,709.1472868217054,2512.0,5.104602510460254,18240373.0,72.61294984076433,5.130252380402078,83.67448228079584,537.5561737641772,,8333.4,,3.58,,101430000.0,2440.77,5304.56,,2287.0,18.66,95.56,,16.7,221.1,77503.0,assessed,1.0,1.0,5.099999999999994,0.8000000000000007,70.0,0.3416363824110375,18191482.0,,,3045.0,1130.0,275.0,1029.0,1939.0,,,,,,main,,,,,368.41074843940106,1.2924425162042297,465.3932041250607,1.2366186278886722,1.1000000000000014,3847.0,1389.0,3723.0
2024,Yunnan,云南,binding,79.1,27.3,70.0,18.1,9.099999999999994,9.2,1.0,1.0,0.9000000000000057,3.299999999999997,31534.1,67612.0,4655.0,4192.9,10330.0,17011.1,12490.8,0.3275818875439603,0.53945094358171,8319.0,1469.0,1671.0,3723.0,385.47,351.3,2419.0,1247.0,2792.0,21013366.0,,,,,,,,,,,,,,,,,,,,,,,,,,99.1,96.7,19.2,,70.0,,,9.1,完成,完成,1.0,2788.0,,-7.7,6863.09,2193.23,,,,,,,,4655.0,34970000.0,,,4646.34,,3304.33,605.24,,,2788.0,,1.1000000000000014,,,,,,,,,,,,,,,,,,,,,,,,,,,,,,,,,,-7.7,1228.59,,,,,746880.0,407180.0,22610000.0,4655.0,,,2193.23,6863.09,,4646.34,605.24,3304.33,,0.287,0.0,1.1000000000000014,1671.0,3432.0,9.144350097975185,79.68146718146718,385.47,351.3,4646.0,15.858157554885924,2306.8222621184923,1023.6013986013986,2792.0,11.146496815286632,21013366.0,75.26277220630374,5.039788681960356,88.53907357432114,599.7851772287862,,,,,,66160000.0,3066.56,7696.52,,,,0.09,,,,,assessed,1.0,1.0,9.099999999999994,9.2,70.0,0.3275818875439603,21013366.0,,,1446.0,1009.0,99.0,347.0,556.0,,,70.0,,,main,,,,,368.41074843940106,1.2924425162042297,465.3932041250607,1.2366186278886722,1.1000000000000014,3316.0,808.0,2906.0
2025,Yunnan,,,,,,,,,,,,,,,,,,,,,,,,,,,,,,,,,,,,,,,,,,,,,,,,,,,,,,,,,,,,,,,,,,,,,,,,,,,,,,,,,,,,,,,,,,,,,,,,,,,,,,,,,,,,,,,,,,,,,,,,,,,,,,,,,,,,,,,,,,,,,,,,,,,,,,,,,,,,,,,,,,,,,,,,,,,,,,,,,,,,,,,,,,,,,,,,,,,,70.0,80.0,70.0,70.0,70.0,out_of_sample_extension,70.0,70.0,28.7,28.7,368.41074843940106,1.2924425162042297,465.3932041250607,1.2366186278886722,1.1000000000000014,,,
2026,Yunnan,,,,,,,,,,,,,,,,,,,,,,,,,,,,,,,,,,,,,,,,,,,,,,,,,,,,,,,,,,,,,,,,,,,,,,,,,,,,,,,,,,,,,,,,,,,,,,,,,,,,,,,,,,,,,,,,,,,,,,,,,,,,,,,,,,,,,,,,,,,,,,,,,,,,,,,,,,,,,,,,,,,,,,,,,,,,,,,,,,,,,,,,,,,,,,,,,,,,70.0,80.0,70.0,70.0,70.0,out_of_sample_extension,,70.0,,30.0,368.41074843940106,1.2924425162042297,465.3932041250607,1.2366186278886722,1.1000000000000014,,,
2015,Zhejiang,,pre_rps,18.5,2.4,,,,,-1.0,-1.0,,,,,,,,,,,,,,,,,,,,,,,,,,,,,,,,,,,,,,,,,,,,,,,,,,,,,,,,,,,,,,,,,,,,,,,,,,,,,,,,,,,,,,,,,,,,,,,,,,,,,,,,,,,,,,,,,,,,,,,,,,,,,,,,,,,,,,,,,,,,,,,,,,,,,,,,,,,766.0,4121.2,36500.0,123.09,110861.0,12731151.0,1964.48,4252.96,291.0,1515.0,17.54,9.24,587.0,,740.9,438935.0,,,,,,,,,,,,,,,,,,,,,main,,,,,492.4165865070121,1.389428263407137,168.3537841960489,0.9822026416790526,1.3000000000000007,,,
2016,Zhejiang,,pre_rps,19.9,3.6,,,,,-1.0,-1.0,,,,,,,,,,,,,,,,,,,,,,,,,,,,,,,,,,,,,,,,,,,,,,,,,,,,,,,,,,,,,,,,,,,,,,,,,,,,,,,,,,,,,,,,,,,,,,,,,,,,,,,,,,,,,,,,,,,,,,,,,,,,,,,,,,,,,,,,,,,,,,,,,,,,,,,,,,,256.42,1995.5,6378.0,15.67,66325.0,6832980.0,786.97,3150.03,143.0,1161.0,14.3,0.06,214.22,,454.5,109742.0,,,,,,,,1087436.0,1323.0,454456288.0,3428.0,161.0,114.0,161.0,1813.0,,,,,,main,,,,,492.4165865070121,1.389428263407137,168.3537841960489,0.9822026416790526,1.3000000000000007,,,
2017,Zhejiang,浙江,pre-rps,19.3,4.2,,,,,,,,,52403.1,85612.0,6170.0,1933.9,23246.7,27222.5,23121.3,0.443613068692501,0.5194826260278496,1160.0,6134.0,133.0,814.0,25.0,56.0,2007.0,1044.0,4193.0,1604826.0,1604826.0,212.0,56.0,2544.0,3348.0,25.0,2521274.0,1160.0,814.0,6134.0,8899.0,133.0,4.13,639.0,106.0,773.0,15.0,4193.0,3173.0,63924.0,1790.0,1044.0,4165.0,4050.0,2007.0,,,,,,,809.0,,,,,4192.63,1030.11,5.6,7530.32,5804.38,12.01,20038.7,,,,0.26,10301447.0,6170.0,377907471.0,4252.0,0.6891410048622366,3312.33,403.0,198.73,2554.51,14262.04,947.31,4192.63,1030.11,1.3000000000000007,,155.0,4.13,3611.0,3766.0,1604826.0,47.58,63924.0,46307.0,3173.0,922.0,1079.0,773.0,12.0,106.0,15.0,639.0,1265566.0,203314.0,126723.0,1426469.0,6631933.0,147.3,2007.0,1790.0,4165.0,11.18,40.4,59.4,4605.41,65760.08,39949.0,71263.09,5.6,8226.78,,0.68,0.26,3518.0,80854880.0,50674056.0,91575657.0,6170.0,4252.0,2109.0,5804.38,7530.32,,3312.33,2554.51,198.73,14262.04,0.151,,,656.0,907.0,,,120.0,81.0,907.0,22.160970231532527,1829.2682926829268,893.0540242557884,5808.0,,1307474.0,2.251160468319559,,110.833137734218,941.3290113452188,187.0,4680.1,6613.0,10.52,,57878659.0,1615.13,4908.55,1037.0,2482.0,12.33,0.21,178.0,,586.0,75847.0,assessed,,,,,,0.443613068692501,1604826.0,1542.0,508243567.0,2950.0,174.0,43.0,170.0,2442.0,,,,,,main,,,,,492.4165865070121,1.389428263407137,168.3537841960489,0.9822026416790526,1.3000000000000007,,,
2018,Zhejiang,浙江,binding,17.8,5.3,18.0,5.0,,,0.0,0.0,0.0,0.0,58002.8,93230.0,6273.0,1975.9,25308.1,30718.8,25161.9,0.4363254877350748,0.5296089154316688,1161.0,6209.0,148.0,1138.0,31.0,100.0,2173.0,1085.0,4533.0,2065036.0,2065036.0,192.0,100.0,2598.0,3508.0,31.0,3194514.0,1161.0,1138.0,6209.0,9565.0,148.0,3.92,412.0,163.0,859.0,26.0,4533.0,3259.0,65985.0,1546.0,1085.0,4201.0,4055.0,2173.0,,,,5.5,,19.8,826.98,-0.2,未完成,完成,1.0,4532.82,,7.1,8629.53,6598.21,12.07,21621.2,14.4,4.9,-24.5,0.28,11473921.0,6273.0,432360099.0,4392.0,0.7001434720229556,3438.44,,180.04,2595.26,14180.08,,4532.82,,1.3000000000000007,420.0,159.0,3.92,3903.0,4062.0,2065036.0,28.68,65985.0,46823.0,3259.0,938.0,1117.0,859.0,7.0,163.0,26.0,412.0,1195878.0,207109.0,172376.0,1293649.0,7217930.0,296.1,2173.0,1546.0,4201.0,8.69,41.2,59.4,4452.1,68653.8,40586.0,77666.7,7.1,9944.93,4.9,0.7,0.28,,86987989.0,53211231.0,113513597.0,6273.0,4392.0,2137.0,6598.21,8629.53,,3438.44,2595.26,180.04,14180.08,0.151,,,865.0,1332.0,11.2781954887218,39.80343980343981,173.0,120.0,1332.0,21.996996996997,2000.0,900.9009009009008,6128.0,8.108752683043164,1416915.0,2.3121981070496083,10.685818205411524,105.65007206548648,976.8850629682768,,10639.8,16673.0,16.27,,62840317.0,3048.67,6572.15,,3381.0,20.88,2.25,,-19.4,454.4,199045.0,assessed,,,,,,0.4363254877350748,2065036.0,1760.0,562384776.0,3330.0,177.0,20.0,141.0,2572.0,,,,,,main,,,,,492.4165865070121,1.389428263407137,168.3537841960489,0.9822026416790526,1.3000000000000007,,,
2019,Zhejiang,浙江,binding,20.0,6.7,17.5,6.5,,,0.0,0.0,0.0,0.0,62462.0,98770.0,6375.0,2086.7,26299.5,34075.8,27948.8,0.4210479971822868,0.5455444910505588,1170.0,6212.0,160.0,1339.0,33.0,119.0,2090.0,1104.0,4706.0,2112465.0,2112465.0,257.0,119.0,2507.0,3544.0,33.0,2901515.0,1170.0,1339.0,6212.0,9789.0,160.0,3.79,205.0,48.0,297.0,15.0,4706.0,3325.0,69153.0,2032.0,1104.0,4075.0,3973.0,2090.0,,,,7.2,,19.3,946.0,2.5,完成,完成,1.0,4706.0,,10.0,10053.03,7048.58,12.18,22520.9,10.2,12.9,-10.4,0.28,12742260.0,6375.0,447224509.0,4563.0,0.715764705882353,3537.65,,256.58,2500.95,13676.9,,4706.0,,1.3000000000000007,500.0,160.0,3.79,4074.0,4235.0,2112465.0,2.3,69153.0,46578.0,3325.0,962.0,1178.0,297.0,30.0,48.0,15.0,205.0,986151.0,238472.0,273451.0,1010884.0,2646233.0,148.65,2090.0,2032.0,4075.0,7.78,41.5,,5003.04,,45695.0,85415.16,10.0,10682.97,12.9,0.74,0.28,,82566463.0,50445571.0,112129869.0,6375.0,4563.0,2064.0,7048.58,10053.03,,3537.65,2500.95,256.58,13676.9,0.151,,,1041.0,1486.0,8.108108108108114,17.66256590509665,184.0,154.0,1486.0,22.74562584118439,1767.5312199807877,1036.3391655450876,6264.0,3.8164570924332564,1761892.0,2.812726692209451,7.687904721840999,100.28497326374436,982.5882352941176,,6582.7,51332.0,22.86,,20981625.0,2347.75,4710.76,416.0,2143.0,14.43,64.62,,4.1,204.1,426034.0,assessed,,,,,,0.4210479971822868,2112465.0,2354.0,584176898.0,2195.0,349.0,104.0,298.0,2364.0,,,,,,main,,,,,492.4165865070121,1.389428263407137,168.3537841960489,0.9822026416790526,1.3000000000000007,,,
2020,Zhejiang,浙江,binding,19.6,7.5,17.5,7.5,,,0.0,0.0,0.0,0.0,64689.1,100738.0,6468.0,2166.3,26361.5,36161.3,27837.7,0.4075106934553116,0.5590014391914558,1171.0,6358.0,186.0,1517.0,36.0,131.0,2131.0,998.0,4830.0,1476985.0,1476985.0,209.0,131.0,2432.0,3521.0,36.0,2524114.0,1171.0,1517.0,6358.0,10142.0,186.0,3.72,178.0,212.0,421.0,27.0,4830.0,3415.0,73225.0,1745.0,998.0,3888.0,3887.0,2131.0,,,,8.3,,19.6,946.0,2.1,完成,完成,1.0,4830.0,,5.4,10082.01,7248.24,12.31,22627.8,2.8,3.4,28.2,0.32,13958988.0,6468.0,488542806.0,4668.0,0.7217068645640075,3531.31,,209.09,2442.63,,,4830.0,,1.3000000000000007,577.5,162.0,3.72,4186.0,4348.0,1476985.0,-30.08,73225.0,48366.0,3415.0,990.0,1290.0,421.0,3.0,212.0,27.0,178.0,2267630.0,372384.0,284191.0,2390210.0,4281324.0,147.75,2131.0,1745.0,3888.0,5.15,42.2,,5807.04,,47956.0,95819.43,5.4,11413.66,3.4,0.78,0.32,,78444074.0,48668565.0,113268629.0,6468.0,4668.0,2105.0,7248.24,10082.01,,3531.31,2442.63,209.09,,0.151,,,185.0,462.0,16.250000000000007,13.293502613890972,36.43,131.01,3531.0,,,,4830.0,2.6349341266468373,1476985.0,,3.565527840927274,74.66481988464827,746.7532467532468,,8740.2,,9.37,,54595811.0,2257.31,5930.32,1087.0,2478.0,18.07,527.38,,22.1,229.4,194957.0,assessed,1.0,1.0,2.1000000000000014,0.0,17.5,0.4075106934553116,1476985.0,3060.0,554122961.0,2908.0,385.0,107.0,292.0,2697.0,,,,,,main,,,,,492.4165865070121,1.389428263407137,168.3537841960489,0.9822026416790526,1.3000000000000007,1593.0,350.0,1439.0
2021,Zhejiang,浙江,binding,18.9,8.6,18.5,8.5,,,0.0,0.0,0.0,0.0,74040.8,113839.0,6540.0,2211.7,31174.0,40655.1,31200.7,0.4210381303281434,0.5490905014532528,1278.0,6462.0,364.0,1842.0,49.0,155.0,2111.0,1069.0,5514.0,1696737.0,1696737.0,237.68,154.57,3048.54,4222.0,48.96,3072560.0,1278.0,1842.0,6462.0,10857.0,364.0,,,158.0,792.0,,5514.0,3553.0,73353.0,1770.0,1069.0,4761.0,4483.0,2111.0,100.0,100.0,,9.4,,20.5,1042.0,0.4,完成,完成,1.0,5514.0,,10.8,11014.59,8262.64,12.39,26996.0,1.3,19.8,7.3,0.33,15916604.0,6540.0,640730000.0,4752.0,0.726605504587156,4222.5,,,,,,5514.0,,1.3000000000000007,,,,,4983.0,1696737.0,14.88,73353.0,,,,,,,,,,,,,,,145.45,,,,4.33,41.5,,7019.41,,53730.0,112543.41,10.8,12389.11,19.8,0.81,0.33,,102516920.0,63079020.0,159908902.0,6540.0,4752.0,2322.0,8262.64,11014.59,,4222.5,,,,0.151,1.0,1.0,364.0,587.0,95.6989247311828,21.42386288727751,48.96,154.57,4222.0,4.820701089531028,1345.0549450549452,2633.2197614991483,5514.0,14.161490683229804,1696737.0,3.077143634385201,14.45637673116491,74.47245302589923,843.1192660550458,,45510.3,,9.79,,1276590000.0,14105.04,18247.01,20612.0,9466.0,22.3,132.48,,19.7,321.6,380607.0,assessed,1.0,1.0,0.3999999999999986,0.0999999999999996,18.5,0.4210381303281434,1696737.0,3096.0,598403586.0,2307.0,464.0,58.0,455.0,2026.0,,,,,,main,,,,,492.4165865070121,1.389428263407137,168.3537841960489,0.9822026416790526,1.3000000000000007,2129.0,195.0,2123.0
2022,Zhejiang,浙江,binding,19.9,10.5,19.5,9.8,0.3999999999999986,0.6999999999999993,1.0,1.0,0.0,0.0,78060.6,119022.0,6577.0,2185.2,32973.8,42901.6,33236.8,0.4224128433550344,0.549593520931174,1384.0,6534.0,423.0,2539.0,94.78,215.68,2399.0,1255.0,5799.0,1653385.0,1653385.0,246.44,215.68,3062.44,4350.0,94.78,4496991.0,1384.0,2539.0,6534.0,11797.0,423.0,,,106.0,995.0,,5799.0,3617.0,75612.0,1742.0,1255.0,4720.0,4384.0,2399.0,100.0,100.0,9.75,,19.46,,1154.0,0.4,完成,完成,1.0,5799.0,,9.1,12017.78,8039.85,12.29,28649.9,4.4,17.0,29.7,0.37,17680564.0,6577.0,703300000.0,4826.0,0.7337691956819219,4349.86,,,,,,5799.0,,1.3000000000000007,,,,,5198.0,1653385.0,-2.56,75612.0,,,,,,,,,,,,,,,147.25,,,,4.06,42.1,,5994.09,,56229.0,128298.51,9.1,12939.52,17.0,0.85,0.37,,100732500.0,63332570.0,185220000.0,6577.0,4826.0,2344.0,8039.85,12017.78,,,,,,0.151,1.0,1.3000000000000007,423.0,631.0,16.20879120879122,37.839305103148746,94.78,215.68,4350.0,7.137011494252874,2240.6619385342788,3418.0665610142632,5799.0,5.168661588683343,1653385.0,2.851155371615796,5.429168782617166,74.28843744475445,881.7089858598146,,28649.9,,4.06,,703300000.0,8039.85,12017.78,18766.0,4826.0,12.29,,,29.7,255.9,277471.0,assessed,1.0,1.0,0.3999999999999986,0.6999999999999993,19.5,0.4224128433550344,1653385.0,3432.0,595571081.0,2452.0,448.0,332.0,445.0,1647.0,,,,,,main,,,,,492.4165865070121,1.389428263407137,168.3537841960489,0.9822026416790526,1.3000000000000007,2778.0,600.0,2664.0
2023,Zhejiang,浙江,binding,22.1,11.3,21.6,11.0,,,0.0,0.0,0.0,0.0,82553.2,125043.0,6627.0,2332.0,33952.7,46268.6,36267.9,0.4112826637852924,0.5604700968587529,1388.0,6794.0,584.0,3357.0,110.27,296.19,2331.0,1152.0,6192.0,1639141.0,1639141.0,,,,,,2999107.0,1388.0,3357.0,6794.0,13040.0,584.0,,,266.0,1255.0,,6192.0,3821.0,77790.0,1476.0,1152.0,4774.0,4359.0,2331.0,100.0,100.0,,,,,,0.5,完成,完成,1.0,6192.0,,6.1,12353.09,8600.51,12.14,29412.1,1.6,14.1,16.4,0.39,18275760.0,6627.0,696770000.0,4919.0,0.7422664855892561,4580.7,,210.33,3201.69,,,6192.0,,1.3000000000000007,,,,,5516.0,1639141.0,-0.86,77790.0,,,,,,,,,,,,,,,147.60000000000002,,,,3.82,43.7,59.4,,,,,6.1,13319.18,14.1,0.93,0.39,,88976210.0,55739950.0,176150000.0,6627.0,4919.0,2371.0,8600.51,12353.09,,4580.7,3201.69,210.33,,0.151,2.1000000000000014,1.1999999999999993,583.0,686.0,38.061465721040186,32.21740842851517,110.27,296.19,4581.0,8.872735210652696,1891.4236706689533,4317.638483965015,6192.0,6.777030522503891,1639142.0,2.64719315245478,5.755272185968319,75.00617783441466,934.3594386600272,,13968.7,,14.25,,82790000.0,4286.6,9606.21,,4641.0,21.11,5.88,,-2.4,251.8,228001.0,assessed,1.0,1.0,0.5,0.3000000000000007,21.6,0.4112826637852924,1639141.0,3972.0,624671008.0,4742.0,516.0,255.0,460.0,1425.0,,,,,,main,,,,,492.4165865070121,1.389428263407137,168.3537841960489,0.9822026416790526,1.3000000000000007,4126.0,1005.0,3929.0
2024,Zhejiang,浙江,binding,25.2,13.2,23.7,12.3,1.5,0.8999999999999986,1.0,1.0,0.0,0.0,90130.6,135565.0,6670.0,2586.4,34782.7,52761.4,37707.7,0.3859144397130385,0.5853883142905961,1498.0,7165.0,649.0,4727.0,161.0,398.18,2584.0,1079.0,6780.0,1761266.0,,,,,,,,,,,,,,,,,,,,,,,,,,100.0,100.0,12.7,,22.6,,,1.5,完成,完成,1.0,6780.0,,0.4,12564.61,8705.61,,,,,,,,6670.0,739860000.0,,,4983.55,,263.31,3405.69,,,6780.0,,1.3000000000000007,,,,,,,,,,,,,,,,,,,,,,,,,,,,,,,,,,0.4,11982.67,,,,,92878340.0,59378940.0,178700000.0,6670.0,,,8705.61,12564.61,,4983.55,3405.69,263.31,,0.151,2.099999999999998,1.3000000000000007,648.0,983.0,11.130136986301364,40.81024724456359,161.0,398.18,4984.0,11.219502407704656,2484.567901234568,4050.6612410986777,6780.0,9.496124031007746,1761266.0,2.5977374631268435,9.178808332081624,75.22417469760546,1016.4917541229386,,,,,,1780000.0,277.2,2919.55,,,,,,,,,assessed,1.0,1.0,1.5,0.8999999999999986,23.7,0.3859144397130385,1761266.0,3917.0,662295710.0,3496.0,237.0,84.0,179.0,1912.0,,,24.7,,,main,,,,,492.4165865070121,1.389428263407137,168.3537841960489,0.9822026416790526,1.3000000000000007,5391.0,1039.0,4739.0
2025,Zhejiang,,,,,,,,,,,,,,,,,,,,,,,,,,,,,,,,,,,,,,,,,,,,,,,,,,,,,,,,,,,,,,,,,,,,,,,,,,,,,,,,,,,,,,,,,,,,,,,,,,,,,,,,,,,,,,,,,,,,,,,,,,,,,,,,,,,,,,,,,,,,,,,,,,,,,,,,,,,,,,,,,,,,,,,,,,,,,,,,,,,,,,,,,,,,,,,,,,,,26.1,80.0,25.8,26.1,26.1,out_of_sample_extension,26.1,26.1,15.1,15.1,492.4165865070121,1.389428263407137,168.3537841960489,0.9822026416790526,1.3000000000000007,,,
2026,Zhejiang,,,,,,,,,,,,,,,,,,,,,,,,,,,,,,,,,,,,,,,,,,,,,,,,,,,,,,,,,,,,,,,,,,,,,,,,,,,,,,,,,,,,,,,,,,,,,,,,,,,,,,,,,,,,,,,,,,,,,,,,,,,,,,,,,,,,,,,,,,,,,,,,,,,,,,,,,,,,,,,,,,,,,,,,,,,,,,,,,,,,,,,,,,,,,,,,,,,,28.1,80.0,28.1,28.1,28.1,out_of_sample_extension,,27.1,,16.8,492.4165865070121,1.389428263407137,168.3537841960489,0.9822026416790526,1.3000000000000007,,,
